
--  estructura de base de datos para rumbabar
CREATE DATABASE IF NOT EXISTS `rumbabar` /*!40100 DEFAULT CHARACTER SET utf8mb4 COLLATE utf8mb4_unicode_ci */;
USE `rumbabar`;

--  estructura para tabla rumbabar.auditoria_clientes
CREATE TABLE IF NOT EXISTS `auditoria_clientes` (
  `audi_clientes_id` bigint(20) unsigned NOT NULL AUTO_INCREMENT,
  `audi_ClienteId` bigint(20) unsigned NOT NULL,
  `audi_nuevo_ClienteNombre` varchar(255) COLLATE utf8mb4_unicode_ci NOT NULL,
  `audi_nuevo_ClienteDocumento` varchar(255) COLLATE utf8mb4_unicode_ci NOT NULL,
  `audi_anterior_ClienteNombre` varchar(255) COLLATE utf8mb4_unicode_ci NOT NULL,
  `audi_anterior_ClienteDocumento` varchar(255) COLLATE utf8mb4_unicode_ci NOT NULL,
  `created_at` timestamp NULL DEFAULT NULL,
  `updated_at` timestamp NULL DEFAULT NULL,
  PRIMARY KEY (`audi_clientes_id`)
) ENGINE=InnoDB DEFAULT CHARSET=utf8mb4 COLLATE=utf8mb4_unicode_ci;

--  datos para la tabla rumbabar.auditoria_clientes: ~0 rows (aproximadamente)
DELETE FROM `auditoria_clientes`;

--  estructura para tabla rumbabar.auditoria_compra_producto
CREATE TABLE IF NOT EXISTS `auditoria_compra_producto` (
  `audi_compra_producto_id` bigint(20) unsigned NOT NULL AUTO_INCREMENT,
  `audi_nuevo_compraCantidad` smallint(5) unsigned NOT NULL,
  `audi_nuevo_compraSubtotal` double(10,2) NOT NULL,
  `audi_nuevo_fk_producto` bigint(20) unsigned NOT NULL,
  `audi_nuevo_fk_compra` bigint(20) unsigned NOT NULL,
  `audi_anterior_compraCantidad` smallint(5) unsigned NOT NULL,
  `audi_anterior_compraSubtotal` double(10,2) NOT NULL,
  `audi_anterior_fk_producto` bigint(20) unsigned NOT NULL,
  `audi_anterior_fk_compra` bigint(20) unsigned NOT NULL,
  `created_at` timestamp NULL DEFAULT NULL,
  `updated_at` timestamp NULL DEFAULT NULL,
  PRIMARY KEY (`audi_compra_producto_id`)
) ENGINE=InnoDB DEFAULT CHARSET=utf8mb4 COLLATE=utf8mb4_unicode_ci;

--  datos para la tabla rumbabar.auditoria_compra_producto: ~0 rows (aproximadamente)
DELETE FROM `auditoria_compra_producto`;

--  estructura para tabla rumbabar.auditoria_mesas
CREATE TABLE IF NOT EXISTS `auditoria_mesas` (
  `audi_mesas_id` bigint(20) unsigned NOT NULL AUTO_INCREMENT,
  `audi_MesaId` bigint(20) unsigned NOT NULL,
  `audi_nuevo_MesaPuestos` tinyint(3) unsigned NOT NULL,
  `audi_anterior_MesaPuestos` tinyint(3) unsigned NOT NULL,
  `created_at` timestamp NULL DEFAULT NULL,
  `updated_at` timestamp NULL DEFAULT NULL,
  PRIMARY KEY (`audi_mesas_id`)
) ENGINE=InnoDB DEFAULT CHARSET=utf8mb4 COLLATE=utf8mb4_unicode_ci;

--  datos para la tabla rumbabar.auditoria_mesas: ~0 rows (aproximadamente)
DELETE FROM `auditoria_mesas`;

--  estructura para tabla rumbabar.auditoria_permisos
CREATE TABLE IF NOT EXISTS `auditoria_permisos` (
  `audi_permisos_id` bigint(20) unsigned NOT NULL AUTO_INCREMENT,
  `audi_PermisoId` bigint(20) unsigned NOT NULL,
  `audi_nuevo_PermisoNombre` varchar(255) COLLATE utf8mb4_unicode_ci NOT NULL,
  `audi_anterior_PermisoNombre` varchar(255) COLLATE utf8mb4_unicode_ci NOT NULL,
  `created_at` timestamp NULL DEFAULT NULL,
  `updated_at` timestamp NULL DEFAULT NULL,
  PRIMARY KEY (`audi_permisos_id`)
) ENGINE=InnoDB DEFAULT CHARSET=utf8mb4 COLLATE=utf8mb4_unicode_ci;

--  datos para la tabla rumbabar.auditoria_permisos: ~0 rows (aproximadamente)
DELETE FROM `auditoria_permisos`;

--  estructura para tabla rumbabar.auditoria_permiso_rol
CREATE TABLE IF NOT EXISTS `auditoria_permiso_rol` (
  `audi_permiso_rol_id` bigint(20) unsigned NOT NULL AUTO_INCREMENT,
  `audi_nuevo_fk_permiso` bigint(20) unsigned NOT NULL,
  `audi_nuevo_fk_rol` bigint(20) unsigned NOT NULL,
  `audi_anterior_fk_permiso` bigint(20) unsigned NOT NULL,
  `audi_anterior_fk_rol` bigint(20) unsigned NOT NULL,
  `created_at` timestamp NULL DEFAULT NULL,
  `updated_at` timestamp NULL DEFAULT NULL,
  PRIMARY KEY (`audi_permiso_rol_id`)
) ENGINE=InnoDB DEFAULT CHARSET=utf8mb4 COLLATE=utf8mb4_unicode_ci;

--  datos para la tabla rumbabar.auditoria_permiso_rol: ~0 rows (aproximadamente)
DELETE FROM `auditoria_permiso_rol`;

--  estructura para tabla rumbabar.auditoria_productos
CREATE TABLE IF NOT EXISTS `auditoria_productos` (
  `audi_productos_id` bigint(20) unsigned NOT NULL AUTO_INCREMENT,
  `audi_ProductoId` bigint(20) unsigned NOT NULL,
  `audi_nuevo_ProductoNombre` varchar(255) COLLATE utf8mb4_unicode_ci NOT NULL,
  `audi_nuevo_ProductoDescripcion` longtext COLLATE utf8mb4_unicode_ci NOT NULL,
  `audi_nuevo_ProductoPrecio` double(10,2) NOT NULL,
  `audi_nuevo_ProductoCantidad` mediumint(8) unsigned NOT NULL,
  `audi_nuevo_fk_proveedor` bigint(20) unsigned NOT NULL,
  `audi_anterior_ProductoNombre` varchar(255) COLLATE utf8mb4_unicode_ci NOT NULL,
  `audi_anterior_ProductoDescripcion` longtext COLLATE utf8mb4_unicode_ci NOT NULL,
  `audi_anterior_ProductoPrecio` double(10,2) NOT NULL,
  `audi_anterior_ProductoCantidad` mediumint(8) unsigned NOT NULL,
  `audi_anterior_fk_proveedor` bigint(20) unsigned NOT NULL,
  `created_at` timestamp NULL DEFAULT NULL,
  `updated_at` timestamp NULL DEFAULT NULL,
  PRIMARY KEY (`audi_productos_id`)
) ENGINE=InnoDB DEFAULT CHARSET=utf8mb4 COLLATE=utf8mb4_unicode_ci;

--  datos para la tabla rumbabar.auditoria_productos: ~0 rows (aproximadamente)
DELETE FROM `auditoria_productos`;

--  estructura para tabla rumbabar.auditoria_producto_venta
CREATE TABLE IF NOT EXISTS `auditoria_producto_venta` (
  `audi_venta_producto_id` bigint(20) unsigned NOT NULL AUTO_INCREMENT,
  `audi_nuevo_ventaCantidad` smallint(5) unsigned NOT NULL,
  `audi_nuevo_ventaSubtotal` double(10,2) NOT NULL,
  `audi_nuevo_fk_producto` bigint(20) unsigned NOT NULL,
  `audi_nuevo_fk_venta` bigint(20) unsigned NOT NULL,
  `audi_anterior_ventaCantidad` smallint(5) unsigned NOT NULL,
  `audi_anterior_ventaSubtotal` double(10,2) NOT NULL,
  `audi_anterior_fk_producto` bigint(20) unsigned NOT NULL,
  `audi_anterior_fk_venta` bigint(20) unsigned NOT NULL,
  `created_at` timestamp NULL DEFAULT NULL,
  `updated_at` timestamp NULL DEFAULT NULL,
  PRIMARY KEY (`audi_venta_producto_id`)
) ENGINE=InnoDB DEFAULT CHARSET=utf8mb4 COLLATE=utf8mb4_unicode_ci;

--  datos para la tabla rumbabar.auditoria_producto_venta: ~0 rows (aproximadamente)
DELETE FROM `auditoria_producto_venta`;

--  estructura para tabla rumbabar.auditoria_proveedores
CREATE TABLE IF NOT EXISTS `auditoria_proveedores` (
  `audi_proveedores_id` bigint(20) unsigned NOT NULL AUTO_INCREMENT,
  `audi_ProveedorID` bigint(20) unsigned NOT NULL,
  `audi_nuevo_ProveedorNombre` varchar(255) COLLATE utf8mb4_unicode_ci NOT NULL,
  `audi_nuevo_ProveedorNit` varchar(255) COLLATE utf8mb4_unicode_ci NOT NULL,
  `audi_anterior_ProveedorNombre` varchar(255) COLLATE utf8mb4_unicode_ci NOT NULL,
  `audi_anterior_ProveedorNit` varchar(255) COLLATE utf8mb4_unicode_ci NOT NULL,
  `created_at` timestamp NULL DEFAULT NULL,
  `updated_at` timestamp NULL DEFAULT NULL,
  PRIMARY KEY (`audi_proveedores_id`)
) ENGINE=InnoDB DEFAULT CHARSET=utf8mb4 COLLATE=utf8mb4_unicode_ci;

--  datos para la tabla rumbabar.auditoria_proveedores: ~0 rows (aproximadamente)
DELETE FROM `auditoria_proveedores`;

--  estructura para tabla rumbabar.auditoria_roles
CREATE TABLE IF NOT EXISTS `auditoria_roles` (
  `audi_roles_id` bigint(20) unsigned NOT NULL AUTO_INCREMENT,
  `audi_RolId` bigint(20) unsigned NOT NULL,
  `audi_nuevo_RolNombre` varchar(255) COLLATE utf8mb4_unicode_ci NOT NULL,
  `audi_anterior_RolNombre` varchar(255) COLLATE utf8mb4_unicode_ci NOT NULL,
  `created_at` timestamp NULL DEFAULT NULL,
  `updated_at` timestamp NULL DEFAULT NULL,
  PRIMARY KEY (`audi_roles_id`)
) ENGINE=InnoDB DEFAULT CHARSET=utf8mb4 COLLATE=utf8mb4_unicode_ci;

--  datos para la tabla rumbabar.auditoria_roles: ~0 rows (aproximadamente)
DELETE FROM `auditoria_roles`;

--  estructura para tabla rumbabar.auditoria_usuarios
CREATE TABLE IF NOT EXISTS `auditoria_usuarios` (
  `audi_usuarios_id` bigint(20) unsigned NOT NULL AUTO_INCREMENT,
  `audi_UsuarioId` bigint(20) unsigned NOT NULL,
  `audi_nuevo_UsuarioName` varchar(255) COLLATE utf8mb4_unicode_ci NOT NULL,
  `audi_nuevo_UsuarioEmail` varchar(255) COLLATE utf8mb4_unicode_ci NOT NULL,
  `audi_nuevo_UsuarioPassword` varchar(255) COLLATE utf8mb4_unicode_ci NOT NULL,
  `audi_nuevo_fk_rol` bigint(20) unsigned NOT NULL,
  `audi_anterior_UsuarioName` varchar(255) COLLATE utf8mb4_unicode_ci NOT NULL,
  `audi_anterior_UsuarioEmail` varchar(255) COLLATE utf8mb4_unicode_ci NOT NULL,
  `audi_anterior_UsuarioPassword` varchar(255) COLLATE utf8mb4_unicode_ci NOT NULL,
  `audi_anterior_fk_rol` bigint(20) unsigned NOT NULL,
  `created_at` timestamp NULL DEFAULT NULL,
  `updated_at` timestamp NULL DEFAULT NULL,
  PRIMARY KEY (`audi_usuarios_id`)
) ENGINE=InnoDB DEFAULT CHARSET=utf8mb4 COLLATE=utf8mb4_unicode_ci;

--  datos para la tabla rumbabar.auditoria_usuarios: ~0 rows (aproximadamente)
DELETE FROM `auditoria_usuarios`;

--  estructura para tabla rumbabar.clientes
CREATE TABLE IF NOT EXISTS `clientes` (
  `ClienteId` bigint(20) unsigned NOT NULL AUTO_INCREMENT,
  `ClienteNombre` varchar(255) COLLATE utf8mb4_unicode_ci NOT NULL,
  `ClienteDocumento` varchar(255) COLLATE utf8mb4_unicode_ci NOT NULL,
  `created_at` timestamp NULL DEFAULT NULL,
  `updated_at` timestamp NULL DEFAULT NULL,
  `deleted_at` timestamp NULL DEFAULT NULL,
  PRIMARY KEY (`ClienteId`)
) ENGINE=InnoDB AUTO_INCREMENT=101 DEFAULT CHARSET=utf8mb4 COLLATE=utf8mb4_unicode_ci;

--  datos para la tabla rumbabar.clientes: ~100 rows (aproximadamente)
DELETE FROM `clientes`;
INSERT INTO `clientes` (`ClienteId`, `ClienteNombre`, `ClienteDocumento`, `created_at`, `updated_at`, `deleted_at`) VALUES
	(1, 'Victoria Maya', '1062547285', NULL, NULL, NULL),
	(2, 'Rosa Gallardo', '962738078', NULL, NULL, NULL),
	(3, 'Inmaculada Estrada', '1136909337', NULL, NULL, NULL),
	(4, 'Sonia Arenas', '1099791562', NULL, NULL, NULL),
	(5, 'Jan Escribano', '957874478', NULL, NULL, NULL),
	(6, 'Izan Adame', '990793155', NULL, NULL, NULL),
	(7, 'Rosario Benavídez', '1150079996', NULL, NULL, NULL),
	(8, 'Iván Rascón', '1051718541', NULL, NULL, NULL),
	(9, 'Gael Rodarte', '1109773413', NULL, NULL, NULL),
	(10, 'Héctor Ibarra', '1125761396', NULL, NULL, NULL),
	(11, 'Eduardo Rubio', '1040338402', NULL, NULL, NULL),
	(12, 'Mateo Barrera', '1019394834', NULL, NULL, NULL),
	(13, 'Omar Verdugo', '1015760432', NULL, NULL, NULL),
	(14, 'Beatriz Rey', '1198527403', NULL, NULL, NULL),
	(15, 'Mar Laureano', '1164571940', NULL, NULL, NULL),
	(16, 'Pablo Solorzano', '1032486137', NULL, NULL, NULL),
	(17, 'Eduardo Nava', '1131854089', NULL, NULL, NULL),
	(18, 'Francisco Javier Montalvo', '1117812957', NULL, NULL, NULL),
	(19, 'Alexandra Morán', '1090500192', NULL, NULL, NULL),
	(20, 'Mario Alfaro', '1157450098', NULL, NULL, NULL),
	(21, 'Aleix Sánchez', '1023544394', NULL, NULL, NULL),
	(22, 'Elena Carrera', '1007370115', NULL, NULL, NULL),
	(23, 'Rodrigo Lozada', '1024064087', NULL, NULL, NULL),
	(24, 'Elsa Soler', '1071503287', NULL, NULL, NULL),
	(25, 'Eric Espinal', '1121767977', NULL, NULL, NULL),
	(26, 'Ana Lira', '984176667', NULL, NULL, NULL),
	(27, 'Irene Tafoya', '1122567778', NULL, NULL, NULL),
	(28, 'Yolanda Corrales', '1042995543', NULL, NULL, NULL),
	(29, 'Mario Cavazos', '1167115809', NULL, NULL, NULL),
	(30, 'Omar Villa', '1008208034', NULL, NULL, NULL),
	(31, 'Rosa Cuenca', '1040101913', NULL, NULL, NULL),
	(32, 'Enrique Roybal', '1134486397', NULL, NULL, NULL),
	(33, 'Lucas Atencio', '1030180121', NULL, NULL, NULL),
	(34, 'Teresa Meza', '997574243', NULL, NULL, NULL),
	(35, 'Sandra Gallegos', '1132920070', NULL, NULL, NULL),
	(36, 'Lucas Quintanilla', '1034166352', NULL, NULL, NULL),
	(37, 'Oliver Lucio', '1147607324', NULL, NULL, NULL),
	(38, 'Juan José Fernández', '987444178', NULL, NULL, NULL),
	(39, 'Álvaro Fajardo', '1139163442', NULL, NULL, NULL),
	(40, 'María Ángeles Gastélum', '1174169057', NULL, NULL, NULL),
	(41, 'Sara Sáez', '1114381965', NULL, NULL, NULL),
	(42, 'Francisca Oliver', '973090389', NULL, NULL, NULL),
	(43, 'Carmen Noriega', '1196626973', NULL, NULL, NULL),
	(44, 'Alejandro Pastor', '1135975701', NULL, NULL, NULL),
	(45, 'Teresa Collado', '977280480', NULL, NULL, NULL),
	(46, 'Francisca Barela', '1050646274', NULL, NULL, NULL),
	(47, 'Teresa Sisneros', '1128230328', NULL, NULL, NULL),
	(48, 'Lucas Montero', '1070181165', NULL, NULL, NULL),
	(49, 'Adrián Henríquez', '1125790509', NULL, NULL, NULL),
	(50, 'Lucía Toledo', '1141595658', NULL, NULL, NULL),
	(51, 'Manuel Bañuelos', '1110994944', NULL, NULL, NULL),
	(52, 'Bruno Arriaga', '1111842023', NULL, NULL, NULL),
	(53, 'Salma Vera', '1064910766', NULL, NULL, NULL),
	(54, 'Sofía Arenas', '1090246224', NULL, NULL, NULL),
	(55, 'Carla Macias', '979548279', NULL, NULL, NULL),
	(56, 'Jesús Ceballos', '1155201333', NULL, NULL, NULL),
	(57, 'Adrián Lozano', '1015114692', NULL, NULL, NULL),
	(58, 'Adriana Partida', '1056910960', NULL, NULL, NULL),
	(59, 'Teresa Enríquez', '1152670952', NULL, NULL, NULL),
	(60, 'Lorena Salcedo', '981004928', NULL, NULL, NULL),
	(61, 'Juan José Betancourt', '1019224538', NULL, NULL, NULL),
	(62, 'Alejandra Ponce', '1074008642', NULL, NULL, NULL),
	(63, 'Diana Blázquez', '1074455834', NULL, NULL, NULL),
	(64, 'Amparo Raya', '1163888341', NULL, NULL, NULL),
	(65, 'Luisa Delatorre', '1115501112', NULL, NULL, NULL),
	(66, 'Ángel Balderas', '981725130', NULL, NULL, NULL),
	(67, 'Joel Polo', '1021825371', NULL, NULL, NULL),
	(68, 'Lorena Arteaga', '965495966', NULL, NULL, NULL),
	(69, 'Luna Quintana', '1118364538', NULL, NULL, NULL),
	(70, 'Sandra Tapia', '1152169685', NULL, NULL, NULL),
	(71, 'Joel Sierra', '1143234146', NULL, NULL, NULL),
	(72, 'Ana Isabel Figueroa', '1082577823', NULL, NULL, NULL),
	(73, 'Sandra Puig', '985959531', NULL, NULL, NULL),
	(74, 'Óscar Arce', '1042338781', NULL, NULL, NULL),
	(75, 'Sofía Montañez', '981009808', NULL, NULL, NULL),
	(76, 'Rayan Herrero', '1058912150', NULL, NULL, NULL),
	(77, 'Izan Soler', '1189970854', NULL, NULL, NULL),
	(78, 'Antonio Muñoz', '992233403', NULL, NULL, NULL),
	(79, 'Víctor Pulido', '1093763929', NULL, NULL, NULL),
	(80, 'Jordi Acosta', '1059124697', NULL, NULL, NULL),
	(81, 'Manuel Montenegro', '1114761076', NULL, NULL, NULL),
	(82, 'Jesús Robledo', '1144550983', NULL, NULL, NULL),
	(83, 'Aleix Barragán', '1098264214', NULL, NULL, NULL),
	(84, 'Gonzalo Juan', '1117130514', NULL, NULL, NULL),
	(85, 'Alexandra Concepción', '1046547978', NULL, NULL, NULL),
	(86, 'Eva Miranda', '1180892546', NULL, NULL, NULL),
	(87, 'Verónica Barragán', '1167672151', NULL, NULL, NULL),
	(88, 'Rosario Archuleta', '1162863305', NULL, NULL, NULL),
	(89, 'Nadia Terrazas', '1072054167', NULL, NULL, NULL),
	(90, 'Úrsula Razo', '1101975398', NULL, NULL, NULL),
	(91, 'Carlos Carbajal', '1167712434', NULL, NULL, NULL),
	(92, 'Pilar Griego', '1073449332', NULL, NULL, NULL),
	(93, 'Helena Sevilla', '1198154919', NULL, NULL, NULL),
	(94, 'Guillem Pedraza', '1106523136', NULL, NULL, NULL),
	(95, 'Omar Quesada', '1083084340', NULL, NULL, NULL),
	(96, 'Antonio Meraz', '957456263', NULL, NULL, NULL),
	(97, 'Ignacio Elizondo', '964136344', NULL, NULL, NULL),
	(98, 'Eva Muro', '972921302', NULL, NULL, NULL),
	(99, 'Juan José Manzano', '1064235844', NULL, NULL, NULL),
	(100, 'Alejandra Mejía', '1009779199', NULL, NULL, NULL);

--  estructura para tabla rumbabar.compras
CREATE TABLE IF NOT EXISTS `compras` (
  `CompraId` bigint(20) unsigned NOT NULL AUTO_INCREMENT,
  `CompraSaldo` double(10,2) NOT NULL,
  `CompraTotal` double(10,2) NOT NULL,
  `fk_user` bigint(20) unsigned NOT NULL,
  `created_at` timestamp NULL DEFAULT NULL,
  `updated_at` timestamp NULL DEFAULT NULL,
  `deleted_at` timestamp NULL DEFAULT NULL,
  PRIMARY KEY (`CompraId`),
  KEY `compras_fk_user_foreign` (`fk_user`),
  CONSTRAINT `compras_fk_user_foreign` FOREIGN KEY (`fk_user`) REFERENCES `usuarios` (`UsuarioId`)
) ENGINE=InnoDB AUTO_INCREMENT=51 DEFAULT CHARSET=utf8mb4 COLLATE=utf8mb4_unicode_ci;

--  datos para la tabla rumbabar.compras: ~50 rows (aproximadamente)
DELETE FROM `compras`;
INSERT INTO `compras` (`CompraId`, `CompraSaldo`, `CompraTotal`, `fk_user`, `created_at`, `updated_at`, `deleted_at`) VALUES
	(1, 604.00, 5436.00, 1, NULL, NULL, NULL),
	(2, 1529.00, 13761.00, 3, NULL, NULL, NULL),
	(3, 16939.00, 84695.00, 3, NULL, NULL, NULL),
	(4, 1428.22, 12854.00, 2, NULL, NULL, NULL),
	(5, 79459.00, 79459.00, 3, NULL, NULL, NULL),
	(6, 8565.29, 59957.00, 1, NULL, NULL, NULL),
	(7, 23079.00, 69237.00, 3, NULL, NULL, NULL),
	(8, 6135.89, 55223.00, 4, NULL, NULL, NULL),
	(9, 17544.20, 87721.00, 2, NULL, NULL, NULL),
	(10, 1693.38, 13547.00, 1, NULL, NULL, NULL),
	(11, 5350.22, 48152.00, 4, NULL, NULL, NULL),
	(12, 22845.67, 68537.00, 5, NULL, NULL, NULL),
	(13, 11472.12, 91777.00, 2, NULL, NULL, NULL),
	(14, 10745.71, 75220.00, 3, NULL, NULL, NULL),
	(15, 1351.00, 4053.00, 5, NULL, NULL, NULL),
	(16, 7976.71, 55837.00, 5, NULL, NULL, NULL),
	(17, 3605.83, 21635.00, 5, NULL, NULL, NULL),
	(18, 7204.17, 43225.00, 5, NULL, NULL, NULL),
	(19, 37067.00, 37067.00, 2, NULL, NULL, NULL),
	(20, 8950.86, 62656.00, 1, NULL, NULL, NULL),
	(21, 17136.00, 51408.00, 2, NULL, NULL, NULL),
	(22, 24053.50, 96214.00, 3, NULL, NULL, NULL),
	(23, 5144.00, 51440.00, 5, NULL, NULL, NULL),
	(24, 3420.20, 34202.00, 4, NULL, NULL, NULL),
	(25, 5899.88, 47199.00, 3, NULL, NULL, NULL),
	(26, 9398.44, 84586.00, 4, NULL, NULL, NULL),
	(27, 8173.67, 49042.00, 1, NULL, NULL, NULL),
	(28, 15155.25, 60621.00, 2, NULL, NULL, NULL),
	(29, 1904.14, 13329.00, 4, NULL, NULL, NULL),
	(30, 6366.22, 57296.00, 3, NULL, NULL, NULL),
	(31, 6615.67, 59541.00, 3, NULL, NULL, NULL),
	(32, 36386.00, 36386.00, 4, NULL, NULL, NULL),
	(33, 83982.00, 83982.00, 1, NULL, NULL, NULL),
	(34, 13938.80, 69694.00, 2, NULL, NULL, NULL),
	(35, 3349.67, 20098.00, 4, NULL, NULL, NULL),
	(36, 32619.33, 97858.00, 1, NULL, NULL, NULL),
	(37, 3350.75, 13403.00, 4, NULL, NULL, NULL),
	(38, 11700.00, 35100.00, 4, NULL, NULL, NULL),
	(39, 12124.43, 84871.00, 4, NULL, NULL, NULL),
	(40, 4545.50, 45455.00, 4, NULL, NULL, NULL),
	(41, 4244.00, 12732.00, 2, NULL, NULL, NULL),
	(42, 16763.20, 83816.00, 2, NULL, NULL, NULL),
	(43, 9871.50, 59229.00, 4, NULL, NULL, NULL),
	(44, 7386.50, 44319.00, 1, NULL, NULL, NULL),
	(45, 11361.20, 56806.00, 2, NULL, NULL, NULL),
	(46, 2208.00, 19872.00, 1, NULL, NULL, NULL),
	(47, 9428.40, 94284.00, 4, NULL, NULL, NULL),
	(48, 6512.78, 58615.00, 5, NULL, NULL, NULL),
	(49, 3583.30, 35833.00, 3, NULL, NULL, NULL),
	(50, 2580.00, 12900.00, 3, NULL, NULL, NULL);

--  estructura para tabla rumbabar.compra_producto
CREATE TABLE IF NOT EXISTS `compra_producto` (
  `compraCantidad` smallint(5) unsigned NOT NULL,
  `compraSubtotal` double(10,2) NOT NULL,
  `fk_producto` bigint(20) unsigned NOT NULL,
  `fk_compra` bigint(20) unsigned NOT NULL,
  `created_at` timestamp NULL DEFAULT NULL,
  `updated_at` timestamp NULL DEFAULT NULL,
  `deleted_at` timestamp NULL DEFAULT NULL,
  KEY `compra_producto_fk_producto_foreign` (`fk_producto`),
  KEY `compra_producto_fk_compra_foreign` (`fk_compra`),
  CONSTRAINT `compra_producto_fk_compra_foreign` FOREIGN KEY (`fk_compra`) REFERENCES `compras` (`CompraId`),
  CONSTRAINT `compra_producto_fk_producto_foreign` FOREIGN KEY (`fk_producto`) REFERENCES `productos` (`ProductoId`)
) ENGINE=InnoDB DEFAULT CHARSET=utf8mb4 COLLATE=utf8mb4_unicode_ci;

--  datos para la tabla rumbabar.compra_producto: ~291 rows (aproximadamente)
DELETE FROM `compra_producto`;
INSERT INTO `compra_producto` (`compraCantidad`, `compraSubtotal`, `fk_producto`, `fk_compra`, `created_at`, `updated_at`, `deleted_at`) VALUES
	(8, 24593.92, 23, 1, '2020-10-05 06:57:37', '2020-10-05 06:57:37', NULL),
	(64, 314291.20, 29, 1, '2020-10-05 06:57:37', '2020-10-05 06:57:37', NULL),
	(95, 267888.60, 106, 1, '2020-10-05 06:57:37', '2020-10-05 06:57:37', NULL),
	(9, 22911.84, 142, 1, '2020-10-05 06:57:37', '2020-10-05 06:57:37', NULL),
	(15, 128271.45, 177, 1, '2020-10-05 06:57:37', '2020-10-05 06:57:37', NULL),
	(45, 106064.10, 209, 1, '2020-10-05 06:57:37', '2020-10-05 06:57:37', NULL),
	(28, 260917.44, 248, 1, '2020-10-05 06:57:37', '2020-10-05 06:57:37', NULL),
	(78, 720722.34, 56, 2, '2020-10-05 06:57:37', '2020-10-05 06:57:37', NULL),
	(147, 1260989.52, 130, 2, '2020-10-05 06:57:37', '2020-10-05 06:57:37', NULL),
	(25, 131786.75, 200, 2, '2020-10-05 06:57:37', '2020-10-05 06:57:37', NULL),
	(72, 709399.44, 281, 2, '2020-10-05 06:57:37', '2020-10-05 06:57:37', NULL),
	(7, 54179.72, 154, 3, '2020-10-05 06:57:37', '2020-10-05 06:57:37', NULL),
	(14, 114333.38, 160, 3, '2020-10-05 06:57:37', '2020-10-05 06:57:37', NULL),
	(89, 196891.14, 44, 4, '2020-10-05 06:57:37', '2020-10-05 06:57:37', NULL),
	(3, 4174.08, 115, 4, '2020-10-05 06:57:37', '2020-10-05 06:57:37', NULL),
	(10, 55948.00, 145, 4, '2020-10-05 06:57:37', '2020-10-05 06:57:37', NULL),
	(21, 102886.98, 162, 4, '2020-10-05 06:57:37', '2020-10-05 06:57:37', NULL),
	(2, 19397.20, 166, 4, '2020-10-05 06:57:37', '2020-10-05 06:57:37', NULL),
	(39, 16740.75, 182, 4, '2020-10-05 06:57:37', '2020-10-05 06:57:37', NULL),
	(49, 196360.15, 202, 4, '2020-10-05 06:57:37', '2020-10-05 06:57:37', NULL),
	(163, 219909.82, 216, 4, '2020-10-05 06:57:37', '2020-10-05 06:57:37', NULL),
	(19, 132946.99, 243, 4, '2020-10-05 06:57:37', '2020-10-05 06:57:37', NULL),
	(72, 199867.68, 116, 5, '2020-10-05 06:57:37', '2020-10-05 06:57:37', NULL),
	(148, 435746.04, 149, 5, '2020-10-05 06:57:37', '2020-10-05 06:57:37', NULL),
	(31, 276329.66, 153, 5, '2020-10-05 06:57:37', '2020-10-05 06:57:37', NULL),
	(75, 487752.00, 190, 5, '2020-10-05 06:57:37', '2020-10-05 06:57:37', NULL),
	(61, 9966.79, 210, 5, '2020-10-05 06:57:37', '2020-10-05 06:57:37', NULL),
	(63, 606893.49, 220, 5, '2020-10-05 06:57:37', '2020-10-05 06:57:37', NULL),
	(29, 117273.68, 251, 5, '2020-10-05 06:57:37', '2020-10-05 06:57:37', NULL),
	(83, 628272.65, 260, 5, '2020-10-05 06:57:37', '2020-10-05 06:57:37', NULL),
	(37, 14640.90, 279, 5, '2020-10-05 06:57:37', '2020-10-05 06:57:37', NULL),
	(129, 1028936.25, 5, 6, '2020-10-05 06:57:37', '2020-10-05 06:57:37', NULL),
	(107, 966004.56, 16, 6, '2020-10-05 06:57:37', '2020-10-05 06:57:37', NULL),
	(67, 329023.60, 29, 6, '2020-10-05 06:57:37', '2020-10-05 06:57:37', NULL),
	(87, 283347.69, 62, 6, '2020-10-05 06:57:37', '2020-10-05 06:57:37', NULL),
	(21, 180491.43, 80, 6, '2020-10-05 06:57:37', '2020-10-05 06:57:37', NULL),
	(81, 403322.49, 111, 6, '2020-10-05 06:57:37', '2020-10-05 06:57:37', NULL),
	(59, 270327.38, 183, 6, '2020-10-05 06:57:37', '2020-10-05 06:57:37', NULL),
	(12, 55548.96, 124, 7, '2020-10-05 06:57:37', '2020-10-05 06:57:37', NULL),
	(1, 6867.64, 150, 7, '2020-10-05 06:57:37', '2020-10-05 06:57:37', NULL),
	(164, 1526264.36, 218, 7, '2020-10-05 06:57:37', '2020-10-05 06:57:37', NULL),
	(124, 402832.60, 39, 8, '2020-10-05 06:57:37', '2020-10-05 06:57:37', NULL),
	(7, 2307.83, 147, 8, '2020-10-05 06:57:37', '2020-10-05 06:57:37', NULL),
	(35, 134257.55, 25, 9, '2020-10-05 06:57:37', '2020-10-05 06:57:37', NULL),
	(24, 205959.12, 52, 9, '2020-10-05 06:57:37', '2020-10-05 06:57:37', NULL),
	(3, 23012.28, 54, 9, '2020-10-05 06:57:37', '2020-10-05 06:57:37', NULL),
	(77, 631061.20, 155, 9, '2020-10-05 06:57:37', '2020-10-05 06:57:37', NULL),
	(18, 164882.88, 173, 9, '2020-10-05 06:57:37', '2020-10-05 06:57:37', NULL),
	(30, 236800.50, 287, 9, '2020-10-05 06:57:37', '2020-10-05 06:57:37', NULL),
	(1, 5681.89, 42, 10, '2020-10-05 06:57:37', '2020-10-05 06:57:37', NULL),
	(92, 826679.80, 237, 10, '2020-10-05 06:57:37', '2020-10-05 06:57:37', NULL),
	(13, 109544.63, 101, 11, '2020-10-05 06:57:37', '2020-10-05 06:57:37', NULL),
	(3, 4174.08, 115, 11, '2020-10-05 06:57:37', '2020-10-05 06:57:37', NULL),
	(8, 26107.84, 4, 12, '2020-10-05 06:57:37', '2020-10-05 06:57:37', NULL),
	(27, 153850.86, 180, 12, '2020-10-05 06:57:37', '2020-10-05 06:57:37', NULL),
	(34, 321094.64, 27, 13, '2020-10-05 06:57:37', '2020-10-05 06:57:37', NULL),
	(46, 352854.96, 54, 13, '2020-10-05 06:57:37', '2020-10-05 06:57:37', NULL),
	(58, 92982.70, 122, 13, '2020-10-05 06:57:37', '2020-10-05 06:57:37', NULL),
	(12, 98000.04, 160, 13, '2020-10-05 06:57:37', '2020-10-05 06:57:37', NULL),
	(100, 78571.00, 274, 13, '2020-10-05 06:57:37', '2020-10-05 06:57:37', NULL),
	(4, 8820.52, 12, 14, '2020-10-05 06:57:37', '2020-10-05 06:57:37', NULL),
	(50, 472198.00, 27, 14, '2020-10-05 06:57:37', '2020-10-05 06:57:37', NULL),
	(10, 27932.20, 46, 14, '2020-10-05 06:57:37', '2020-10-05 06:57:37', NULL),
	(19, 160103.69, 101, 14, '2020-10-05 06:57:37', '2020-10-05 06:57:37', NULL),
	(7, 66471.23, 109, 14, '2020-10-05 06:57:37', '2020-10-05 06:57:37', NULL),
	(2, 16333.34, 160, 14, '2020-10-05 06:57:37', '2020-10-05 06:57:37', NULL),
	(3, 5198.40, 192, 14, '2020-10-05 06:57:37', '2020-10-05 06:57:37', NULL),
	(65, 626159.95, 220, 14, '2020-10-05 06:57:37', '2020-10-05 06:57:37', NULL),
	(11, 108380.47, 281, 14, '2020-10-05 06:57:37', '2020-10-05 06:57:37', NULL),
	(122, 844107.02, 292, 14, '2020-10-05 06:57:37', '2020-10-05 06:57:37', NULL),
	(72, 141362.64, 174, 15, '2020-10-05 06:57:37', '2020-10-05 06:57:37', NULL),
	(67, 645426.41, 220, 15, '2020-10-05 06:57:37', '2020-10-05 06:57:37', NULL),
	(105, 336784.35, 83, 16, '2020-10-05 06:57:37', '2020-10-05 06:57:37', NULL),
	(122, 298479.10, 86, 16, '2020-10-05 06:57:37', '2020-10-05 06:57:37', NULL),
	(27, 255002.58, 92, 16, '2020-10-05 06:57:37', '2020-10-05 06:57:37', NULL),
	(59, 269810.54, 97, 17, '2020-10-05 06:57:37', '2020-10-05 06:57:37', NULL),
	(62, 433907.62, 157, 17, '2020-10-05 06:57:37', '2020-10-05 06:57:37', NULL),
	(6, 20363.40, 49, 18, '2020-10-05 06:57:37', '2020-10-05 06:57:37', NULL),
	(36, 340003.44, 92, 18, '2020-10-05 06:57:37', '2020-10-05 06:57:37', NULL),
	(69, 488699.40, 98, 18, '2020-10-05 06:57:37', '2020-10-05 06:57:37', NULL),
	(27, 256389.03, 109, 18, '2020-10-05 06:57:37', '2020-10-05 06:57:37', NULL),
	(5, 38173.20, 126, 18, '2020-10-05 06:57:37', '2020-10-05 06:57:37', NULL),
	(74, 224843.82, 235, 18, '2020-10-05 06:57:37', '2020-10-05 06:57:37', NULL),
	(3, 6469.62, 242, 18, '2020-10-05 06:57:37', '2020-10-05 06:57:37', NULL),
	(47, 370501.00, 247, 18, '2020-10-05 06:57:37', '2020-10-05 06:57:37', NULL),
	(86, 681379.72, 48, 19, '2020-10-05 06:57:37', '2020-10-05 06:57:37', NULL),
	(2, 3875.84, 123, 19, '2020-10-05 06:57:37', '2020-10-05 06:57:37', NULL),
	(15, 38186.40, 142, 19, '2020-10-05 06:57:37', '2020-10-05 06:57:37', NULL),
	(86, 559288.96, 190, 19, '2020-10-05 06:57:37', '2020-10-05 06:57:37', NULL),
	(7, 8360.94, 195, 19, '2020-10-05 06:57:37', '2020-10-05 06:57:37', NULL),
	(74, 688680.26, 218, 19, '2020-10-05 06:57:37', '2020-10-05 06:57:37', NULL),
	(1, 9490.53, 223, 19, '2020-10-05 06:57:37', '2020-10-05 06:57:37', NULL),
	(2, 8034.74, 232, 19, '2020-10-05 06:57:37', '2020-10-05 06:57:37', NULL),
	(10, 83122.60, 272, 19, '2020-10-05 06:57:37', '2020-10-05 06:57:37', NULL),
	(98, 879667.60, 275, 19, '2020-10-05 06:57:37', '2020-10-05 06:57:37', NULL),
	(33, 10594.65, 38, 20, '2020-10-05 06:57:37', '2020-10-05 06:57:37', NULL),
	(104, 349244.48, 43, 20, '2020-10-05 06:57:37', '2020-10-05 06:57:37', NULL),
	(79, 750175.31, 109, 20, '2020-10-05 06:57:37', '2020-10-05 06:57:37', NULL),
	(135, 927131.40, 150, 20, '2020-10-05 06:57:37', '2020-10-05 06:57:37', NULL),
	(43, 279644.48, 190, 20, '2020-10-05 06:57:37', '2020-10-05 06:57:37', NULL),
	(95, 288650.85, 235, 20, '2020-10-05 06:57:37', '2020-10-05 06:57:37', NULL),
	(20, 90293.00, 241, 20, '2020-10-05 06:57:37', '2020-10-05 06:57:37', NULL),
	(12, 91224.24, 273, 20, '2020-10-05 06:57:37', '2020-10-05 06:57:37', NULL),
	(27, 257415.03, 293, 20, '2020-10-05 06:57:37', '2020-10-05 06:57:37', NULL),
	(7, 61798.94, 19, 21, '2020-10-05 06:57:37', '2020-10-05 06:57:37', NULL),
	(83, 610992.05, 58, 21, '2020-10-05 06:57:37', '2020-10-05 06:57:37', NULL),
	(108, 1047448.80, 166, 21, '2020-10-05 06:57:37', '2020-10-05 06:57:37', NULL),
	(32, 146618.24, 183, 21, '2020-10-05 06:57:37', '2020-10-05 06:57:37', NULL),
	(14, 97110.30, 199, 21, '2020-10-05 06:57:37', '2020-10-05 06:57:37', NULL),
	(47, 260247.93, 285, 21, '2020-10-05 06:57:37', '2020-10-05 06:57:37', NULL),
	(26, 175460.22, 8, 22, '2020-10-05 06:57:37', '2020-10-05 06:57:37', NULL),
	(2, 19842.82, 79, 22, '2020-10-05 06:57:37', '2020-10-05 06:57:37', NULL),
	(9, 1035.45, 91, 22, '2020-10-05 06:57:37', '2020-10-05 06:57:37', NULL),
	(14, 3128.58, 117, 22, '2020-10-05 06:57:37', '2020-10-05 06:57:37', NULL),
	(148, 1346575.04, 184, 22, '2020-10-05 06:57:37', '2020-10-05 06:57:37', NULL),
	(38, 171556.70, 241, 22, '2020-10-05 06:57:37', '2020-10-05 06:57:37', NULL),
	(27, 232060.41, 80, 23, '2020-10-05 06:57:37', '2020-10-05 06:57:37', NULL),
	(18, 6300.36, 90, 23, '2020-10-05 06:57:37', '2020-10-05 06:57:37', NULL),
	(38, 210824.76, 110, 23, '2020-10-05 06:57:37', '2020-10-05 06:57:37', NULL),
	(15, 41639.10, 116, 23, '2020-10-05 06:57:37', '2020-10-05 06:57:37', NULL),
	(62, 433907.62, 157, 23, '2020-10-05 06:57:37', '2020-10-05 06:57:37', NULL),
	(11, 70227.63, 165, 23, '2020-10-05 06:57:37', '2020-10-05 06:57:37', NULL),
	(32, 284066.88, 168, 23, '2020-10-05 06:57:37', '2020-10-05 06:57:37', NULL),
	(2, 12332.38, 197, 23, '2020-10-05 06:57:37', '2020-10-05 06:57:37', NULL),
	(79, 22924.22, 238, 23, '2020-10-05 06:57:37', '2020-10-05 06:57:37', NULL),
	(8, 32514.24, 263, 23, '2020-10-05 06:57:37', '2020-10-05 06:57:37', NULL),
	(28, 155344.56, 110, 24, '2020-10-05 06:57:37', '2020-10-05 06:57:37', NULL),
	(69, 478615.05, 199, 24, '2020-10-05 06:57:37', '2020-10-05 06:57:37', NULL),
	(33, 310992.33, 270, 24, '2020-10-05 06:57:37', '2020-10-05 06:57:37', NULL),
	(195, 1311798.15, 118, 25, '2020-10-05 06:57:37', '2020-10-05 06:57:37', NULL),
	(3, 20128.83, 129, 25, '2020-10-05 06:57:37', '2020-10-05 06:57:37', NULL),
	(92, 777519.60, 170, 25, '2020-10-05 06:57:37', '2020-10-05 06:57:37', NULL),
	(59, 495696.17, 194, 25, '2020-10-05 06:57:37', '2020-10-05 06:57:37', NULL),
	(26, 180047.14, 59, 26, '2020-10-05 06:57:37', '2020-10-05 06:57:37', NULL),
	(111, 952175.76, 130, 26, '2020-10-05 06:57:37', '2020-10-05 06:57:37', NULL),
	(4, 10183.04, 142, 26, '2020-10-05 06:57:37', '2020-10-05 06:57:37', NULL),
	(74, 572757.04, 154, 26, '2020-10-05 06:57:37', '2020-10-05 06:57:37', NULL),
	(21, 102886.98, 162, 26, '2020-10-05 06:57:37', '2020-10-05 06:57:37', NULL),
	(161, 1445168.20, 275, 26, '2020-10-05 06:57:37', '2020-10-05 06:57:37', NULL),
	(19, 50680.22, 1, 27, '2020-10-05 06:57:37', '2020-10-05 06:57:37', NULL),
	(33, 266622.84, 121, 27, '2020-10-05 06:57:37', '2020-10-05 06:57:37', NULL),
	(10, 81666.70, 160, 27, '2020-10-05 06:57:37', '2020-10-05 06:57:37', NULL),
	(11, 13138.62, 195, 27, '2020-10-05 06:57:37', '2020-10-05 06:57:37', NULL),
	(120, 1052098.80, 246, 27, '2020-10-05 06:57:37', '2020-10-05 06:57:37', NULL),
	(40, 315320.00, 247, 27, '2020-10-05 06:57:37', '2020-10-05 06:57:37', NULL),
	(138, 1338321.24, 295, 27, '2020-10-05 06:57:37', '2020-10-05 06:57:37', NULL),
	(132, 1045838.64, 48, 28, '2020-10-05 06:57:37', '2020-10-05 06:57:37', NULL),
	(56, 381338.72, 84, 28, '2020-10-05 06:57:37', '2020-10-05 06:57:37', NULL),
	(111, 655275.18, 297, 28, '2020-10-05 06:57:37', '2020-10-05 06:57:37', NULL),
	(35, 279168.75, 5, 29, '2020-10-05 06:57:37', '2020-10-05 06:57:37', NULL),
	(103, 1021905.23, 79, 29, '2020-10-05 06:57:37', '2020-10-05 06:57:37', NULL),
	(1, 1937.92, 123, 29, '2020-10-05 06:57:37', '2020-10-05 06:57:37', NULL),
	(39, 264962.10, 131, 29, '2020-10-05 06:57:37', '2020-10-05 06:57:37', NULL),
	(180, 220224.60, 201, 29, '2020-10-05 06:57:37', '2020-10-05 06:57:37', NULL),
	(155, 1110082.10, 211, 29, '2020-10-05 06:57:37', '2020-10-05 06:57:37', NULL),
	(75, 474673.50, 282, 29, '2020-10-05 06:57:37', '2020-10-05 06:57:37', NULL),
	(22, 116669.52, 33, 30, '2020-10-05 06:57:37', '2020-10-05 06:57:37', NULL),
	(20, 128418.20, 35, 30, '2020-10-05 06:57:37', '2020-10-05 06:57:37', NULL),
	(30, 3955.20, 51, 30, '2020-10-05 06:57:37', '2020-10-05 06:57:37', NULL),
	(4, 30683.04, 54, 30, '2020-10-05 06:57:37', '2020-10-05 06:57:37', NULL),
	(5, 18582.00, 221, 30, '2020-10-05 06:57:37', '2020-10-05 06:57:37', NULL),
	(0, 0.00, 265, 30, '2020-10-05 06:57:37', '2020-10-05 06:57:37', NULL),
	(51, 341449.08, 288, 30, '2020-10-05 06:57:37', '2020-10-05 06:57:37', NULL),
	(24, 176672.40, 58, 31, '2020-10-05 06:57:37', '2020-10-05 06:57:37', NULL),
	(21, 51377.55, 86, 31, '2020-10-05 06:57:37', '2020-10-05 06:57:37', NULL),
	(2, 3875.84, 123, 31, '2020-10-05 06:57:37', '2020-10-05 06:57:37', NULL),
	(107, 386377.00, 172, 31, '2020-10-05 06:57:37', '2020-10-05 06:57:37', NULL),
	(86, 14360.28, 234, 31, '2020-10-05 06:57:37', '2020-10-05 06:57:37', NULL),
	(16, 86097.12, 250, 31, '2020-10-05 06:57:37', '2020-10-05 06:57:37', NULL),
	(9, 60227.73, 258, 31, '2020-10-05 06:57:37', '2020-10-05 06:57:37', NULL),
	(34, 268373.90, 287, 31, '2020-10-05 06:57:37', '2020-10-05 06:57:37', NULL),
	(71, 559750.51, 7, 32, '2020-10-05 06:57:37', '2020-10-05 06:57:37', NULL),
	(8, 17641.04, 12, 32, '2020-10-05 06:57:37', '2020-10-05 06:57:37', NULL),
	(29, 261814.32, 16, 32, '2020-10-05 06:57:37', '2020-10-05 06:57:37', NULL),
	(85, 75547.15, 50, 32, '2020-10-05 06:57:37', '2020-10-05 06:57:37', NULL),
	(38, 358892.52, 92, 32, '2020-10-05 06:57:37', '2020-10-05 06:57:37', NULL),
	(90, 503532.00, 145, 32, '2020-10-05 06:57:37', '2020-10-05 06:57:37', NULL),
	(37, 315989.99, 181, 32, '2020-10-05 06:57:37', '2020-10-05 06:57:37', NULL),
	(7, 58511.67, 187, 32, '2020-10-05 06:57:37', '2020-10-05 06:57:37', NULL),
	(19, 153963.46, 231, 32, '2020-10-05 06:57:37', '2020-10-05 06:57:37', NULL),
	(37, 167042.05, 241, 32, '2020-10-05 06:57:37', '2020-10-05 06:57:37', NULL),
	(99, 505311.84, 17, 33, '2020-10-05 06:57:37', '2020-10-05 06:57:37', NULL),
	(20, 141522.60, 45, 33, '2020-10-05 06:57:37', '2020-10-05 06:57:37', NULL),
	(1, 8605.01, 114, 33, '2020-10-05 06:57:37', '2020-10-05 06:57:37', NULL),
	(137, 1172458.33, 230, 33, '2020-10-05 06:57:37', '2020-10-05 06:57:37', NULL),
	(35, 83871.90, 291, 33, '2020-10-05 06:57:37', '2020-10-05 06:57:37', NULL),
	(40, 185712.80, 189, 34, '2020-10-05 06:57:37', '2020-10-05 06:57:37', NULL),
	(46, 299154.56, 190, 34, '2020-10-05 06:57:37', '2020-10-05 06:57:37', NULL),
	(25, 167377.00, 288, 34, '2020-10-05 06:57:37', '2020-10-05 06:57:37', NULL),
	(25, 66726.00, 289, 34, '2020-10-05 06:57:37', '2020-10-05 06:57:37', NULL),
	(6, 11635.44, 63, 35, '2020-10-05 06:57:37', '2020-10-05 06:57:37', NULL),
	(93, 402389.61, 254, 35, '2020-10-05 06:57:37', '2020-10-05 06:57:37', NULL),
	(1, 2159.88, 265, 35, '2020-10-05 06:57:37', '2020-10-05 06:57:37', NULL),
	(162, 36202.14, 117, 36, '2020-10-05 06:57:37', '2020-10-05 06:57:37', NULL),
	(72, 24520.32, 269, 36, '2020-10-05 06:57:37', '2020-10-05 06:57:37', NULL),
	(59, 372661.11, 102, 37, '2020-10-05 06:57:37', '2020-10-05 06:57:37', NULL),
	(20, 2202.40, 105, 37, '2020-10-05 06:57:37', '2020-10-05 06:57:37', NULL),
	(7, 58511.67, 187, 37, '2020-10-05 06:57:37', '2020-10-05 06:57:37', NULL),
	(84, 197986.32, 209, 37, '2020-10-05 06:57:37', '2020-10-05 06:57:37', NULL),
	(54, 509973.84, 27, 38, '2020-10-05 06:57:37', '2020-10-05 06:57:37', NULL),
	(56, 296976.96, 33, 38, '2020-10-05 06:57:37', '2020-10-05 06:57:37', NULL),
	(18, 2070.90, 91, 38, '2020-10-05 06:57:37', '2020-10-05 06:57:37', NULL),
	(92, 20105.68, 127, 38, '2020-10-05 06:57:37', '2020-10-05 06:57:37', NULL),
	(49, 365822.24, 158, 38, '2020-10-05 06:57:37', '2020-10-05 06:57:37', NULL),
	(9, 29656.80, 204, 38, '2020-10-05 06:57:37', '2020-10-05 06:57:37', NULL),
	(81, 772245.09, 293, 38, '2020-10-05 06:57:37', '2020-10-05 06:57:37', NULL),
	(95, 322420.50, 49, 39, '2020-10-05 06:57:37', '2020-10-05 06:57:37', NULL),
	(19, 104718.50, 128, 39, '2020-10-05 06:57:37', '2020-10-05 06:57:37', NULL),
	(44, 87227.36, 146, 39, '2020-10-05 06:57:37', '2020-10-05 06:57:37', NULL),
	(19, 142646.87, 164, 39, '2020-10-05 06:57:37', '2020-10-05 06:57:37', NULL),
	(1, 3038.43, 235, 39, '2020-10-05 06:57:37', '2020-10-05 06:57:37', NULL),
	(33, 63994.92, 63, 40, '2020-10-05 06:57:37', '2020-10-05 06:57:37', NULL),
	(16, 154131.68, 220, 40, '2020-10-05 06:57:37', '2020-10-05 06:57:37', NULL),
	(107, 940309.58, 239, 40, '2020-10-05 06:57:37', '2020-10-05 06:57:37', NULL),
	(35, 216683.25, 286, 40, '2020-10-05 06:57:37', '2020-10-05 06:57:37', NULL),
	(6, 54168.48, 16, 41, '2020-10-05 06:57:37', '2020-10-05 06:57:37', NULL),
	(93, 835183.71, 75, 41, '2020-10-05 06:57:37', '2020-10-05 06:57:37', NULL),
	(156, 1260398.88, 121, 41, '2020-10-05 06:57:37', '2020-10-05 06:57:37', NULL),
	(15, 112663.50, 193, 41, '2020-10-05 06:57:37', '2020-10-05 06:57:37', NULL),
	(53, 195697.20, 262, 41, '2020-10-05 06:57:37', '2020-10-05 06:57:37', NULL),
	(25, 235600.25, 270, 41, '2020-10-05 06:57:37', '2020-10-05 06:57:37', NULL),
	(4, 27058.12, 277, 41, '2020-10-05 06:57:37', '2020-10-05 06:57:37', NULL),
	(38, 32552.32, 26, 42, '2020-10-05 06:57:37', '2020-10-05 06:57:37', NULL),
	(95, 543818.95, 77, 42, '2020-10-05 06:57:37', '2020-10-05 06:57:37', NULL),
	(12, 33838.56, 106, 42, '2020-10-05 06:57:37', '2020-10-05 06:57:37', NULL),
	(23, 190783.62, 240, 42, '2020-10-05 06:57:37', '2020-10-05 06:57:37', NULL),
	(2, 12515.14, 36, 43, '2020-10-05 06:57:37', '2020-10-05 06:57:37', NULL),
	(35, 300357.05, 52, 43, '2020-10-05 06:57:37', '2020-10-05 06:57:37', NULL),
	(144, 551255.04, 95, 44, '2020-10-05 06:57:37', '2020-10-05 06:57:37', NULL),
	(17, 120799.96, 125, 44, '2020-10-05 06:57:37', '2020-10-05 06:57:37', NULL),
	(41, 17927.66, 133, 44, '2020-10-05 06:57:37', '2020-10-05 06:57:37', NULL),
	(126, 31352.58, 300, 44, '2020-10-05 06:57:37', '2020-10-05 06:57:37', NULL),
	(1, 8451.30, 170, 45, '2020-10-05 06:57:37', '2020-10-05 06:57:37', NULL),
	(109, 214007.33, 174, 45, '2020-10-05 06:57:37', '2020-10-05 06:57:37', NULL),
	(47, 16006.32, 269, 45, '2020-10-05 06:57:37', '2020-10-05 06:57:37', NULL),
	(126, 62352.36, 24, 46, '2020-10-05 06:57:37', '2020-10-05 06:57:37', NULL),
	(71, 184426.76, 41, 46, '2020-10-05 06:57:37', '2020-10-05 06:57:37', NULL),
	(72, 197259.12, 119, 46, '2020-10-05 06:57:37', '2020-10-05 06:57:37', NULL),
	(22, 51478.24, 188, 46, '2020-10-05 06:57:37', '2020-10-05 06:57:37', NULL),
	(15, 108851.25, 203, 46, '2020-10-05 06:57:37', '2020-10-05 06:57:37', NULL),
	(67, 623534.83, 218, 46, '2020-10-05 06:57:37', '2020-10-05 06:57:37', NULL),
	(46, 199031.42, 254, 46, '2020-10-05 06:57:37', '2020-10-05 06:57:37', NULL),
	(4, 25958.40, 268, 46, '2020-10-05 06:57:37', '2020-10-05 06:57:37', NULL),
	(40, 376960.40, 270, 46, '2020-10-05 06:57:37', '2020-10-05 06:57:37', NULL),
	(10, 83122.60, 272, 46, '2020-10-05 06:57:37', '2020-10-05 06:57:37', NULL),
	(66, 376079.88, 180, 47, '2020-10-05 06:57:37', '2020-10-05 06:57:37', NULL),
	(34, 41597.98, 201, 47, '2020-10-05 06:57:37', '2020-10-05 06:57:37', NULL),
	(83, 639632.86, 34, 48, '2020-10-05 06:57:37', '2020-10-05 06:57:37', NULL),
	(108, 747888.12, 59, 48, '2020-10-05 06:57:37', '2020-10-05 06:57:37', NULL),
	(50, 122327.50, 86, 48, '2020-10-05 06:57:37', '2020-10-05 06:57:37', NULL),
	(8, 68625.28, 130, 48, '2020-10-05 06:57:37', '2020-10-05 06:57:37', NULL),
	(27, 240674.22, 153, 48, '2020-10-05 06:57:37', '2020-10-05 06:57:37', NULL),
	(87, 713017.20, 155, 48, '2020-10-05 06:57:37', '2020-10-05 06:57:37', NULL),
	(13, 101962.90, 11, 49, '2020-10-05 06:57:37', '2020-10-05 06:57:37', NULL),
	(84, 670049.52, 108, 49, '2020-10-05 06:57:37', '2020-10-05 06:57:37', NULL),
	(7, 32403.56, 124, 49, '2020-10-05 06:57:37', '2020-10-05 06:57:37', NULL),
	(30, 274804.80, 173, 49, '2020-10-05 06:57:37', '2020-10-05 06:57:37', NULL),
	(72, 319045.68, 283, 49, '2020-10-05 06:57:37', '2020-10-05 06:57:37', NULL),
	(128, 490004.48, 95, 50, '2020-10-05 06:57:37', '2020-10-05 06:57:37', NULL),
	(140, 72277.80, 167, 50, '2020-10-05 06:57:37', '2020-10-05 06:57:37', NULL),
	(95, 25356.45, 186, 50, '2020-10-05 06:57:37', '2020-10-05 06:57:37', NULL),
	(68, 571883.40, 208, 50, '2020-10-05 06:57:37', '2020-10-05 06:57:37', NULL),
	(31, 207451.07, 258, 50, '2020-10-05 06:57:37', '2020-10-05 06:57:37', NULL);

--  estructura para tabla rumbabar.failed_jobs
CREATE TABLE IF NOT EXISTS `failed_jobs` (
  `id` bigint(20) unsigned NOT NULL AUTO_INCREMENT,
  `connection` text COLLATE utf8mb4_unicode_ci NOT NULL,
  `queue` text COLLATE utf8mb4_unicode_ci NOT NULL,
  `payload` longtext COLLATE utf8mb4_unicode_ci NOT NULL,
  `exception` longtext COLLATE utf8mb4_unicode_ci NOT NULL,
  `failed_at` timestamp NOT NULL DEFAULT CURRENT_TIMESTAMP,
  PRIMARY KEY (`id`)
) ENGINE=InnoDB DEFAULT CHARSET=utf8mb4 COLLATE=utf8mb4_unicode_ci;

--  datos para la tabla rumbabar.failed_jobs: ~0 rows (aproximadamente)
DELETE FROM `failed_jobs`;

--  estructura para tabla rumbabar.mesas
CREATE TABLE IF NOT EXISTS `mesas` (
  `MesaId` bigint(20) unsigned NOT NULL AUTO_INCREMENT,
  `MesaPuestos` tinyint(3) unsigned NOT NULL,
  `created_at` timestamp NULL DEFAULT NULL,
  `updated_at` timestamp NULL DEFAULT NULL,
  `deleted_at` timestamp NULL DEFAULT NULL,
  PRIMARY KEY (`MesaId`)
) ENGINE=InnoDB AUTO_INCREMENT=16 DEFAULT CHARSET=utf8mb4 COLLATE=utf8mb4_unicode_ci;

--  datos para la tabla rumbabar.mesas: ~15 rows (aproximadamente)
DELETE FROM `mesas`;
INSERT INTO `mesas` (`MesaId`, `MesaPuestos`, `created_at`, `updated_at`, `deleted_at`) VALUES
	(1, 2, NULL, NULL, NULL),
	(2, 8, NULL, NULL, NULL),
	(3, 4, NULL, NULL, NULL),
	(4, 8, NULL, NULL, NULL),
	(5, 6, NULL, NULL, NULL),
	(6, 2, NULL, NULL, NULL),
	(7, 2, NULL, NULL, NULL),
	(8, 6, NULL, NULL, NULL),
	(9, 8, NULL, NULL, NULL),
	(10, 8, NULL, NULL, NULL),
	(11, 6, NULL, NULL, NULL),
	(12, 8, NULL, NULL, NULL),
	(13, 2, NULL, NULL, NULL),
	(14, 2, NULL, NULL, NULL),
	(15, 4, NULL, NULL, NULL);

--  estructura para tabla rumbabar.migrations
CREATE TABLE IF NOT EXISTS `migrations` (
  `id` int(10) unsigned NOT NULL AUTO_INCREMENT,
  `migration` varchar(255) COLLATE utf8mb4_unicode_ci NOT NULL,
  `batch` int(11) NOT NULL,
  PRIMARY KEY (`id`)
) ENGINE=InnoDB AUTO_INCREMENT=25 DEFAULT CHARSET=utf8mb4 COLLATE=utf8mb4_unicode_ci;

--  datos para la tabla rumbabar.migrations: ~24 rows (aproximadamente)
DELETE FROM `migrations`;
INSERT INTO `migrations` (`id`, `migration`, `batch`) VALUES
	(1, '2013_09_25_200225_create_roles_table', 1),
	(2, '2014_10_12_000000_create_users_table', 1),
	(3, '2014_10_12_100000_create_password_resets_table', 1),
	(4, '2019_08_19_000000_create_failed_jobs_table', 1),
	(5, '2020_09_25_200207_create_proveedores_table', 1),
	(6, '2020_09_25_200556_create_products_table', 1),
	(7, '2020_09_25_201139_create_clientes_table', 1),
	(8, '2020_09_25_202155_create_mesas_table', 1),
	(9, '2020_09_25_215113_create_compras_table', 1),
	(10, '2020_09_25_215124_create_ventas_table', 1),
	(11, '2020_09_25_215239_create_permisos_table', 1),
	(12, '2020_09_25_215312_create_permiso_rol_table', 1),
	(13, '2020_09_25_215343_create_producto_venta_table', 1),
	(14, '2020_09_25_215517_create_compra_producto_table', 1),
	(15, '2020_10_05_062231_create_auditoria_clientes_table', 1),
	(16, '2020_10_05_062232_create_auditoria_mesas_table', 1),
	(17, '2020_10_05_062244_create_auditoria_permisos_table', 1),
	(18, '2020_10_05_062259_create_auditoria_productos_table', 1),
	(19, '2020_10_05_062310_create_auditoria_proveedores_table', 1),
	(20, '2020_10_05_062326_create_auditoria_roles_table', 1),
	(21, '2020_10_05_062335_create_auditoria_usuarios_table', 1),
	(22, '2020_10_05_062412_create_auditoria_compra_producto_table', 1),
	(23, '2020_10_05_062432_create_auditoria_producto_venta_table', 1),
	(24, '2020_10_05_062457_create_auditoria_permiso_rol_table', 1);

--  estructura para tabla rumbabar.password_resets
CREATE TABLE IF NOT EXISTS `password_resets` (
  `email` varchar(255) COLLATE utf8mb4_unicode_ci NOT NULL,
  `token` varchar(255) COLLATE utf8mb4_unicode_ci NOT NULL,
  `created_at` timestamp NULL DEFAULT NULL,
  KEY `password_resets_email_index` (`email`)
) ENGINE=InnoDB DEFAULT CHARSET=utf8mb4 COLLATE=utf8mb4_unicode_ci;

--  datos para la tabla rumbabar.password_resets: ~0 rows (aproximadamente)
DELETE FROM `password_resets`;

--  estructura para tabla rumbabar.permisos
CREATE TABLE IF NOT EXISTS `permisos` (
  `PermisoId` bigint(20) unsigned NOT NULL AUTO_INCREMENT,
  `PermisoNombre` varchar(255) COLLATE utf8mb4_unicode_ci NOT NULL,
  `created_at` timestamp NULL DEFAULT NULL,
  `updated_at` timestamp NULL DEFAULT NULL,
  `deleted_at` timestamp NULL DEFAULT NULL,
  PRIMARY KEY (`PermisoId`)
) ENGINE=InnoDB AUTO_INCREMENT=51 DEFAULT CHARSET=utf8mb4 COLLATE=utf8mb4_unicode_ci;

--  datos para la tabla rumbabar.permisos: ~50 rows (aproximadamente)
DELETE FROM `permisos`;
INSERT INTO `permisos` (`PermisoId`, `PermisoNombre`, `created_at`, `updated_at`, `deleted_at`) VALUES
	(1, 'Roldelete', NULL, NULL, NULL),
	(2, 'Clientecreate', NULL, NULL, NULL),
	(3, 'Compraread', NULL, NULL, NULL),
	(4, 'Ventacreate', NULL, NULL, NULL),
	(5, 'Mesaupdate', NULL, NULL, NULL),
	(6, 'Mesacreate', NULL, NULL, NULL),
	(7, 'Productoread', NULL, NULL, NULL),
	(8, 'Proveedorupdate', NULL, NULL, NULL),
	(9, 'Compradelete', NULL, NULL, NULL),
	(10, 'Usuariodelete', NULL, NULL, NULL),
	(11, 'Proveedorupdate', NULL, NULL, NULL),
	(12, 'Mesadelete', NULL, NULL, NULL),
	(13, 'Productoupdate', NULL, NULL, NULL),
	(14, 'Usuarioread', NULL, NULL, NULL),
	(15, 'Permisoupdate', NULL, NULL, NULL),
	(16, 'Permisoupdate', NULL, NULL, NULL),
	(17, 'Roldelete', NULL, NULL, NULL),
	(18, 'Proveedorcreate', NULL, NULL, NULL),
	(19, 'Permisoread', NULL, NULL, NULL),
	(20, 'Proveedorread', NULL, NULL, NULL),
	(21, 'Clienteupdate', NULL, NULL, NULL),
	(22, 'Usuarioread', NULL, NULL, NULL),
	(23, 'Productocreate', NULL, NULL, NULL),
	(24, 'Mesadelete', NULL, NULL, NULL),
	(25, 'Permisoread', NULL, NULL, NULL),
	(26, 'Ventadelete', NULL, NULL, NULL),
	(27, 'Productoread', NULL, NULL, NULL),
	(28, 'Permisoupdate', NULL, NULL, NULL),
	(29, 'Compradelete', NULL, NULL, NULL),
	(30, 'Usuariodelete', NULL, NULL, NULL),
	(31, 'Mesaread', NULL, NULL, NULL),
	(32, 'Rolread', NULL, NULL, NULL),
	(33, 'Mesadelete', NULL, NULL, NULL),
	(34, 'Ventadelete', NULL, NULL, NULL),
	(35, 'Permisoread', NULL, NULL, NULL),
	(36, 'Ventacreate', NULL, NULL, NULL),
	(37, 'Clientecreate', NULL, NULL, NULL),
	(38, 'Permisoupdate', NULL, NULL, NULL),
	(39, 'Productodelete', NULL, NULL, NULL),
	(40, 'Usuarioupdate', NULL, NULL, NULL),
	(41, 'Mesadelete', NULL, NULL, NULL),
	(42, 'Clienteread', NULL, NULL, NULL),
	(43, 'Permisocreate', NULL, NULL, NULL),
	(44, 'Ventadelete', NULL, NULL, NULL),
	(45, 'Usuarioread', NULL, NULL, NULL),
	(46, 'Mesacreate', NULL, NULL, NULL),
	(47, 'Clientedelete', NULL, NULL, NULL),
	(48, 'Clientecreate', NULL, NULL, NULL),
	(49, 'Rolread', NULL, NULL, NULL),
	(50, 'Mesaupdate', NULL, NULL, NULL);

--  estructura para tabla rumbabar.permiso_rol
CREATE TABLE IF NOT EXISTS `permiso_rol` (
  `fk_permiso` bigint(20) unsigned NOT NULL,
  `fk_rol` bigint(20) unsigned NOT NULL,
  `created_at` timestamp NULL DEFAULT NULL,
  `updated_at` timestamp NULL DEFAULT NULL,
  `deleted_at` timestamp NULL DEFAULT NULL,
  KEY `permiso_rol_fk_permiso_foreign` (`fk_permiso`),
  KEY `permiso_rol_fk_rol_foreign` (`fk_rol`),
  CONSTRAINT `permiso_rol_fk_permiso_foreign` FOREIGN KEY (`fk_permiso`) REFERENCES `permisos` (`PermisoId`),
  CONSTRAINT `permiso_rol_fk_rol_foreign` FOREIGN KEY (`fk_rol`) REFERENCES `roles` (`RolId`)
) ENGINE=InnoDB DEFAULT CHARSET=utf8mb4 COLLATE=utf8mb4_unicode_ci;

--  datos para la tabla rumbabar.permiso_rol: ~40 rows (aproximadamente)
DELETE FROM `permiso_rol`;
INSERT INTO `permiso_rol` (`fk_permiso`, `fk_rol`, `created_at`, `updated_at`, `deleted_at`) VALUES
	(12, 2, NULL, NULL, NULL),
	(24, 2, NULL, NULL, NULL),
	(45, 2, NULL, NULL, NULL),
	(36, 3, NULL, NULL, NULL),
	(2, 1, NULL, NULL, NULL),
	(11, 1, NULL, NULL, NULL),
	(19, 1, NULL, NULL, NULL),
	(28, 1, NULL, NULL, NULL),
	(31, 1, NULL, NULL, NULL),
	(32, 1, NULL, NULL, NULL),
	(35, 1, NULL, NULL, NULL),
	(41, 1, NULL, NULL, NULL),
	(42, 1, NULL, NULL, NULL),
	(47, 1, NULL, NULL, NULL),
	(15, 2, NULL, NULL, NULL),
	(17, 2, NULL, NULL, NULL),
	(20, 2, NULL, NULL, NULL),
	(23, 2, NULL, NULL, NULL),
	(27, 2, NULL, NULL, NULL),
	(33, 2, NULL, NULL, NULL),
	(43, 2, NULL, NULL, NULL),
	(2, 3, NULL, NULL, NULL),
	(3, 3, NULL, NULL, NULL),
	(17, 3, NULL, NULL, NULL),
	(29, 3, NULL, NULL, NULL),
	(32, 3, NULL, NULL, NULL),
	(43, 3, NULL, NULL, NULL),
	(44, 3, NULL, NULL, NULL),
	(45, 3, NULL, NULL, NULL),
	(50, 3, NULL, NULL, NULL),
	(3, 4, NULL, NULL, NULL),
	(7, 4, NULL, NULL, NULL),
	(8, 4, NULL, NULL, NULL),
	(20, 4, NULL, NULL, NULL),
	(22, 4, NULL, NULL, NULL),
	(25, 4, NULL, NULL, NULL),
	(28, 4, NULL, NULL, NULL),
	(32, 4, NULL, NULL, NULL),
	(38, 4, NULL, NULL, NULL),
	(44, 4, NULL, NULL, NULL);

--  estructura para tabla rumbabar.productos
CREATE TABLE IF NOT EXISTS `productos` (
  `ProductoId` bigint(20) unsigned NOT NULL AUTO_INCREMENT,
  `ProductoNombre` varchar(255) COLLATE utf8mb4_unicode_ci NOT NULL,
  `ProductoDescripcion` longtext COLLATE utf8mb4_unicode_ci NOT NULL,
  `ProductoPrecio` double(10,2) NOT NULL,
  `ProductoCantidad` mediumint(8) unsigned NOT NULL,
  `fk_proveedor` bigint(20) unsigned NOT NULL,
  `created_at` timestamp NULL DEFAULT NULL,
  `updated_at` timestamp NULL DEFAULT NULL,
  `deleted_at` timestamp NULL DEFAULT NULL,
  PRIMARY KEY (`ProductoId`),
  KEY `productos_fk_proveedor_foreign` (`fk_proveedor`),
  CONSTRAINT `productos_fk_proveedor_foreign` FOREIGN KEY (`fk_proveedor`) REFERENCES `proveedores` (`ProveedorId`)
) ENGINE=InnoDB AUTO_INCREMENT=301 DEFAULT CHARSET=utf8mb4 COLLATE=utf8mb4_unicode_ci;

--  datos para la tabla rumbabar.productos: ~300 rows (aproximadamente)
DELETE FROM `productos`;
INSERT INTO `productos` (`ProductoId`, `ProductoNombre`, `ProductoDescripcion`, `ProductoPrecio`, `ProductoCantidad`, `fk_proveedor`, `created_at`, `updated_at`, `deleted_at`) VALUES
	(1, 'Vitaminas', 'Libero nihil autem ipsam et libero qui consectetur. Error cumque omnis accusamus aut optio dolor voluptatibus. Ut distinctio eius omnis et ullam. Voluptatibus molestias omnis et laudantium a reprehenderit.', 2667.38, 27, 2, NULL, NULL, NULL),
	(2, 'Pasta', 'Consequuntur placeat sit magni iusto dicta sint illum enim. Sed dolores beatae excepturi. Expedita adipisci inventore accusamus laboriosam odio autem. Et assumenda sit quia odit.', 3959.43, 178, 44, NULL, NULL, NULL),
	(3, 'Cubitos de caldo', 'Et et officiis eos incidunt. Numquam temporibus iusto quis sed facere. Esse ipsum et quidem sint.', 2236.37, 59, 39, NULL, NULL, NULL),
	(4, 'Hongos', 'Dolorem ea qui qui quidem aperiam qui. Sint iusto consequatur alias placeat et. Commodi explicabo nulla dolorem qui harum quam id. Temporibus sit optio qui asperiores aut consequuntur dolorem sed.', 3263.48, 27, 46, NULL, NULL, NULL),
	(5, 'Camarón', 'Ut qui ducimus dignissimos fugit illum. Quia voluptatibus iusto odio facere dolor ut minima placeat. Qui animi sunt architecto laudantium officia rerum. A eaque consequuntur recusandae possimus id.', 7976.25, 150, 36, NULL, NULL, NULL),
	(6, 'Filtros', 'Commodi iste nesciunt numquam hic qui perferendis at voluptatem. Sed maxime architecto expedita eius. Sit et quae voluptas doloribus voluptas reiciendis esse. Consequatur harum libero soluta ullam beatae.', 8895.61, 87, 47, NULL, NULL, NULL),
	(7, 'Harina', 'Odit quis quo ut. Aliquam sit nesciunt aspernatur sed vero temporibus. Dolore praesentium nulla dolores est itaque omnis et. Voluptate provident nesciunt atque tempore impedit.', 7883.81, 98, 45, NULL, NULL, NULL),
	(8, 'Pepinillos', 'Repudiandae at nesciunt corporis ad. Harum dolore nesciunt nemo officiis quis optio. Blanditiis delectus est officiis placeat.', 6748.47, 111, 20, NULL, NULL, NULL),
	(9, 'Turquía', 'Veniam quas qui soluta aut quibusdam qui. Eaque aut veniam suscipit. Impedit et quia nostrum aspernatur corrupti corporis.', 6574.96, 196, 15, NULL, NULL, NULL),
	(10, 'lima', 'Consequatur et nam numquam. Rerum quis at unde amet quis a beatae. Sunt in rerum harum possimus qui. Molestiae temporibus voluptatem eaque.', 9810.37, 123, 46, NULL, NULL, NULL),
	(11, 'Comidas temáticas de bagre', 'Consequatur possimus enim et. Quis voluptates veritatis rerum quas dolor. Est eveniet quam vel aut recusandae earum neque dolor.', 7843.30, 87, 44, NULL, NULL, NULL),
	(12, 'Huevos', 'Consequatur possimus in labore magni. Perspiciatis illum occaecati cum totam quos similique. Velit quasi blanditiis sed ea. Qui quam tempore sint.', 2205.13, 8, 40, NULL, NULL, NULL),
	(13, 'Olivos', 'Quia sit doloribus exercitationem explicabo exercitationem iusto dolorum. Odit eligendi accusamus quas consectetur ea in earum. Voluptates aspernatur rerum molestiae et quasi.', 1014.18, 34, 26, NULL, NULL, NULL),
	(14, 'Mermelada', 'Perferendis reprehenderit consequatur facilis sint qui veritatis. Velit ipsa quisquam enim aliquam molestiae ut. Eius animi fugit officia ad.', 1784.19, 20, 20, NULL, NULL, NULL),
	(15, 'Pimiento rojo', 'Quis et incidunt fugiat temporibus. Expedita rem hic non vero. Est quisquam non dolores autem inventore.', 2895.91, 75, 17, NULL, NULL, NULL),
	(16, 'Bloc de notas', 'Ipsam in qui consequuntur eum id eum. Ut dolor et ratione nesciunt soluta unde enim. Voluptatem numquam voluptas repellat itaque.', 9028.08, 149, 43, NULL, NULL, NULL),
	(17, 'Bayas', 'Officiis et ut dolorem deserunt minus incidunt impedit. Voluptas suscipit harum in fuga. Repudiandae et consequatur omnis ut ad. Unde et dignissimos maiores velit voluptatem et sint. Eaque et qui sint inventore voluptates ea deserunt nam.', 5104.16, 109, 45, NULL, NULL, NULL),
	(18, 'Mezcla de pastel', 'Et esse sequi a blanditiis. Ut hic ipsam id esse natus eum. Voluptatem deserunt sint ratione perferendis omnis nostrum dolorum. Quia earum molestias inventore aperiam qui.', 7698.97, 74, 46, NULL, NULL, NULL),
	(19, 'Espinacas', 'Quasi voluptas necessitatibus tenetur quia ex. Eos enim eos nisi ut sunt nesciunt. Numquam dolore sed officia provident unde illo tempora deserunt.', 8828.42, 40, 33, NULL, NULL, NULL),
	(20, 'Comida', 'Assumenda nobis et voluptatem beatae quis eaque minus. Velit id suscipit et excepturi ut dolore. Vero sint est distinctio ea quia quisquam. Qui ipsum suscipit deserunt repellendus quos sed mollitia. Eveniet est accusamus et adipisci itaque quidem laborum.', 2604.64, 142, 11, NULL, NULL, NULL),
	(21, 'Crema batida', 'Dignissimos sit laborum sit dolorum vitae nisi. Consequuntur est ducimus sit vel reprehenderit non rerum placeat. Repellendus non enim nihil hic animi.', 5209.19, 19, 27, NULL, NULL, NULL),
	(22, 'Mayonesa', 'Ut sed necessitatibus aspernatur quo. Porro dicta ipsam explicabo.', 8839.66, 94, 40, NULL, NULL, NULL),
	(23, 'Carnes en conserva', 'Corrupti qui sit blanditiis id est porro. Quasi dolores unde magni officiis nihil. Pariatur sed eos molestias ex consequatur. Cum odio necessitatibus temporibus alias.', 3074.24, 12, 8, NULL, NULL, NULL),
	(24, 'Squash', 'Beatae rem qui facilis. Veritatis molestiae laudantium molestiae eos. Dolorem veniam voluptatibus qui eius suscipit facilis nostrum.', 494.86, 168, 41, NULL, NULL, NULL),
	(25, 'Saborear', 'Ab dicta officia odit doloremque. Culpa et nihil quisquam corporis. Doloribus facere qui dolor ducimus et dolores. Sed odio excepturi est ut sunt. Fugit expedita atque possimus qui debitis.', 3835.93, 175, 41, NULL, NULL, NULL),
	(26, 'Noche de pizza', 'Sed reprehenderit ea temporibus consequuntur suscipit ullam. Quisquam qui inventore ipsa aut debitis sint est. Odio quos consequatur qui quis dolorum dignissimos qui.', 856.64, 66, 31, NULL, NULL, NULL),
	(27, 'Bolsas de basura', 'Beatae qui asperiores tempora alias. Qui exercitationem eveniet nobis. Eveniet ducimus nihil vitae aperiam quo.', 9443.96, 59, 39, NULL, NULL, NULL),
	(28, 'Cacao', 'Eum fugit nam et officiis. Voluptatem dignissimos voluptatum et voluptas eveniet.', 9990.43, 162, 13, NULL, NULL, NULL),
	(29, 'Amianto', 'Natus nostrum beatae vero sed atque earum cum. Autem quia assumenda quibusdam ea in omnis.', 4910.80, 170, 19, NULL, NULL, NULL),
	(30, 'Salchicha', 'Quo est fugit nam ad qui sequi. Ea cum voluptatem ea non exercitationem voluptatum accusamus. Nisi harum fugit enim atque. Quis aut libero cupiditate provident.', 6279.28, 25, 23, NULL, NULL, NULL),
	(31, 'Tarta', 'Adipisci at ipsam culpa itaque consequatur eos commodi. Esse adipisci voluptas illo consequatur sit eos. Accusantium voluptatem qui amet laboriosam sed veniam reiciendis. Tempora quisquam veritatis est dolor quo dolor non.', 2602.37, 137, 21, NULL, NULL, NULL),
	(32, 'sobres', 'Quam quia delectus et iusto quia deserunt. Hic tenetur qui dignissimos perspiciatis voluptatum fuga. Nulla molestias sequi rerum velit error quisquam voluptates. Et ipsam optio ad dolore.', 6198.83, 47, 12, NULL, NULL, NULL),
	(33, 'CDR', 'Necessitatibus consequatur ut iusto magnam corporis. Vel deleniti dolor quia dicta a voluptas. Quia qui quos ut omnis rerum rerum. Ratione amet error qui doloremque qui est laboriosam consequuntur.', 5303.16, 147, 29, NULL, NULL, NULL),
	(34, 'Rollos de pizza', 'Expedita sapiente debitis minus dignissimos nesciunt rerum ea. Facere earum eos eius ut. Quaerat culpa laboriosam ut repudiandae. Et fugit explicabo quae doloribus omnis voluptates.', 7706.42, 103, 18, NULL, NULL, NULL),
	(35, 'Cerdo', 'Quaerat pariatur ut est accusamus sunt eius reprehenderit. Soluta numquam occaecati culpa aut fugit ullam. Tenetur autem inventore eveniet exercitationem minima. Quis magnam ea cum dolorum. Quod at temporibus non voluptas dolorem.', 6420.91, 26, 13, NULL, NULL, NULL),
	(36, 'Tarjeta de felicitación', 'Fugiat quia quae modi in corporis magni. Molestiae eum nemo hic nulla quo reiciendis corporis aliquid. Non odit voluptas mollitia est non.', 6257.57, 158, 36, NULL, NULL, NULL),
	(37, 'Comida para bebé', 'Illo debitis rem aut nulla omnis corporis neque modi. Aliquam autem odit impedit quos. Dolor et in consequatur reiciendis esse ab nesciunt sit.', 7077.91, 117, 50, NULL, NULL, NULL),
	(38, 'Tratamiento de pulgas', 'Tenetur quos magni labore in placeat. Delectus veritatis nemo accusantium reprehenderit minus in voluptate nihil. Molestias molestiae nostrum nemo molestias. Velit quo impedit veritatis adipisci dolorem. Sequi rerum aut voluptates quibusdam accusantium.', 321.05, 57, 24, NULL, NULL, NULL),
	(39, 'Ostras', 'Placeat quia minima exercitationem veritatis omnis sequi esse id. Ipsam ea in officiis beatae corrupti. Ad vero modi veniam delectus non aliquid. Mollitia unde quasi autem voluptate quis. A ab repudiandae quae nemo architecto ad nesciunt qui.', 3248.65, 131, 5, NULL, NULL, NULL),
	(40, 'Patatas fritas', 'Ut consequatur qui occaecati quis qui vitae est. Earum nobis eos ullam consequatur aut excepturi ab. Laboriosam et distinctio repellat sapiente hic recusandae quo qui.', 3295.16, 195, 9, NULL, NULL, NULL),
	(41, 'Ginebra', 'Est magni et omnis consequatur. Excepturi nihil inventore et quidem a. Aspernatur assumenda doloremque praesentium veniam ullam mollitia placeat. Sit delectus mollitia sunt quisquam vitae.', 2597.56, 130, 22, NULL, NULL, NULL),
	(42, 'Bálsamo labial', 'At aliquid iste quia vero rerum nobis. Quibusdam aliquid maxime consequatur ut. Nostrum non et sunt officiis.', 5681.89, 0, 4, NULL, NULL, NULL),
	(43, 'Verduras', 'Blanditiis pariatur molestias nisi. Sequi vel labore maiores eum corporis ut. Enim perferendis aut amet. Reiciendis accusamus odio quis ipsam velit quam.', 3358.12, 113, 45, NULL, NULL, NULL),
	(44, 'Pasta dental', 'Aspernatur vero dolores amet libero laborum est. Deleniti earum suscipit repellendus laboriosam et tempore. Nam quis sed libero praesentium. Harum consequatur aut tempore aut. Sed adipisci laborum sequi itaque et voluptas nam.', 2212.26, 134, 25, NULL, NULL, NULL),
	(45, 'Comidas envasadas Carne', 'Laudantium facilis vel perspiciatis ducimus commodi ab omnis. Enim est ipsa magnam soluta. Minima atque voluptatem consequuntur debitis exercitationem cumque. Qui neque qui non quia corrupti dolor. Ut consectetur ut distinctio et aut laudantium aut.', 7076.13, 50, 10, NULL, NULL, NULL),
	(46, 'Queso crema', 'Alias voluptas est qui modi excepturi possimus. Doloremque ex amet iure maxime. Explicabo esse voluptates et sint illo.', 2793.22, 16, 31, NULL, NULL, NULL),
	(47, 'Medicamento', 'Odio optio quia possimus doloremque dolorum excepturi. Qui adipisci nulla sunt recusandae.', 2440.11, 131, 20, NULL, NULL, NULL),
	(48, 'Salsa', 'Beatae recusandae voluptatem accusantium. Culpa ut ipsa necessitatibus. Autem est nulla tenetur.', 7923.02, 162, 18, NULL, NULL, NULL),
	(49, 'Soda', 'Explicabo fugiat delectus voluptatibus harum eligendi facilis. Dolores eligendi deserunt consequuntur ducimus.', 3393.90, 127, 43, NULL, NULL, NULL),
	(50, 'Pimientos', 'Doloremque eos error veritatis aperiam at incidunt. Ex commodi culpa et. Molestiae non voluptatem ut doloribus ea facilis est. Et consequatur voluptas voluptatem cupiditate rerum magnam repellendus.', 888.79, 122, 18, NULL, NULL, NULL),
	(51, 'Calabacín', 'Ratione inventore enim voluptatem aliquam quibusdam placeat voluptatem. Iure pariatur dignissimos quidem culpa. Nemo libero velit molestias nulla blanditiis labore in. Voluptas in molestiae reprehenderit provident vel. Veniam nam aut et quia aliquam alias architecto.', 131.84, 189, 22, NULL, NULL, NULL),
	(52, 'Curitas', 'Repudiandae quasi omnis aut ratione iste quis. Eligendi quos quos et. Velit pariatur ea corrupti nemo quae dolore.', 8581.63, 44, 8, NULL, NULL, NULL),
	(53, 'Limpiador Facial', 'Fugit aut aut esse sed praesentium. Aut consequuntur quia ut sed voluptatem adipisci cumque. Id tempora rerum officia et hic id.', 5368.17, 38, 12, NULL, NULL, NULL),
	(54, 'Chips de maíz', 'In ratione porro qui aperiam nihil. Asperiores eaque corporis voluptatem unde similique sint. Non provident distinctio reiciendis voluptatem.', 7670.76, 51, 43, NULL, NULL, NULL),
	(55, 'Queso Provolone', 'Dicta et quae in eos mollitia. Voluptatibus id voluptates eligendi odit reiciendis temporibus. Rem sint ullam vel et deleniti et. Consequuntur repellat saepe sit nisi.', 7906.12, 133, 49, NULL, NULL, NULL),
	(56, 'Ricotta', 'Eum rerum ducimus accusamus saepe labore. Vero qui et accusamus quo quo ut dolor. Ut ut consequatur eaque eos aliquid esse est. Facilis neque officia et et cupiditate.', 9240.03, 91, 3, NULL, NULL, NULL),
	(57, 'Caramelo', 'Iure vel voluptatibus voluptatum delectus quia velit et rerum. Aut nulla ut et quibusdam cum alias. Beatae et excepturi vel eum et architecto est.', 5401.96, 191, 31, NULL, NULL, NULL),
	(58, 'Barras de granola', 'Quo hic autem reprehenderit et quia molestiae dolorum. Culpa numquam nisi ut excepturi voluptatem minima voluptatem. Nostrum quo itaque quia iure non cupiditate ut.', 7361.35, 110, 22, NULL, NULL, NULL),
	(59, 'Sustituto de azúcar', 'Ea accusamus et magni recusandae. Facere optio et similique quo. Ducimus commodi at enim autem.', 6924.89, 176, 4, NULL, NULL, NULL),
	(60, 'Noche de tacos', 'Excepturi explicabo quas natus recusandae ipsa. Sequi aut at qui tempore minima modi voluptate ut. Quibusdam vel omnis quia odit iure.', 5654.90, 126, 23, NULL, NULL, NULL),
	(61, 'Patatas instantáneas', 'Dolorem distinctio voluptatum debitis accusantium. Tempora consectetur vel laboriosam explicabo. Et distinctio dolor repellat culpa dolor at. Quia pariatur excepturi sapiente ut aut expedita quos.', 6040.33, 85, 33, NULL, NULL, NULL),
	(62, 'brownie', 'Minus maiores et quos et molestiae debitis. Ratione et doloribus voluptatem ipsa iure. Et iusto esse vitae ullam.', 3256.87, 150, 19, NULL, NULL, NULL),
	(63, 'Tortillas', 'Eaque tenetur nulla harum molestias nihil incidunt magnam molestiae. Iusto omnis minima in commodi. Quis voluptatum delectus dolores quo. Totam modi sed esse quas.', 1939.24, 66, 11, NULL, NULL, NULL),
	(64, 'Zumo de frutas', 'Et in quia unde et quibusdam. Quo nam nihil excepturi enim.', 5844.17, 199, 12, NULL, NULL, NULL),
	(65, 'Lista de tareas de envoltura de plástico', 'Esse explicabo natus aliquam. Voluptatum necessitatibus tenetur facilis quam reiciendis temporibus. Nihil et sit sequi.', 4138.66, 51, 39, NULL, NULL, NULL),
	(66, 'Harina de avena', 'Vel eos eius labore magni dolor consequuntur. Qui voluptate eius nemo aut vel dolorem quidem. Aspernatur dolor pariatur et autem est illo.', 9817.45, 172, 13, NULL, NULL, NULL),
	(67, 'Hisopos', 'Numquam enim id eos voluptate sed amet similique. Et est voluptates odit adipisci. Omnis aut aspernatur laboriosam libero est.', 9548.02, 59, 23, NULL, NULL, NULL),
	(68, 'Productos cosméticos', 'Quis culpa nihil architecto nulla porro. Vel reiciendis libero odit labore earum eaque. Minus quo optio quia perferendis exercitationem.', 1336.72, 37, 41, NULL, NULL, NULL),
	(69, 'Coliflor', 'Ex odit explicabo cum est quam dolorem omnis natus. Eius consectetur eos non non asperiores nihil asperiores. Sequi fugiat animi tempore quia veritatis.', 4567.78, 43, 7, NULL, NULL, NULL),
	(70, 'Pañales', 'Quo quo non laudantium aut. Enim nostrum tenetur magni nesciunt. Dolor dolores sit dolorem et.', 8704.28, 146, 4, NULL, NULL, NULL),
	(71, 'Gaseosa', 'Magni qui eum reiciendis explicabo temporibus voluptatem magni. Quo et fugiat dolorum autem.', 9556.77, 189, 12, NULL, NULL, NULL),
	(72, 'Mezcladores', 'Nesciunt quis voluptate quam corrupti illo veniam sunt. Ut reprehenderit sunt nemo facilis voluptas odit consequuntur. Possimus aut eius et sit aliquam. Sed nobis error quod optio id quam ducimus. Consectetur nam tenetur qui voluptatibus mollitia.', 9941.24, 120, 29, NULL, NULL, NULL),
	(73, 'Salsa de bistec', 'Id porro dolores et assumenda odio. Et eaque provident pariatur laudantium recusandae. Sint dolorem voluptatem ducimus repellat ut dicta culpa. Aut expedita aut aut.', 9791.07, 131, 31, NULL, NULL, NULL),
	(74, 'Rollos', 'Facilis aut ea voluptate qui incidunt. Sit porro qui aut assumenda magnam ab. Provident dignissimos provident nemo officia veritatis repellat nihil. Laboriosam est ipsa autem reprehenderit dolore earum.', 547.46, 25, 28, NULL, NULL, NULL),
	(75, 'Toallitas', 'Consequatur fugit quod distinctio fuga occaecati. Quod dolore officia et corrupti. Mollitia libero ea aut voluptatem delectus. Voluptas fuga quam et est hic.', 8980.47, 123, 35, NULL, NULL, NULL),
	(76, 'Baby wash', 'Sit blanditiis asperiores nemo ut neque. Maiores a dignissimos dolorem repudiandae sunt voluptas aut. Consequatur repudiandae sit quia deserunt.', 2348.81, 160, 42, NULL, NULL, NULL),
	(77, 'Noche de hamburguesas', 'Ratione in aliquam illum magni fugit sequi eos. Sunt ipsum alias et et dolores facere. Ipsum culpa aperiam ut nemo. Minus voluptas laudantium eos eius.', 5724.41, 104, 15, NULL, NULL, NULL),
	(78, 'Carne de vaca', 'Vel voluptates quos sunt fugiat rem. Vero similique cum non consectetur voluptatem alias voluptatem facilis.', 8392.78, 175, 20, NULL, NULL, NULL),
	(79, 'Espárragos', 'Officiis recusandae eum eum omnis provident voluptas. Nemo mollitia cumque ipsa vel. Hic consectetur facere beatae dolore quisquam et sint.', 9921.41, 117, 26, NULL, NULL, NULL),
	(80, 'Limones', 'Tempore delectus sed repudiandae ut. Enim quia nisi eaque omnis placeat. Repellat quia similique et eveniet. Quia repellendus et rerum odit deleniti et.', 8594.83, 61, 48, NULL, NULL, NULL),
	(81, 'Pañuelo facial', 'Itaque neque laborum atque. Ut quo voluptates voluptatem. Sit maxime voluptatibus in dolores.', 3295.82, 82, 7, NULL, NULL, NULL),
	(82, 'Vodka', 'Libero quia perspiciatis magni totam voluptas velit. Laudantium eligendi libero ad doloribus ut aut eius. Quia sint quae autem. Officia necessitatibus dolores iure molestiae et quas.', 5113.47, 35, 21, NULL, NULL, NULL),
	(83, 'Cebollas', 'Deserunt est officia eveniet nobis laboriosam sed. Dignissimos maxime voluptas sunt minus sint. Aut perspiciatis impedit voluptas voluptatem quia fugiat dolorem. Incidunt laborum odit corporis aperiam animi corrupti. Minima porro aliquid sed rerum odit.', 3207.47, 126, 21, NULL, NULL, NULL),
	(84, 'DVDR', 'Occaecati et ipsum perspiciatis aut. Nisi rem eius ea consequatur quod aut. Et minus nam modi quo sunt. Nisi voluptates eos eius adipisci dolore.', 6809.62, 71, 40, NULL, NULL, NULL),
	(85, 'Cerveza', 'Impedit earum et repellendus velit fugit voluptatem. Provident officia tempore veniam veritatis ut. Vitae optio repellat quas fuga et corrupti. Ea exercitationem sint quia nulla velit molestiae nulla incidunt.', 7752.84, 47, 11, NULL, NULL, NULL),
	(86, 'Comida para perros', 'Optio dolor veniam et qui nobis. Iure molestiae quidem distinctio molestiae. Quam aperiam et quisquam est. Dolorum eum eaque blanditiis sit voluptatum ut non.', 2446.55, 172, 2, NULL, NULL, NULL),
	(87, 'Cangrejo', 'Voluptatem asperiores id aut exercitationem et. Eos culpa officiis mollitia. Magnam possimus explicabo eos est impedit et provident. Laudantium magni optio fugit voluptatibus magnam qui enim veniam.', 2965.84, 99, 28, NULL, NULL, NULL),
	(88, 'Té', 'Alias molestiae qui labore non sit et et. Voluptatem consequatur odio et perspiciatis iste quo. In earum ut quo qui cum fuga ullam.', 1168.01, 156, 36, NULL, NULL, NULL),
	(89, 'Sellos', 'Velit ut aut voluptatibus sapiente voluptatum sed. Vitae molestiae earum aut nulla eaque consequatur hic enim. Aperiam et ipsa et. Ut beatae temporibus incidunt incidunt.', 6086.82, 113, 29, NULL, NULL, NULL),
	(90, 'Cosas de bebe', 'Et ipsam nesciunt ut dolor odio voluptatum voluptas. Dolores rem doloribus temporibus deleniti molestiae. At necessitatibus mollitia excepturi consectetur. Voluptatem voluptatem et a.', 350.02, 199, 4, NULL, NULL, NULL),
	(91, 'Pavo', 'Iste id similique voluptatibus. Cupiditate rem architecto maiores et quo accusamus aut. Voluptate veniam illo eos.', 115.05, 38, 46, NULL, NULL, NULL),
	(92, 'Salsa BBQ', 'Amet aut occaecati earum quo omnis. Maiores voluptas officia et exercitationem voluptas. Quis aut error aliquid est in nihil similique quam.', 9444.54, 38, 35, NULL, NULL, NULL),
	(93, 'Pomelo', 'Tenetur reiciendis pariatur repellendus aut. In quis et qui iste illo. Provident doloremque ad sint eveniet.', 1826.24, 151, 42, NULL, NULL, NULL),
	(94, 'Zanahorias', 'Mollitia autem non quod voluptas. Ad veniam mollitia perspiciatis sed ad deleniti. Illo et rerum non at officiis.', 6244.84, 60, 15, NULL, NULL, NULL),
	(95, 'Langosta', 'Qui voluptates modi quibusdam unde omnis quod. Numquam ut deleniti ducimus ipsam. Sapiente eveniet consequatur a architecto aut.', 3828.16, 147, 6, NULL, NULL, NULL),
	(96, 'Manzanas', 'Non cupiditate cum vel consequatur ipsa. Eum ad quis nihil quisquam enim voluptas similique numquam. Fugit ea quasi illo.', 6683.69, 56, 30, NULL, NULL, NULL),
	(97, 'Burritos Especias y hierbas', 'Voluptatem dolorem deserunt voluptatem est aperiam unde. Consequuntur rerum earum praesentium nobis quae. Ut non id ex ut dolorum quaerat soluta. Repellat enim a recusandae tempore distinctio. Laborum voluptates perspiciatis repellendus error exercitationem.', 4573.06, 94, 45, NULL, NULL, NULL),
	(98, 'gofres', 'Ad sunt tenetur repellat adipisci molestias tenetur. Corporis animi sapiente reiciendis et et libero. Ab explicabo nisi error ut iste earum harum et. Dolorem sint aut nemo earum. Qui est veritatis officia error molestiae a fugiat excepturi.', 7082.60, 130, 7, NULL, NULL, NULL),
	(99, 'Antidiarreico', 'Suscipit optio voluptatum aperiam voluptatem aperiam cupiditate. Consectetur veritatis saepe est ut exercitationem voluptatem sed non. Beatae et fugiat quis eligendi rem sit exercitationem molestiae. Asperiores et quas eos aut vel est alias.', 7291.23, 101, 10, NULL, NULL, NULL),
	(100, 'Propano', 'Sit doloremque enim exercitationem voluptatem. Quis ea autem vero hic illo natus. Occaecati provident dolorum impedit ut. Aspernatur temporibus tempore sunt iste velit officiis. Quia consequuntur asperiores excepturi occaecati culpa.', 2800.49, 137, 17, NULL, NULL, NULL),
	(101, 'Gripe', 'Nesciunt consequatur laboriosam sed reiciendis facere. Incidunt laudantium dolorem corporis numquam tenetur animi aut. Corrupti qui aut consequatur fugiat velit.', 8426.51, 111, 10, NULL, NULL, NULL),
	(102, 'Noche de espaguetis', 'Voluptatem reiciendis incidunt eum quos molestiae laborum fuga eveniet. Praesentium vel et consequatur maiores quis magni. Quidem quidem ipsa corporis est et quis.', 6316.29, 120, 9, NULL, NULL, NULL),
	(103, 'Loción', 'Et unde et minima veritatis ad rerum aut tenetur. Minima ipsum eaque cumque rerum laborum. Repudiandae optio saepe sunt.', 1327.65, 133, 47, NULL, NULL, NULL),
	(104, 'Verdes', 'Rerum nostrum voluptate sit nostrum suscipit ratione provident. Aliquam optio et temporibus natus libero modi. Ut unde ab nesciunt cum dolorum iusto laboriosam. Magnam expedita explicabo voluptates.', 6619.88, 124, 29, NULL, NULL, NULL),
	(105, 'Apio', 'Minima iure officia tenetur est quisquam rerum. Doloremque et incidunt minima qui. Necessitatibus dolores facere cum quaerat. Accusamus et enim sed molestiae. Ipsa fuga nisi quo.', 110.12, 35, 14, NULL, NULL, NULL),
	(106, 'Bolígrafos', 'In assumenda ea id quaerat quaerat unde. Et sunt inventore voluptas. Inventore fugiat autem molestiae quaerat.', 2819.88, 185, 17, NULL, NULL, NULL),
	(107, 'Acortamiento', 'Ipsam fugit ipsam tempora quae qui aut placeat veritatis. Dolor et et esse. Voluptatum minus delectus accusamus unde sed blanditiis.', 8519.34, 127, 26, NULL, NULL, NULL),
	(108, 'Frijoles horneados', 'Atque quis pariatur dolores id aut. Provident dolorem qui vero. Qui non aliquam iusto praesentium porro dolores sit.', 7976.78, 119, 47, NULL, NULL, NULL),
	(109, 'Comida para llevar deli', 'Illum vero et totam nisi facilis ut. Voluptatem et repudiandae eum est. Ut quis reiciendis laboriosam sed illo.', 9495.89, 104, 18, NULL, NULL, NULL),
	(110, 'Repelente de insectos', 'Aut aut quos iste ut. Reiciendis ad sequi incidunt quia sit.', 5548.02, 45, 1, NULL, NULL, NULL),
	(111, 'Mascotas del ron', 'Est est officiis doloremque qui. Quidem autem doloremque deleniti beatae rerum repellat ab. Minus natus qui inventore illum molestias.', 4979.29, 196, 43, NULL, NULL, NULL),
	(112, 'Decoraciones', 'Recusandae consequatur quasi et nulla doloribus cumque non. Suscipit reprehenderit omnis saepe necessitatibus. Temporibus velit in voluptatum fuga.', 7781.38, 192, 8, NULL, NULL, NULL),
	(113, 'Noche de chile', 'Commodi aliquam quia eos. Dignissimos qui dolores iure labore unde perspiciatis maxime. Voluptas consequatur saepe sit totam ipsam.', 9066.58, 109, 30, NULL, NULL, NULL),
	(114, 'Croissants', 'Est et non laborum molestiae enim sed et. Exercitationem sed non commodi nemo harum maiores. Dolore a quasi hic id rerum minima omnis.', 8605.01, 19, 44, NULL, NULL, NULL),
	(115, 'Depuradores', 'Perferendis deserunt earum ut suscipit. Ut odio facilis quae beatae facere qui. Voluptatum qui at pariatur veniam sed id.', 1391.36, 4, 36, NULL, NULL, NULL),
	(116, 'Seda floja', 'Non ratione qui vel minima. Nemo illum cupiditate nemo nihil occaecati ratione cum. Rerum sapiente in consectetur voluptate. Neque minima odio perferendis porro.', 2775.94, 130, 49, NULL, NULL, NULL),
	(117, 'Mix', 'Aut quod accusamus voluptas rerum sed non. Earum tenetur dolor aperiam rem minima. Animi expedita ut reprehenderit dolores.', 223.47, 189, 26, NULL, NULL, NULL),
	(118, 'Queso cottage', 'Minima officia ullam ad earum. Eaque perspiciatis quis quis qui voluptatem excepturi est. Et quia nihil adipisci nisi. Culpa corporis suscipit iste ut rerum.', 6727.17, 199, 15, NULL, NULL, NULL),
	(119, 'Naranjas', 'Accusantium natus ex ab suscipit aut. Consequatur commodi dicta labore et rerum non. Ut et consequatur soluta quidem sed aut. Cum doloremque dolor quia porro est libero porro.', 2739.71, 169, 7, NULL, NULL, NULL),
	(120, 'Cigarrillos', 'Enim facere voluptatum doloribus sequi. Vel eaque repudiandae quasi vero. Ex dolorem omnis delectus quisquam. Earum eius id repellendus.', 8987.21, 89, 40, NULL, NULL, NULL),
	(121, 'Peras', 'Accusamus eos beatae iure tempore saepe. Sunt alias ducimus provident tempora. Eum earum iste fugit corrupti unde sit aut corporis. Odio ut dicta facilis ut quod necessitatibus.', 8079.48, 195, 38, NULL, NULL, NULL),
	(122, 'Mop head', 'Perferendis ab nulla cupiditate. Eos nostrum libero architecto aut sequi quia. At quam tempore minus eveniet.', 1603.15, 88, 5, NULL, NULL, NULL),
	(123, 'Bolsas para sándwich', 'Dolore quisquam atque fuga rerum. Et doloribus eum sunt ut.', 1937.92, 2, 42, NULL, NULL, NULL),
	(124, 'Chip dip', 'Illum accusamus sint quis perferendis dolorum ducimus est corporis. Expedita similique temporibus ut soluta aut facilis ut. Molestias asperiores voluptas eveniet ratione et enim harum nihil.', 4629.08, 99, 45, NULL, NULL, NULL),
	(125, 'Jugo concentrado', 'Accusamus quo quidem ut consequatur porro asperiores. Dolor nihil facilis eum vel est assumenda deserunt dolore. Aut ut eveniet atque qui dolores necessitatibus ipsam.', 7105.88, 30, 30, NULL, NULL, NULL),
	(126, 'Chile', 'Quod provident et vel voluptatem incidunt necessitatibus rem. Doloribus veritatis nesciunt voluptatum alias doloribus. Sed enim sed optio quaerat.', 7634.64, 17, 30, NULL, NULL, NULL),
	(127, 'Cinta adhesiva', 'Ipsa mollitia nesciunt necessitatibus et esse praesentium. Nesciunt eligendi illum ea blanditiis quo nam. Ut consequatur ut repellat sint.', 218.54, 194, 19, NULL, NULL, NULL),
	(128, 'Kiwis', 'Rerum cum occaecati soluta et ab. Voluptas adipisci quidem sunt laboriosam molestiae aut. Voluptas sint voluptas perspiciatis maiores culpa quis aspernatur. Exercitationem iure quasi itaque minus veritatis impedit et.', 5511.50, 88, 9, NULL, NULL, NULL),
	(129, 'Pan de pita', 'Beatae quam impedit et culpa. Quod aut officia qui distinctio blanditiis porro non. Est magni voluptatum ratione in.', 6709.61, 19, 10, NULL, NULL, NULL),
	(130, 'Fórmula', 'Ipsa dolores reiciendis est debitis ipsa vero ut iure. Doloremque dolorem non nemo.', 8578.16, 158, 31, NULL, NULL, NULL),
	(131, 'Arsénico', 'Et in asperiores sit quae aspernatur ut. Culpa quibusdam quis consectetur molestiae sed ut optio doloribus. Assumenda praesentium cum reprehenderit eos ex. Quia nemo soluta similique veritatis vero enim nemo.', 6793.90, 134, 15, NULL, NULL, NULL),
	(132, 'Azúcar', 'Commodi et reprehenderit delectus. Nihil vitae sed occaecati possimus consequatur autem quidem. Autem hic temporibus iure autem placeat qui quasi. Cum quae explicabo animi ut quam voluptatem.', 400.93, 65, 39, NULL, NULL, NULL),
	(133, 'Limas', 'Inventore incidunt ut id voluptatem quis quia itaque amet. Et ex et iste. Est neque est eligendi totam id provident cumque.', 437.26, 55, 47, NULL, NULL, NULL),
	(134, 'Desodorante anti-transpirante', 'Eum et maxime quia velit blanditiis atque ut explicabo. Quos sapiente culpa necessitatibus cum eveniet id incidunt.', 2039.73, 27, 27, NULL, NULL, NULL),
	(135, 'Automotor', 'Nobis aut et id praesentium. Natus quos sed alias aut. Quas natus officiis aut voluptate quia sit optio.', 9515.02, 15, 38, NULL, NULL, NULL),
	(136, 'Donuts', 'Aspernatur totam atque iusto tempora. Et atque aspernatur ratione consequuntur. Quod aut aut voluptatem et vitae ut non ea. Qui iste est et dicta atque voluptas ex.', 622.12, 89, 31, NULL, NULL, NULL),
	(137, 'Bloqueador solar', 'Error dolores ipsam numquam sequi inventore. Quia suscipit nam placeat sequi quos. Ut eos culpa ratione exercitationem. Enim enim dolorem ipsa reiciendis. Tempore tenetur esse omnis mollitia.', 699.28, 146, 2, NULL, NULL, NULL),
	(138, 'Jabón para lavavajillas', 'Qui ut odit sint a. Consequatur dicta hic est. Error atque aliquid aut est.', 4144.91, 157, 39, NULL, NULL, NULL),
	(139, 'Crema de afeitar', 'Sit quae qui omnis sit. Molestias repudiandae et eveniet voluptas adipisci qui ullam. Odit voluptatum ut cumque in sint beatae voluptas. Est et quae soluta et quaerat quis ducimus.', 5968.28, 89, 49, NULL, NULL, NULL),
	(140, 'Helado', 'Dolor quia explicabo omnis. Et a qui veniam ducimus. Molestiae in odio earum ut ea quia delectus. Illum nihil cum eos eaque animi accusamus.', 9844.50, 58, 4, NULL, NULL, NULL),
	(141, 'Baterías', 'Ea rerum voluptatem ut quo. Perspiciatis neque sed non. Hic facilis consequatur iure eveniet voluptates.', 494.53, 158, 35, NULL, NULL, NULL),
	(142, 'Queso Cheddar', 'Reiciendis incidunt temporibus inventore deserunt incidunt doloribus. Ea sit tenetur tempore a et id nihil. Fugit et iure voluptate recusandae.', 2545.76, 18, 22, NULL, NULL, NULL),
	(143, 'Periódico revista', 'Vero qui provident aut porro. Recusandae qui et eum. Natus accusamus quia quae iusto.', 9104.50, 10, 17, NULL, NULL, NULL),
	(144, 'Bombillas', 'Voluptate perferendis vel eum a quaerat aspernatur. Impedit dolores non distinctio autem magnam culpa dolor voluptate.', 889.50, 16, 2, NULL, NULL, NULL),
	(145, 'Chispas de chocolate', 'Et sit quibusdam esse quia minus. Quos est non eum maiores quod. Cumque occaecati dolor perspiciatis omnis eaque tempore. Eos est molestiae nam quia cumque a.', 5594.80, 163, 19, NULL, NULL, NULL),
	(146, 'Ketchup', 'Tenetur voluptatem provident aut hic. Et voluptas est incidunt eveniet qui eum tempora. Nihil est minus qui distinctio aliquam. Et sed aliquam labore delectus veniam ut.', 1982.44, 171, 11, NULL, NULL, NULL),
	(147, 'Albahaca', 'Libero pariatur officia qui blanditiis eius eaque. Ipsam iste accusamus laudantium suscipit qui et molestiae. Asperiores iste officia et minima cumque error deserunt. Dolorum sit repudiandae accusamus et aut voluptas beatae aliquam.', 329.69, 11, 23, NULL, NULL, NULL),
	(148, 'golosinas', 'Officia ut quo enim vel suscipit a aut et. Sed et ea odit atque culpa dicta. Nostrum expedita cum placeat maiores eum sed porro. Numquam fugiat voluptate vel voluptatibus.', 7970.81, 87, 27, NULL, NULL, NULL),
	(149, 'Motivo', 'Nihil illum enim ipsa deserunt qui non. Et et tenetur officiis saepe. Maiores libero qui molestias.', 2944.23, 170, 4, NULL, NULL, NULL),
	(150, 'Carbón', 'Consequatur nesciunt facilis adipisci qui enim repellendus. Qui suscipit a exercitationem odit soluta recusandae reiciendis. Quia molestias amet aliquid quas et unde.', 6867.64, 159, 14, NULL, NULL, NULL),
	(151, 'Pan fresco', 'Enim et sit incidunt assumenda culpa. Nobis dolorum incidunt sint dolorum. Dolor praesentium corporis molestiae quod et sed et.', 8033.63, 94, 10, NULL, NULL, NULL),
	(152, 'Champú para mascotas', 'Aliquam impedit sit cupiditate ut et commodi. Cum itaque beatae ut enim. Possimus architecto aut autem possimus voluptatem ut. Saepe est vero minima ab repellat.', 3523.63, 117, 26, NULL, NULL, NULL),
	(153, 'Papel encerado', 'In est qui quia quia. Nihil qui rem animi aut.', 8913.86, 36, 48, NULL, NULL, NULL),
	(154, 'Magdalenas inglesas', 'Id laborum dolore minus ea. Dolor quo vitae harum quia a sit libero. Sit voluptatum illo debitis repellat ipsa.', 7739.96, 129, 42, NULL, NULL, NULL),
	(155, 'Pastel', 'Corporis asperiores tenetur suscipit tempora et est. Tempora rerum sequi vel tenetur. Blanditiis non adipisci iusto et maiores.', 8195.60, 161, 24, NULL, NULL, NULL),
	(156, 'Canela', 'Quasi est qui asperiores iusto ullam facere cupiditate. Suscipit amet provident nobis ex repellendus modi ab. Fugiat qui in vitae delectus laborum minus quidem. Numquam facilis sunt molestias incidunt accusantium dolorum.', 5540.98, 9, 17, NULL, NULL, NULL),
	(157, 'Ajo', 'Occaecati praesentium voluptatem veritatis similique dolorem quis. Et ratione tenetur sit maiores ducimus. Ab molestiae tenetur ad soluta et aspernatur qui. Dolor doloremque consequatur quas voluptatem placeat.', 6998.51, 156, 18, NULL, NULL, NULL),
	(158, 'Melocotones', 'Voluptatem aspernatur non aspernatur aliquam. Dolor ducimus at nulla aut repellat. Error at quaerat nisi omnis eaque voluptas.', 7465.76, 164, 15, NULL, NULL, NULL),
	(159, 'Palomitas de maiz', 'Atque suscipit doloribus earum rerum aut. Voluptatem qui voluptas possimus quisquam at optio. Quia eveniet ullam fuga.', 2936.51, 80, 29, NULL, NULL, NULL),
	(160, 'Paletas de hielo', 'Vel alias in inventore. Porro quasi voluptas in cupiditate cum quo unde. Quibusdam laborum nisi magni reiciendis laboriosam. Occaecati veniam molestiae expedita accusamus.', 8166.67, 16, 22, NULL, NULL, NULL),
	(161, 'Antibiótico', 'Quis eligendi nam a vitae ut. Dolorem eos ut dignissimos. Quo error iste nesciunt.', 1743.00, 98, 46, NULL, NULL, NULL),
	(162, 'Resfriado', 'Natus quod molestiae delectus nihil et totam. Et eveniet facere delectus commodi. Alias vel maxime et omnis laudantium neque. Consequatur molestiae doloremque cumque numquam aliquam blanditiis.', 4899.38, 58, 50, NULL, NULL, NULL),
	(163, 'Palitos de pescado', 'Ea minus rem quo cum natus. Qui aut molestias aut vitae perferendis. Optio ut amet illo ratione perspiciatis occaecati fugiat. Quos dolorem voluptas qui autem autem saepe et.', 4685.63, 141, 22, NULL, NULL, NULL),
	(164, 'Gelatina', 'Quidem voluptas ipsa fugit et aut sit. Qui similique et ut eveniet et perferendis sed. Accusantium qui sint facere rerum laudantium. Voluptates in velit reiciendis nulla molestiae ullam consequatur. Magni dolores autem hic nam.', 7507.73, 39, 16, NULL, NULL, NULL),
	(165, 'Club soda', 'Aliquam eos non exercitationem quia accusamus. Ipsa aut eos rerum minima. Quo sed harum asperiores amet necessitatibus id. Necessitatibus ratione natus voluptate ab iste ex.', 6384.33, 35, 40, NULL, NULL, NULL),
	(166, 'Sal', 'Earum libero similique quod placeat et. Alias mollitia qui aut tempora rerum. Voluptatem hic impedit quis cum itaque exercitationem occaecati animi. Aut nobis distinctio dolor a deleniti.', 9698.60, 160, 49, NULL, NULL, NULL),
	(167, 'lavavajillas', 'Qui rerum sed facere cumque quod. Sed unde id sit id. Eveniet placeat aut perferendis eos eum sed aut eum.', 516.27, 159, 32, NULL, NULL, NULL),
	(168, 'Frutas frescas', 'Iure facere neque est voluptatem illum quis inventore. Ut et ex blanditiis quibusdam distinctio repudiandae. Eos cupiditate ut et voluptatem. Neque et voluptatem rem nostrum et enim deleniti est.', 8877.09, 181, 31, NULL, NULL, NULL),
	(169, 'Cilantro', 'Laboriosam sequi et laudantium est ipsam aliquam. Ut expedita occaecati et qui modi aperiam. Quis non veniam cumque et sit velit.', 3229.88, 189, 26, NULL, NULL, NULL),
	(170, 'Sinusitis', 'Libero suscipit sit ut deleniti expedita. Reprehenderit voluptates ut voluptatibus quam iusto quia non. Quibusdam cumque et rem vitae ipsum odio nam. Animi ipsum quibusdam vel voluptas voluptatum incidunt atque quas.', 8451.30, 93, 12, NULL, NULL, NULL),
	(171, 'Patatas', 'Officiis aliquam iure et libero. Est provident accusantium dolorem ipsa. Voluptas nisi molestiae aperiam quasi itaque expedita. Neque fugit est minus ab omnis odio.', 7084.96, 30, 44, NULL, NULL, NULL),
	(172, 'Salmón', 'Quod voluptas vel sint omnis. Aut nemo pariatur quisquam quia consectetur.', 3611.00, 141, 49, NULL, NULL, NULL),
	(173, 'spray para el cabello', 'Soluta odio sed totam ex facilis. Id assumenda veritatis mollitia quia porro libero earum ipsum. Qui animi et assumenda quod dignissimos odio amet. Ut eveniet saepe sapiente aperiam nihil.', 9160.16, 30, 3, NULL, NULL, NULL),
	(174, 'Salsa Worcestershire', 'Consequatur voluptatem consequatur dolor quam dicta aliquid. Unde occaecati quam nisi illo possimus nostrum illum optio. Dignissimos ea velit ut animi eligendi minus ipsa ab. Sint illum officiis odit ut esse neque.', 1963.37, 114, 34, NULL, NULL, NULL),
	(175, 'Tofu', 'Blanditiis consequatur accusamus quis nam non. Porro distinctio animi odio. In aut et et nostrum eaque vero aliquid explicabo.', 8609.30, 2, 42, NULL, NULL, NULL),
	(176, 'Navajas', 'In et exercitationem at eum quaerat et id incidunt. Ut ea culpa eos ut. Est quibusdam ut quis eos.', 2472.37, 169, 15, NULL, NULL, NULL),
	(177, 'Lechuga', 'Voluptatem recusandae id eius sapiente. Ut omnis nostrum iusto excepturi et. Doloremque facilis maxime qui distinctio velit.', 8551.43, 69, 20, NULL, NULL, NULL),
	(178, 'Uvas', 'Et et amet rerum dolorum eos vitae assumenda. Ipsa fuga earum aut quam mollitia non voluptatum corporis. Et natus et voluptate excepturi ea.', 4668.46, 52, 6, NULL, NULL, NULL),
	(179, 'Nectarinas', 'Temporibus impedit maiores in id quae recusandae repellat. Esse est nobis sit. Sunt facere omnis natus alias qui.', 7359.27, 56, 21, NULL, NULL, NULL),
	(180, 'Fruta', 'Ducimus accusantium amet nesciunt quod. Recusandae quisquam eveniet laborum quos quisquam sit. Assumenda provident qui aliquam recusandae asperiores delectus. Similique nihil quos omnis illo.', 5698.18, 74, 19, NULL, NULL, NULL),
	(181, 'Macarrones con queso', 'Et itaque accusamus debitis omnis et quasi maiores labore. Consequatur beatae voluptas excepturi sit.', 8540.27, 129, 28, NULL, NULL, NULL),
	(182, 'Perritos calientes', 'Reiciendis et eveniet aut iste sunt minus aut. Nisi eum omnis consequatur dolor numquam. Quas ab cupiditate omnis quis et maiores voluptas in.', 429.25, 140, 45, NULL, NULL, NULL),
	(183, 'Jarabe', 'Voluptatem nam quod consequatur facilis impedit id. Aspernatur rerum delectus et sunt esse eos sequi. Dolorum cupiditate assumenda repellendus et eveniet dolores ducimus voluptatem.', 4581.82, 81, 40, NULL, NULL, NULL),
	(184, 'Snacks de aceite de oliva', 'Magnam modi iusto voluptatem expedita aliquam odit sed. Corrupti laboriosam ut magnam reprehenderit ex distinctio esse.', 9098.48, 199, 50, NULL, NULL, NULL),
	(185, 'Crema agria', 'Fugiat consequatur tempora inventore. Unde laborum repudiandae quaerat inventore repellat facilis. Sint consequatur accusamus voluptatem nulla qui tempore temporibus perferendis. Soluta et possimus quisquam et molestias et.', 1030.72, 195, 30, NULL, NULL, NULL),
	(186, 'Sorbete', 'Autem quo nam placeat enim nisi. Ut similique fugit qui pariatur voluptas. Temporibus dolorum ea et excepturi deserunt recusandae. Et atque qui dolorem veniam.', 266.91, 114, 36, NULL, NULL, NULL),
	(187, 'Feta', 'Voluptatibus et facilis temporibus qui. Eum exercitationem quia voluptate fuga. Ut enim ea sunt atque qui fugit.', 8358.81, 31, 36, NULL, NULL, NULL),
	(188, 'Migas de pan', 'Ratione est eos rerum. Est dolore enim cum.', 2339.92, 55, 42, NULL, NULL, NULL),
	(189, 'Margarina', 'Error harum sed tempore sed sit. Hic quam nesciunt enim. Quis sint totam quis nulla architecto.', 4642.82, 140, 38, NULL, NULL, NULL),
	(190, 'Queso de cabra', 'Consectetur distinctio voluptatem non. Voluptas quisquam ratione repudiandae ex iste. Quia et voluptas sint cupiditate voluptas dicta. Recusandae dolore eius sit sunt. Sed doloremque molestias ipsum hic molestiae praesentium.', 6503.36, 88, 36, NULL, NULL, NULL),
	(191, 'Caldo', 'Voluptas tempore nulla fugiat quia assumenda ipsa qui. Asperiores eum velit quia non ea ipsum eos. Autem porro voluptates aperiam soluta eum quibusdam. Velit possimus voluptas ut et iure eveniet.', 2564.49, 72, 40, NULL, NULL, NULL),
	(192, 'Plátanos', 'Inventore porro hic aut blanditiis quo voluptates. Occaecati dicta qui est quis rerum et. Unde enim deleniti reiciendis minima qui maxime. Maiores et occaecati ex ut aut soluta qui.', 1732.80, 106, 37, NULL, NULL, NULL),
	(193, 'Aspirina', 'Ut et perferendis eos numquam eum quo culpa. Aspernatur eos mollitia velit et voluptatem. Ut id porro voluptatibus. Reprehenderit nesciunt exercitationem voluptatem odit.', 7510.90, 109, 50, NULL, NULL, NULL),
	(194, 'Tater tots', 'Ut eaque amet aut ullam molestiae et dolores. A non aut et ut sed recusandae doloribus ut. Rem fugit sunt consequatur ad eos adipisci. Eum aperiam fugiat est sed similique odit similique.', 8401.63, 93, 38, NULL, NULL, NULL),
	(195, 'Mostaza', 'Rerum provident et eos et ad deleniti saepe. Provident in maxime voluptatem voluptas laborum doloribus laudantium. Provident aut optio in amet aut aut id. Voluptatum facere cum soluta non et.', 1194.42, 12, 4, NULL, NULL, NULL),
	(196, 'Pollo', 'Beatae consequatur nostrum et error eius facere. Doloremque provident doloribus recusandae tempore. Aut voluptas qui dolore aperiam nihil cupiditate quae.', 4527.76, 134, 38, NULL, NULL, NULL),
	(197, 'Whisky', 'Eos velit magni cumque velit reprehenderit laudantium. Minus maiores aut quod itaque quo tempore. Illum ipsam autem ut. Illum eum iusto pariatur velit corporis reprehenderit blanditiis explicabo.', 6166.19, 9, 37, NULL, NULL, NULL),
	(198, 'Tomates', 'Exercitationem et facere aliquam necessitatibus non ipsam amet. Dolores aperiam magnam commodi ut a et magni. Quas natus qui suscipit veniam aspernatur laudantium qui. Magnam ut magnam maiores itaque ea. Provident ad maiores fugiat.', 957.07, 35, 19, NULL, NULL, NULL),
	(199, 'congelador', 'Non nostrum natus illum velit cupiditate itaque tenetur. Dolor laudantium sed fugit eum iste vel a.', 6936.45, 80, 11, NULL, NULL, NULL),
	(200, 'Ciruelas', 'Ut molestiae praesentium non et harum. Illo temporibus laudantium perspiciatis. Iusto qui quasi quisquam quasi.', 5271.47, 150, 45, NULL, NULL, NULL),
	(201, 'Neutralizador de acidez', 'Laborum omnis natus provident. Aut quaerat beatae laboriosam alias.', 1223.47, 185, 40, NULL, NULL, NULL),
	(202, 'Desayunos Bebidas', 'Beatae illo doloribus ex ipsum hic aut sint. Sed numquam cumque neque odio. Quis modi et et enim incidunt dolor ratione optio.', 4007.35, 135, 34, NULL, NULL, NULL),
	(203, 'Pimenton', 'Distinctio asperiores quaerat sit id quibusdam earum. Ducimus vel enim officiis labore repellendus dolores id sed.', 7256.75, 150, 43, NULL, NULL, NULL),
	(204, 'Servilletas', 'Consequatur libero consequuntur iste suscipit et. Consequuntur autem voluptatem eius qui quia voluptas exercitationem. Doloribus sint non molestias hic qui.', 3295.20, 37, 14, NULL, NULL, NULL),
	(205, 'Tilapia', 'Tempora sapiente hic nostrum unde quia pariatur. Culpa et porro repellendus qui consequatur officia error.', 6211.34, 80, 19, NULL, NULL, NULL),
	(206, 'Perejil', 'Magnam quasi natus soluta soluta molestias iusto. Ipsa asperiores quisquam molestias fugiat debitis.', 7677.54, 103, 13, NULL, NULL, NULL),
	(207, 'Material de oficina', 'Qui voluptates qui quia facilis est enim velit. Consequuntur aut facilis sint quas. Velit nam aut ullam velit non.', 7481.76, 141, 18, NULL, NULL, NULL),
	(208, 'Shampoo Acondicionador', 'Facilis eius alias enim magnam eum velit. Dicta rerum qui delectus eaque nam voluptatibus. Accusamus eos laborum sunt itaque quaerat. Hic eum ut soluta voluptate.', 8410.05, 87, 49, NULL, NULL, NULL),
	(209, 'Menta', 'Ratione possimus ea eligendi ut temporibus dolorem illum. Nostrum ut nisi dolorem eum rem. Molestiae quam alias eaque at ipsa ut.', 2356.98, 86, 22, NULL, NULL, NULL),
	(210, 'Mejillones', 'Cupiditate quo consequuntur eos corrupti. Dolor consequuntur eos dolorem aut molestiae. Dolorem sequi provident temporibus qui repudiandae cupiditate laboriosam. Minus est cupiditate tenetur atque quia. Non nihil est necessitatibus.', 163.39, 72, 17, NULL, NULL, NULL),
	(211, 'Atún', 'Voluptate et molestiae expedita rerum deleniti laboriosam velit. Voluptatem expedita velit quasi ipsam blanditiis voluptates blanditiis omnis. Odit ut et quis voluptas ut quia eos.', 7161.82, 159, 26, NULL, NULL, NULL),
	(212, 'Sopa', 'Ipsa quo voluptatem natus excepturi quaerat ut. Aut impedit voluptates porro et qui aut neque. Accusamus est non consequuntur nemo iure quo aut.', 6135.68, 71, 1, NULL, NULL, NULL),
	(213, 'Radionúclidos', 'Quis facere corrupti distinctio rerum velit iste qui. Impedit explicabo ut iste et. Ipsam ut et nihil culpa. Odio totam quia voluptas.', 7530.20, 29, 20, NULL, NULL, NULL),
	(214, 'Bollos', 'Doloribus qui voluptatem et. Molestiae neque quia adipisci voluptatum. Aut quibusdam labore natus. Et accusamus cupiditate sit beatae odio voluptates incidunt.', 6124.22, 170, 6, NULL, NULL, NULL),
	(215, 'Jugo de limón', 'Sed nihil cum et et. Consequuntur harum quam ipsa. Quo unde et sed et perspiciatis nemo exercitationem est.', 8453.79, 140, 36, NULL, NULL, NULL),
	(216, 'Aguacates', 'Laboriosam voluptate est non nihil aut sint est sunt. Veritatis ducimus doloremque qui cumque veritatis nisi ad. In consequatur ducimus ipsum totam deleniti voluptatum voluptatem.', 1349.14, 178, 41, NULL, NULL, NULL),
	(217, 'Limpiador de baños', 'Molestias quasi quaerat aut necessitatibus accusamus aliquam. Velit et inventore sint. Nisi esse mollitia commodi et.', 2221.46, 76, 24, NULL, NULL, NULL),
	(218, 'Fruta seca', 'Et eum deleniti explicabo ea cum inventore sed. Labore nesciunt ad voluptatem reprehenderit sint. Molestiae nisi et aut sequi iusto eum nemo sed. Qui id est natus dolor.', 9306.49, 200, 41, NULL, NULL, NULL),
	(219, 'Jabón de manos', 'Rem quo officia consectetur totam. Labore iste est debitis et error dolorem dicta. Sit nobis laborum fugiat voluptas rerum amet.', 5662.05, 91, 17, NULL, NULL, NULL),
	(220, 'Lápices', 'Nesciunt aspernatur voluptatem dolorem quod. Quasi nihil quo qui laboriosam quia reprehenderit. Voluptates voluptate sequi a ipsa.', 9633.23, 103, 37, NULL, NULL, NULL),
	(221, 'Miel', 'Non sit blanditiis aut atque. Dolor consequatur qui ut magnam beatae similique qui. Veritatis ut aut laboriosam mollitia. Eveniet illum modi error suscipit quibusdam culpa.', 3716.40, 5, 28, NULL, NULL, NULL),
	(222, 'Arroz', 'Architecto vel aliquid quasi perferendis. Et nisi iure ut asperiores quia id. Vitae eligendi eos saepe unde et iusto.', 325.07, 99, 5, NULL, NULL, NULL),
	(223, 'Jamón', 'Corrupti quae aliquam nulla atque enim. Veniam impedit qui et ducimus sunt. Qui autem ut eius sunt. Quo mollitia in officiis rerum autem cumque.', 9490.53, 46, 50, NULL, NULL, NULL),
	(224, 'Blanqueador', 'Sit iste voluptatem quidem exercitationem exercitationem sed enim libero. Hic cupiditate animi esse ut. Quia consequatur molestias sapiente ullam veniam minima.', 9497.74, 131, 30, NULL, NULL, NULL),
	(225, 'Alergia', 'Unde nihil ea nam corporis assumenda libero soluta. Corrupti quaerat et vitae laudantium iste optio repudiandae laborum. Eaque deleniti nisi quia est harum.', 9563.98, 81, 25, NULL, NULL, NULL),
	(226, 'Rebanadas de sándwich', 'Quibusdam quos eveniet in porro ut. Dolorem sed vero dolorem ad in doloribus aut totam. Fugit et modi accusantium laborum inventore placeat.', 6650.89, 156, 29, NULL, NULL, NULL),
	(227, 'Mantequilla de maní', 'Architecto sint non nulla non. Velit nihil cum voluptatem cumque assumenda. Ea repellat et illo accusamus eveniet. Vel voluptas quis non porro.', 6427.91, 0, 10, NULL, NULL, NULL),
	(228, 'Cloruro de vinilo', 'Libero ullam est suscipit adipisci. Veniam nisi ea dolores. Sit at ut harum aut a.', 856.94, 102, 25, NULL, NULL, NULL),
	(229, 'Otras cosas médicas', 'Ipsam tempore eos id qui harum tempora. Possimus non quidem veniam. Quas quia et culpa voluptas explicabo et.', 1990.71, 194, 2, NULL, NULL, NULL),
	(230, 'Limpiador de vidrio', 'Voluptas qui ut porro. Voluptatum deserunt consequatur est temporibus aliquam quaerat. Eos sint aspernatur qui at nulla sint maiores. Quia veniam quas suscipit magnam quod dolore.', 8558.09, 152, 38, NULL, NULL, NULL),
	(231, 'Pimienta negra', 'Quidem dignissimos eligendi nam. Veritatis non quis assumenda quibusdam similique aut autem. Consequatur molestiae et optio quidem. Eius eum non quas eius officia. Nam quis beatae architecto voluptatum sunt.', 8103.34, 172, 33, NULL, NULL, NULL),
	(232, 'Salsa de soja', 'Blanditiis ipsam aut voluptate minus voluptate similique itaque. Enim esse optio aut. Cum voluptas quisquam sed corrupti. Ab et dolore rerum dolorum ut.', 4017.37, 3, 47, NULL, NULL, NULL),
	(233, 'Tocino', 'Repellat dolore at qui voluptas amet molestiae. Suscipit esse est nihil. Voluptatem qui est optio odit. Ipsam sapiente labore quidem inventore odit.', 1582.55, 56, 16, NULL, NULL, NULL),
	(234, 'Polvo de hornear', 'Aliquam earum recusandae deleniti dolorem. In voluptatem quis quibusdam recusandae sunt magni eum. Ullam itaque tempora eum fuga et sed temporibus magnam.', 166.98, 114, 2, NULL, NULL, NULL),
	(235, 'Cocina de pretzels', 'Ut ut non est voluptas est omnis. Est in officia et rerum. Facilis atque at accusantium consequatur soluta sed voluptas voluptatem. Voluptatem dolorum quasi illo sit. Dicta quo sed hic est error asperiores ratione.', 3038.43, 150, 14, NULL, NULL, NULL),
	(236, 'Carne de almuerzo', 'Ea animi quia iusto velit molestiae quasi. Ullam iusto sequi iusto natus mollitia soluta repellat. Non deleniti quisquam sint reprehenderit nihil iure.', 3560.42, 119, 28, NULL, NULL, NULL),
	(237, 'Maíz', 'Rem ut qui enim maxime unde corporis. Aut consectetur porro est rerum ratione inventore. Veniam quas molestias eligendi alias. Molestiae voluptatum qui ut qui veritatis placeat ad. Quos enim quae dolor aut non.', 8985.65, 140, 50, NULL, NULL, NULL),
	(238, 'Cerezas', 'Aut molestiae velit provident voluptatibus consequatur. Laborum id nostrum sit molestiae vero quidem nam explicabo. Quaerat et sunt voluptatem molestiae sed incidunt enim.', 290.18, 129, 37, NULL, NULL, NULL),
	(239, 'Cereal', 'Mollitia expedita at et praesentium minus et animi. Quis vitae enim nulla nam qui. Eaque aut nulla ipsum voluptate.', 8787.94, 124, 40, NULL, NULL, NULL),
	(240, 'Gel', 'Sequi sunt voluptatem quos. Exercitationem illum animi ducimus provident iusto quos. Quod quibusdam ad assumenda provident impedit ea dolore.', 8294.94, 59, 47, NULL, NULL, NULL),
	(241, 'Spray antiadherente', 'Vel occaecati necessitatibus sunt iusto. Est nobis culpa nesciunt aperiam. Suscipit reiciendis libero consequatur aut eos quaerat.', 4514.65, 45, 22, NULL, NULL, NULL),
	(242, 'Otro', 'Sunt adipisci deleniti facilis. Dolorum aperiam nam molestias fugit. Qui minima voluptas debitis minus repudiandae sequi. Non architecto nostrum aut et tempore earum.', 2156.54, 80, 18, NULL, NULL, NULL),
	(243, 'Semillas de nuez', 'Aut aliquid qui dignissimos et id architecto. Explicabo sed fugiat unde ipsam dolorem incidunt incidunt. Quo sequi repellat commodi sunt aut. Et eum est consequatur animi sequi.', 6997.21, 25, 6, NULL, NULL, NULL),
	(244, 'Melón', 'Ipsum qui totam veniam maxime voluptate quia adipisci aut. Mollitia temporibus et eligendi tempora. Molestiae qui dolorum deleniti. Sed adipisci harum quo nam minima perferendis sunt.', 6068.88, 139, 10, NULL, NULL, NULL),
	(245, 'Congelado', 'Consequatur eveniet ullam suscipit ut excepturi. Nulla animi beatae tempora laudantium in voluptates omnis voluptatem. Illum voluptatem nulla voluptatem fugiat voluptate quo eaque. Totam a laboriosam sequi quaerat.', 3703.81, 174, 20, NULL, NULL, NULL),
	(246, 'Analgésico', 'Modi ut neque impedit neque ad. Quo exercitationem blanditiis sed reprehenderit quas. Consequatur aliquid et aspernatur itaque qui. Modi et cupiditate ab molestias voluptas. Omnis beatae ut sapiente soluta officia.', 8767.49, 147, 9, NULL, NULL, NULL),
	(247, 'Vacuum bags', 'Aperiam consequuntur maiores illum ut tempora eum quod. Harum veniam aut repellat odio possimus. Ullam illum repudiandae hic et molestias.', 7883.00, 189, 49, NULL, NULL, NULL),
	(248, 'Mitad mitad', 'Unde at ut exercitationem iusto ut maiores sapiente. Illum aliquid nemo accusantium debitis placeat. A est est nesciunt ut occaecati autem atque.', 9318.48, 115, 18, NULL, NULL, NULL),
	(249, 'Flores', 'Expedita omnis rerum aliquam ut autem enim est. Et necessitatibus sit fugiat distinctio assumenda eaque. Magnam quo libero nihil velit.', 7477.07, 134, 39, NULL, NULL, NULL),
	(250, 'Suplementos', 'Aut ea velit voluptate. Voluptatem quae est velit et iure nihil magni. Aspernatur occaecati quam esse et quia impedit quo. Dolorum recusandae itaque sit magnam expedita.', 5381.07, 136, 16, NULL, NULL, NULL),
	(251, 'Brócoli', 'Odio non placeat sed earum earum voluptatibus. Rerum dolore ut reiciendis sed. Officiis ut magni ut illo tempora sit. Inventore esse non consequatur cumque enim sit maxime officiis.', 4043.92, 106, 38, NULL, NULL, NULL),
	(252, 'Horneado de queso azul', 'Ea voluptatum eveniet in et minima dolor eos. Id qui delectus quo vero nobis qui iure. Dolores harum nesciunt hic quia consequatur. Illo perspiciatis sapiente amet iure natus. Ipsa adipisci nemo pariatur exercitationem incidunt dolorem.', 6039.46, 45, 25, NULL, NULL, NULL),
	(253, 'Coba', 'Laudantium fugiat dolores commodi et. Consectetur labore fugiat ut veritatis et facilis. Nihil a officia et itaque ea.', 2404.62, 153, 23, NULL, NULL, NULL),
	(254, 'Cenas de TV', 'Qui qui odio molestiae eligendi. Numquam voluptas quasi amet dolorem qui molestias repellendus iure.', 4326.77, 99, 37, NULL, NULL, NULL),
	(255, 'Bagels', 'Aliquid totam voluptatem omnis animi voluptates quis. Dicta rem facilis ullam dolores nisi sint assumenda. Non distinctio dolores atque eum et distinctio nihil laborum.', 2133.45, 152, 30, NULL, NULL, NULL),
	(256, 'Carne molida', 'Rerum dolor tempore voluptatibus in. Numquam optio nesciunt ut neque hic ea quae. Eveniet facilis ea non.', 315.66, 105, 35, NULL, NULL, NULL),
	(257, 'Toallas de papel', 'Et ratione inventore omnis adipisci nihil necessitatibus libero nobis. Omnis quisquam temporibus aliquam. Sint ipsum eos deserunt eaque similique.', 9135.39, 140, 20, NULL, NULL, NULL),
	(258, 'Vino tinto', 'Ratione ab aliquam quia voluptates velit. Voluptatem laboriosam enim laudantium ducimus tempore dolore. Laboriosam hic voluptas dolorum est aut.', 6691.97, 43, 49, NULL, NULL, NULL),
	(259, 'Aceite vegetal', 'Iure rerum error est sapiente dolores repellat. Qui repellendus amet sed quibusdam ipsum perspiciatis. At quam aut quisquam libero reprehenderit deleniti.', 5733.94, 51, 20, NULL, NULL, NULL),
	(260, 'Queso', 'Tempora culpa ratione recusandae officiis ut porro. Earum voluptate aliquam tempore dolores veritatis harum. Illum autem quas ducimus fugit enim aliquam provident consequatur. Qui veritatis provident repellendus et ducimus.', 7569.55, 106, 8, NULL, NULL, NULL),
	(261, 'Hummus', 'Et et quod voluptate quis in alias dolorem id. Explicabo ut omnis aspernatur et. Minus dolores quae illo aspernatur sequi minus rem.', 7275.16, 56, 45, NULL, NULL, NULL),
	(262, 'Detergente', 'Molestiae voluptatem dignissimos optio omnis dicta. Explicabo officiis ex asperiores ratione quos deserunt. Quia omnis est rerum soluta et quidem assumenda.', 3692.40, 156, 3, NULL, NULL, NULL),
	(263, 'Papel de aluminio', 'Et ratione nisi optio voluptatem fugit. Et non quaerat adipisci consectetur cupiditate culpa. Soluta tempora ea dolor. Non assumenda eveniet amet distinctio amet iusto.', 4064.28, 16, 7, NULL, NULL, NULL),
	(264, 'Chicle', 'Explicabo ex consequuntur qui ex laboriosam eos. Ut animi veritatis et amet. Sit dolorum consequatur qui libero quia hic. Quae beatae repellat et sed eius vero.', 414.47, 0, 22, NULL, NULL, NULL),
	(265, 'Pizza', 'Dolores facilis cumque repudiandae eius. Provident esse eaque suscipit impedit. Ut est molestias perspiciatis sint quo officia et est. Quia provident ullam et natus aliquam aliquam.', 2159.88, 0, 17, NULL, NULL, NULL),
	(266, 'Suizo', 'Nostrum earum similique omnis est. Voluptatem illum quod est commodi unde ipsum. Voluptas consectetur voluptatibus repudiandae corrupti similique. Vero fugit omnis quaerat eveniet.', 2660.09, 170, 30, NULL, NULL, NULL),
	(267, 'Café', 'Iure illum asperiores qui accusantium sit sint quam. Velit atque nulla alias dignissimos et quos vel molestiae. Vel ut voluptas officia iure cupiditate eaque.', 8382.03, 1, 49, NULL, NULL, NULL),
	(268, 'Conservas', 'Voluptas est ipsa sapiente est enim et. Libero deleniti incidunt labore est. Voluptatem aut aut ut qui. Hic recusandae aut impedit voluptatem et tenetur fugit.', 6489.60, 6, 46, NULL, NULL, NULL),
	(269, 'Esponjas', 'Et repudiandae aut ipsa magni. Maxime minus autem recusandae maxime iusto quo architecto. Et quia veniam maxime est quasi officiis voluptatem sit. Voluptatem ut dolor consequuntur sint itaque voluptatum quis.', 340.56, 168, 18, NULL, NULL, NULL),
	(270, 'Varios comestibles', 'Porro est labore incidunt sit et repellendus. Mollitia qui asperiores eos eveniet vero aut. Est et architecto non aliquam. Porro excepturi commodi pariatur qui consequuntur rerum.', 9424.01, 90, 38, NULL, NULL, NULL),
	(271, 'Jengibre', 'Quos sint ab nihil amet est. Alias nemo earum distinctio soluta. Veniam deleniti illo sed numquam quam quas enim.', 6643.04, 66, 9, NULL, NULL, NULL),
	(272, 'Galletas', 'Laudantium et culpa sunt eos sapiente quo totam. Et consectetur esse deserunt.', 8312.26, 91, 9, NULL, NULL, NULL),
	(273, 'Vino blanco', 'Eius ut quisquam necessitatibus rem. Quia sunt quas rerum aperiam voluptatem et. Nostrum sint dicta in sed ea voluptatem.', 7602.02, 68, 17, NULL, NULL, NULL),
	(274, 'Leche', 'Quibusdam voluptas sed omnis corporis. Eos est voluptatibus nulla nesciunt porro. Culpa rerum eligendi sit voluptate voluptatem. Doloremque et ea reprehenderit laudantium.', 785.71, 108, 7, NULL, NULL, NULL),
	(275, 'Vinagre', 'Est iure ducimus nihil quod exercitationem est. Aliquam quis totam autem qui. Quidem voluptas et aliquam laboriosam.', 8976.20, 177, 46, NULL, NULL, NULL),
	(276, 'Papel higiénico', 'Optio ea velit quia nisi sequi distinctio repellendus. Pariatur est tempora et accusantium. Culpa alias iure consequatur sed voluptas minus quis ut.', 194.75, 185, 10, NULL, NULL, NULL),
	(277, 'Papel de imprimir', 'Et ratione dicta corporis sapiente. Maiores numquam excepturi placeat dolorem. Vitae nam voluptas sint.', 6764.53, 17, 18, NULL, NULL, NULL),
	(278, 'Aderezo para ensaladas', 'Quo sed officiis est optio sit nobis. Ut est sunt architecto vel consequatur. Officiis vitae officia voluptatem at eos ducimus quo modi.', 9155.32, 139, 10, NULL, NULL, NULL),
	(279, 'Panes listos para hornear', 'Sunt qui ut ut qui doloribus. Vitae debitis praesentium dolorem beatae adipisci ipsam qui excepturi. Excepturi recusandae ut placeat tempore dignissimos sit occaecati. Quia non neque quas doloribus explicabo.', 395.70, 185, 17, NULL, NULL, NULL),
	(280, 'Pan rebanado', 'Vel qui voluptas eius rerum ducimus quas. Quia modi aliquam adipisci qui. Vero modi laboriosam rerum ratione sequi debitis quia.', 4713.83, 166, 37, NULL, NULL, NULL),
	(281, 'Champán', 'Architecto ducimus enim et dolorem ut temporibus qui. Vero et magnam nesciunt voluptates nam porro. Molestiae at consequatur nulla fuga.', 9852.77, 114, 26, NULL, NULL, NULL),
	(282, 'Jugo', 'Distinctio qui quidem consequatur maiores. Tempora vitae et harum assumenda similique rerum. A pariatur earum sed et sit necessitatibus molestiae.', 6328.98, 94, 29, NULL, NULL, NULL),
	(283, 'Enjuague bucal', 'Porro voluptas amet exercitationem sed ab. Facilis ullam quae aperiam eum ex tempora. Accusantium sed et culpa consequatur earum.', 4431.19, 89, 43, NULL, NULL, NULL),
	(284, 'Bebidas deportivas', 'Ipsam voluptas non deserunt maiores natus placeat iusto. Quidem dolore facere porro soluta modi non. Iure soluta dolorum incidunt voluptatum impedit enim. Est molestiae repellendus rerum nobis tempora consequatur.', 3378.84, 91, 34, NULL, NULL, NULL),
	(285, 'Queso Mozzarella', 'Error occaecati aliquid non odit et iste. Aliquam atque aut voluptas non veniam. Optio laudantium accusamus est. Autem dolorum ad consectetur autem reiciendis officiis.', 5537.19, 50, 23, NULL, NULL, NULL),
	(286, 'Parmesano', 'Excepturi nihil perspiciatis nihil temporibus eius. Est qui quo laudantium recusandae delectus nesciunt. Et eius quis quam aut. Esse voluptatum nemo accusantium voluptatem.', 6190.95, 60, 3, NULL, NULL, NULL),
	(287, 'Pasteles', 'Non corrupti optio necessitatibus. Dolorum adipisci tempora nihil voluptas omnis beatae itaque eum. Nemo vitae officiis cum cumque accusamus et sunt.', 7893.35, 46, 8, NULL, NULL, NULL),
	(288, 'Arena para gatos', 'Reiciendis inventore est dolores quod soluta. Et ut nulla est sit. Possimus molestiae minus rerum perferendis cum libero non.', 6695.08, 162, 29, NULL, NULL, NULL),
	(289, 'Recogida de recetas', 'Molestiae est ullam est eveniet. Dolor non odio omnis fugiat dolore deserunt quasi. Quas aspernatur aut alias et hic.', 2669.04, 122, 47, NULL, NULL, NULL),
	(290, 'Mezcla de panqueques', 'Voluptatem aut sed autem rem adipisci temporibus. Natus aut sit voluptas officia voluptatem aspernatur non. Est ut ab molestias amet. Blanditiis qui voluptas dicta asperiores iusto tenetur expedita.', 9087.19, 77, 22, NULL, NULL, NULL),
	(291, 'Condones', 'Soluta sit iure numquam fuga deserunt autem doloremque. Facere ut ducimus id illo et voluptatem voluptatibus. Aut perferendis dicta possimus cumque est odio vel laudantium. Quia modi ut nobis corporis est rem voluptates sint.', 2396.34, 57, 6, NULL, NULL, NULL),
	(292, 'Jabón de baño', 'Perferendis natus eum voluptatibus. Aut itaque repellendus nam. Blanditiis omnis et eos aut dolorum dolorem officia.', 6918.91, 186, 20, NULL, NULL, NULL),
	(293, 'bolas de algodón', 'Quia neque tempora fugit voluptatem perspiciatis fugiat corrupti. Occaecati possimus omnis unde quam.', 9533.89, 100, 5, NULL, NULL, NULL),
	(294, 'Papas', 'Exercitationem commodi quis vitae temporibus ut non. Et culpa officia esse veniam quisquam maiores alias. Doloribus nesciunt dolorem nihil perspiciatis qui. Blanditiis optio possimus ratione ut.', 3947.92, 13, 40, NULL, NULL, NULL),
	(295, 'Huevos falsos', 'Quia rerum cum voluptatem eveniet. Culpa quos blanditiis et necessitatibus. Fuga commodi molestiae sed cum dicta.', 9697.98, 183, 38, NULL, NULL, NULL),
	(296, 'Yogur', 'Dolorem numquam enim consequatur nulla facilis quisquam. Dolorem optio vel at et dolorem. Hic sequi dolor doloribus sint in sint illum.', 7668.36, 141, 20, NULL, NULL, NULL),
	(297, 'Salsa para pasta', 'Molestias impedit et quo autem eos. Et iusto soluta facilis voluptatibus possimus facilis deleniti. Minima enim ut vero voluptas eveniet quidem numquam.', 5903.38, 147, 26, NULL, NULL, NULL),
	(298, 'Orégano', 'Placeat voluptas doloribus dolorem ut. Occaecati autem nobis dolorem. Voluptatibus rerum voluptate ex eligendi rerum aut. Temporibus iusto molestiae voluptate id enim vel.', 7476.82, 33, 9, NULL, NULL, NULL),
	(299, 'Productos femeninos', 'Ad dolorem exercitationem corrupti quam iste. Voluptas non aut adipisci fuga. Aut inventore architecto iste ipsam. Pariatur quaerat aut recusandae alias dolor dolor.', 2318.71, 138, 27, NULL, NULL, NULL),
	(300, 'Otro b.c.', 'Molestias iure ut vel nostrum quia et. Beatae rerum debitis saepe consectetur ipsa velit. Adipisci accusantium alias dolorem quia quos sint nihil placeat. Mollitia vero omnis velit vitae est sint dicta sapiente. Natus alias dolores nemo hic repellendus.', 248.83, 168, 24, NULL, NULL, NULL);

--  estructura para tabla rumbabar.producto_venta
CREATE TABLE IF NOT EXISTS `producto_venta` (
  `ventaCantidad` smallint(5) unsigned NOT NULL,
  `ventaSubtotal` double(10,2) NOT NULL,
  `fk_producto` bigint(20) unsigned NOT NULL,
  `fk_venta` bigint(20) unsigned NOT NULL,
  `created_at` timestamp NULL DEFAULT NULL,
  `updated_at` timestamp NULL DEFAULT NULL,
  `deleted_at` timestamp NULL DEFAULT NULL,
  KEY `producto_venta_fk_producto_foreign` (`fk_producto`),
  KEY `producto_venta_fk_venta_foreign` (`fk_venta`),
  CONSTRAINT `producto_venta_fk_producto_foreign` FOREIGN KEY (`fk_producto`) REFERENCES `productos` (`ProductoId`),
  CONSTRAINT `producto_venta_fk_venta_foreign` FOREIGN KEY (`fk_venta`) REFERENCES `ventas` (`VentaId`)
) ENGINE=InnoDB DEFAULT CHARSET=utf8mb4 COLLATE=utf8mb4_unicode_ci;

--  datos para la tabla rumbabar.producto_venta: ~593 rows (aproximadamente)
DELETE FROM `producto_venta`;
INSERT INTO `producto_venta` (`ventaCantidad`, `ventaSubtotal`, `fk_producto`, `fk_venta`, `created_at`, `updated_at`, `deleted_at`) VALUES
	(7, 49532.91, 45, 1, '2020-10-05 06:57:37', '2020-10-05 06:57:37', NULL),
	(89, 655160.15, 58, 1, '2020-10-05 06:57:37', '2020-10-05 06:57:37', NULL),
	(46, 395362.18, 80, 1, '2020-10-05 06:57:37', '2020-10-05 06:57:37', NULL),
	(45, 18041.85, 132, 1, '2020-10-05 06:57:37', '2020-10-05 06:57:37', NULL),
	(15, 6558.90, 133, 1, '2020-10-05 06:57:37', '2020-10-05 06:57:37', NULL),
	(81, 769316.94, 224, 1, '2020-10-05 06:57:37', '2020-10-05 06:57:37', NULL),
	(81, 560431.71, 292, 1, '2020-10-05 06:57:37', '2020-10-05 06:57:37', NULL),
	(106, 845482.50, 5, 2, '2020-10-05 06:57:37', '2020-10-05 06:57:37', NULL),
	(16, 88768.32, 110, 2, '2020-10-05 06:57:37', '2020-10-05 06:57:37', NULL),
	(39, 205587.33, 200, 2, '2020-10-05 06:57:37', '2020-10-05 06:57:37', NULL),
	(68, 417226.24, 212, 2, '2020-10-05 06:57:37', '2020-10-05 06:57:37', NULL),
	(152, 29602.00, 276, 2, '2020-10-05 06:57:37', '2020-10-05 06:57:37', NULL),
	(88, 234875.52, 289, 2, '2020-10-05 06:57:37', '2020-10-05 06:57:37', NULL),
	(14, 133474.46, 293, 2, '2020-10-05 06:57:37', '2020-10-05 06:57:37', NULL),
	(18, 18255.24, 13, 3, '2020-10-05 06:57:37', '2020-10-05 06:57:37', NULL),
	(2, 3875.84, 123, 3, '2020-10-05 06:57:37', '2020-10-05 06:57:37', NULL),
	(103, 879647.81, 181, 3, '2020-10-05 06:57:37', '2020-10-05 06:57:37', NULL),
	(32, 211836.16, 104, 4, '2020-10-05 06:57:37', '2020-10-05 06:57:37', NULL),
	(88, 61536.64, 137, 4, '2020-10-05 06:57:37', '2020-10-05 06:57:37', NULL),
	(65, 209942.20, 169, 4, '2020-10-05 06:57:37', '2020-10-05 06:57:37', NULL),
	(14, 64999.48, 189, 4, '2020-10-05 06:57:37', '2020-10-05 06:57:37', NULL),
	(7, 42869.54, 214, 4, '2020-10-05 06:57:37', '2020-10-05 06:57:37', NULL),
	(51, 168086.82, 81, 5, '2020-10-05 06:57:37', '2020-10-05 06:57:37', NULL),
	(14, 1610.70, 91, 5, '2020-10-05 06:57:37', '2020-10-05 06:57:37', NULL),
	(1, 9515.02, 135, 5, '2020-10-05 06:57:37', '2020-10-05 06:57:37', NULL),
	(81, 566879.31, 157, 5, '2020-10-05 06:57:37', '2020-10-05 06:57:37', NULL),
	(110, 822993.60, 207, 5, '2020-10-05 06:57:37', '2020-10-05 06:57:37', NULL),
	(77, 435977.85, 219, 5, '2020-10-05 06:57:37', '2020-10-05 06:57:37', NULL),
	(35, 332168.55, 223, 5, '2020-10-05 06:57:37', '2020-10-05 06:57:37', NULL),
	(119, 236894.49, 229, 5, '2020-10-05 06:57:37', '2020-10-05 06:57:37', NULL),
	(106, 802372.30, 260, 5, '2020-10-05 06:57:37', '2020-10-05 06:57:37', NULL),
	(17, 112931.68, 271, 5, '2020-10-05 06:57:37', '2020-10-05 06:57:37', NULL),
	(15, 40010.70, 1, 6, '2020-10-05 06:57:37', '2020-10-05 06:57:37', NULL),
	(96, 41208.00, 182, 6, '2020-10-05 06:57:37', '2020-10-05 06:57:37', NULL),
	(40, 160294.00, 202, 6, '2020-10-05 06:57:37', '2020-10-05 06:57:37', NULL),
	(22, 185021.10, 208, 6, '2020-10-05 06:57:37', '2020-10-05 06:57:37', NULL),
	(24, 108351.60, 241, 6, '2020-10-05 06:57:37', '2020-10-05 06:57:37', NULL),
	(106, 643301.28, 244, 6, '2020-10-05 06:57:37', '2020-10-05 06:57:37', NULL),
	(107, 997077.36, 248, 6, '2020-10-05 06:57:37', '2020-10-05 06:57:37', NULL),
	(143, 56585.10, 279, 6, '2020-10-05 06:57:37', '2020-10-05 06:57:37', NULL),
	(64, 431902.08, 8, 7, '2020-10-05 06:57:37', '2020-10-05 06:57:37', NULL),
	(7, 43954.96, 30, 7, '2020-10-05 06:57:37', '2020-10-05 06:57:37', NULL),
	(54, 461777.22, 177, 7, '2020-10-05 06:57:37', '2020-10-05 06:57:37', NULL),
	(40, 382559.20, 225, 7, '2020-10-05 06:57:37', '2020-10-05 06:57:37', NULL),
	(6, 51568.98, 80, 8, '2020-10-05 06:57:37', '2020-10-05 06:57:37', NULL),
	(26, 10424.18, 132, 8, '2020-10-05 06:57:37', '2020-10-05 06:57:37', NULL),
	(47, 397211.10, 170, 8, '2020-10-05 06:57:37', '2020-10-05 06:57:37', NULL),
	(120, 798106.80, 226, 8, '2020-10-05 06:57:37', '2020-10-05 06:57:37', NULL),
	(100, 953389.00, 293, 8, '2020-10-05 06:57:37', '2020-10-05 06:57:37', NULL),
	(53, 395685.28, 158, 9, '2020-10-05 06:57:37', '2020-10-05 06:57:37', NULL),
	(109, 930889.43, 181, 9, '2020-10-05 06:57:37', '2020-10-05 06:57:37', NULL),
	(89, 540130.32, 244, 9, '2020-10-05 06:57:37', '2020-10-05 06:57:37', NULL),
	(45, 336468.15, 249, 9, '2020-10-05 06:57:37', '2020-10-05 06:57:37', NULL),
	(81, 673293.06, 272, 9, '2020-10-05 06:57:37', '2020-10-05 06:57:37', NULL),
	(36, 222874.20, 286, 9, '2020-10-05 06:57:37', '2020-10-05 06:57:37', NULL),
	(32, 7962.56, 300, 9, '2020-10-05 06:57:37', '2020-10-05 06:57:37', NULL),
	(186, 612899.76, 40, 10, '2020-10-05 06:57:37', '2020-10-05 06:57:37', NULL),
	(11, 37332.90, 49, 10, '2020-10-05 06:57:37', '2020-10-05 06:57:37', NULL),
	(11, 85281.24, 85, 10, '2020-10-05 06:57:37', '2020-10-05 06:57:37', NULL),
	(7, 37122.12, 33, 11, '2020-10-05 06:57:37', '2020-10-05 06:57:37', NULL),
	(49, 387399.88, 55, 11, '2020-10-05 06:57:37', '2020-10-05 06:57:37', NULL),
	(4, 37778.16, 92, 11, '2020-10-05 06:57:37', '2020-10-05 06:57:37', NULL),
	(124, 349665.12, 106, 11, '2020-10-05 06:57:37', '2020-10-05 06:57:37', NULL),
	(8, 68154.72, 107, 11, '2020-10-05 06:57:37', '2020-10-05 06:57:37', NULL),
	(146, 72201.38, 141, 11, '2020-10-05 06:57:37', '2020-10-05 06:57:37', NULL),
	(74, 689567.52, 248, 11, '2020-10-05 06:57:37', '2020-10-05 06:57:37', NULL),
	(55, 47115.20, 26, 12, '2020-10-05 06:57:37', '2020-10-05 06:57:37', NULL),
	(48, 239005.92, 111, 12, '2020-10-05 06:57:37', '2020-10-05 06:57:37', NULL),
	(3, 6119.19, 134, 12, '2020-10-05 06:57:37', '2020-10-05 06:57:37', NULL),
	(16, 78390.08, 162, 12, '2020-10-05 06:57:37', '2020-10-05 06:57:37', NULL),
	(37, 172733.02, 178, 12, '2020-10-05 06:57:37', '2020-10-05 06:57:37', NULL),
	(46, 242487.62, 200, 12, '2020-10-05 06:57:37', '2020-10-05 06:57:37', NULL),
	(2, 8034.74, 232, 12, '2020-10-05 06:57:37', '2020-10-05 06:57:37', NULL),
	(40, 359426.00, 237, 12, '2020-10-05 06:57:37', '2020-10-05 06:57:37', NULL),
	(94, 858726.66, 257, 12, '2020-10-05 06:57:37', '2020-10-05 06:57:37', NULL),
	(18, 177349.86, 281, 12, '2020-10-05 06:57:37', '2020-10-05 06:57:37', NULL),
	(1, 2667.38, 1, 13, '2020-10-05 06:57:37', '2020-10-05 06:57:37', NULL),
	(118, 625772.88, 33, 13, '2020-10-05 06:57:37', '2020-10-05 06:57:37', NULL),
	(164, 325120.16, 146, 13, '2020-10-05 06:57:37', '2020-10-05 06:57:37', NULL),
	(75, 633847.50, 170, 13, '2020-10-05 06:57:37', '2020-10-05 06:57:37', NULL),
	(30, 225327.00, 193, 13, '2020-10-05 06:57:37', '2020-10-05 06:57:37', NULL),
	(1, 2159.88, 265, 13, '2020-10-05 06:57:37', '2020-10-05 06:57:37', NULL),
	(39, 154417.77, 2, 14, '2020-10-05 06:57:37', '2020-10-05 06:57:37', NULL),
	(69, 34145.34, 24, 14, '2020-10-05 06:57:37', '2020-10-05 06:57:37', NULL),
	(19, 165381.32, 70, 14, '2020-10-05 06:57:37', '2020-10-05 06:57:37', NULL),
	(5, 43025.05, 114, 14, '2020-10-05 06:57:37', '2020-10-05 06:57:37', NULL),
	(14, 128174.48, 278, 14, '2020-10-05 06:57:37', '2020-10-05 06:57:37', NULL),
	(17, 106162.28, 94, 15, '2020-10-05 06:57:37', '2020-10-05 06:57:37', NULL),
	(1, 5594.80, 145, 15, '2020-10-05 06:57:37', '2020-10-05 06:57:37', NULL),
	(90, 748103.40, 272, 15, '2020-10-05 06:57:37', '2020-10-05 06:57:37', NULL),
	(6, 16004.28, 1, 16, '2020-10-05 06:57:37', '2020-10-05 06:57:37', NULL),
	(43, 406090.28, 27, 16, '2020-10-05 06:57:37', '2020-10-05 06:57:37', NULL),
	(34, 240588.42, 45, 16, '2020-10-05 06:57:37', '2020-10-05 06:57:37', NULL),
	(10, 76707.60, 54, 16, '2020-10-05 06:57:37', '2020-10-05 06:57:37', NULL),
	(10, 45677.80, 69, 16, '2020-10-05 06:57:37', '2020-10-05 06:57:37', NULL),
	(70, 589855.70, 101, 16, '2020-10-05 06:57:37', '2020-10-05 06:57:37', NULL),
	(170, 1582103.30, 218, 16, '2020-10-05 06:57:38', '2020-10-05 06:57:38', NULL),
	(14, 104678.98, 249, 16, '2020-10-05 06:57:38', '2020-10-05 06:57:38', NULL),
	(1, 5681.89, 42, 17, '2020-10-05 06:57:38', '2020-10-05 06:57:38', NULL),
	(9, 56203.56, 94, 17, '2020-10-05 06:57:38', '2020-10-05 06:57:38', NULL),
	(16, 146562.56, 173, 17, '2020-10-05 06:57:38', '2020-10-05 06:57:38', NULL),
	(10, 82949.40, 240, 17, '2020-10-05 06:57:38', '2020-10-05 06:57:38', NULL),
	(5, 32448.00, 268, 17, '2020-10-05 06:57:38', '2020-10-05 06:57:38', NULL),
	(30, 101365.20, 284, 17, '2020-10-05 06:57:38', '2020-10-05 06:57:38', NULL),
	(19, 181143.91, 293, 17, '2020-10-05 06:57:38', '2020-10-05 06:57:38', NULL),
	(84, 742531.44, 22, 18, '2020-10-05 06:57:38', '2020-10-05 06:57:38', NULL),
	(20, 36524.80, 93, 18, '2020-10-05 06:57:38', '2020-10-05 06:57:38', NULL),
	(28, 14455.56, 167, 18, '2020-10-05 06:57:38', '2020-10-05 06:57:38', NULL),
	(63, 532431.90, 170, 18, '2020-10-05 06:57:38', '2020-10-05 06:57:38', NULL),
	(66, 17616.06, 186, 18, '2020-10-05 06:57:38', '2020-10-05 06:57:38', NULL),
	(114, 600947.58, 200, 18, '2020-10-05 06:57:38', '2020-10-05 06:57:38', NULL),
	(109, 921463.11, 215, 18, '2020-10-05 06:57:38', '2020-10-05 06:57:38', NULL),
	(19, 149022.70, 11, 19, '2020-10-05 06:57:38', '2020-10-05 06:57:38', NULL),
	(44, 267820.08, 89, 19, '2020-10-05 06:57:38', '2020-10-05 06:57:38', NULL),
	(109, 542742.61, 111, 19, '2020-10-05 06:57:38', '2020-10-05 06:57:38', NULL),
	(4, 39378.00, 140, 19, '2020-10-05 06:57:38', '2020-10-05 06:57:38', NULL),
	(2, 17218.60, 175, 19, '2020-10-05 06:57:38', '2020-10-05 06:57:38', NULL),
	(57, 395377.65, 199, 19, '2020-10-05 06:57:38', '2020-10-05 06:57:38', NULL),
	(5, 18582.00, 221, 19, '2020-10-05 06:57:38', '2020-10-05 06:57:38', NULL),
	(72, 631259.28, 246, 19, '2020-10-05 06:57:38', '2020-10-05 06:57:38', NULL),
	(109, 815000.63, 249, 19, '2020-10-05 06:57:38', '2020-10-05 06:57:38', NULL),
	(161, 1058568.56, 9, 20, '2020-10-05 06:57:38', '2020-10-05 06:57:38', NULL),
	(39, 305888.70, 11, 20, '2020-10-05 06:57:38', '2020-10-05 06:57:38', NULL),
	(48, 125022.72, 20, 20, '2020-10-05 06:57:38', '2020-10-05 06:57:38', NULL),
	(15, 4815.75, 38, 20, '2020-10-05 06:57:38', '2020-10-05 06:57:38', NULL),
	(54, 515593.08, 67, 20, '2020-10-05 06:57:38', '2020-10-05 06:57:38', NULL),
	(70, 226091.60, 169, 20, '2020-10-05 06:57:38', '2020-10-05 06:57:38', NULL),
	(60, 368140.80, 212, 20, '2020-10-05 06:57:38', '2020-10-05 06:57:38', NULL),
	(36, 159522.84, 283, 20, '2020-10-05 06:57:38', '2020-10-05 06:57:38', NULL),
	(146, 1010160.86, 292, 20, '2020-10-05 06:57:38', '2020-10-05 06:57:38', NULL),
	(25, 127604.00, 17, 21, '2020-10-05 06:57:38', '2020-10-05 06:57:38', NULL),
	(2, 6148.48, 23, 21, '2020-10-05 06:57:38', '2020-10-05 06:57:38', NULL),
	(22, 19553.38, 50, 21, '2020-10-05 06:57:38', '2020-10-05 06:57:38', NULL),
	(85, 682858.55, 151, 21, '2020-10-05 06:57:38', '2020-10-05 06:57:38', NULL),
	(3, 24500.01, 160, 21, '2020-10-05 06:57:38', '2020-10-05 06:57:38', NULL),
	(51, 249868.38, 162, 21, '2020-10-05 06:57:38', '2020-10-05 06:57:38', NULL),
	(107, 501362.41, 163, 21, '2020-10-05 06:57:38', '2020-10-05 06:57:38', NULL),
	(18, 17227.26, 198, 21, '2020-10-05 06:57:38', '2020-10-05 06:57:38', NULL),
	(71, 435633.28, 212, 21, '2020-10-05 06:57:38', '2020-10-05 06:57:38', NULL),
	(18, 34906.32, 63, 22, '2020-10-05 06:57:38', '2020-10-05 06:57:38', NULL),
	(5, 33548.05, 129, 22, '2020-10-05 06:57:38', '2020-10-05 06:57:38', NULL),
	(17, 29631.00, 161, 22, '2020-10-05 06:57:38', '2020-10-05 06:57:38', NULL),
	(85, 785402.55, 56, 23, '2020-10-05 06:57:38', '2020-10-05 06:57:38', NULL),
	(16, 6996.16, 133, 23, '2020-10-05 06:57:38', '2020-10-05 06:57:38', NULL),
	(1, 8913.86, 153, 23, '2020-10-05 06:57:38', '2020-10-05 06:57:38', NULL),
	(32, 282509.44, 19, 24, '2020-10-05 06:57:38', '2020-10-05 06:57:38', NULL),
	(22, 10886.92, 24, 24, '2020-10-05 06:57:38', '2020-10-05 06:57:38', NULL),
	(97, 113296.97, 88, 24, '2020-10-05 06:57:38', '2020-10-05 06:57:38', NULL),
	(67, 474534.20, 98, 24, '2020-10-05 06:57:38', '2020-10-05 06:57:38', NULL),
	(16, 88184.00, 128, 24, '2020-10-05 06:57:38', '2020-10-05 06:57:38', NULL),
	(147, 1204753.20, 155, 24, '2020-10-05 06:57:38', '2020-10-05 06:57:38', NULL),
	(23, 172080.48, 207, 24, '2020-10-05 06:57:38', '2020-10-05 06:57:38', NULL),
	(25, 39563.75, 233, 24, '2020-10-05 06:57:38', '2020-10-05 06:57:38', NULL),
	(13, 57605.47, 283, 24, '2020-10-05 06:57:38', '2020-10-05 06:57:38', NULL),
	(19, 121997.29, 35, 25, '2020-10-05 06:57:38', '2020-10-05 06:57:38', NULL),
	(57, 544735.89, 71, 25, '2020-10-05 06:57:38', '2020-10-05 06:57:38', NULL),
	(1, 1168.01, 88, 25, '2020-10-05 06:57:38', '2020-10-05 06:57:38', NULL),
	(6, 37897.74, 102, 25, '2020-10-05 06:57:38', '2020-10-05 06:57:38', NULL),
	(1, 329.69, 147, 25, '2020-10-05 06:57:38', '2020-10-05 06:57:38', NULL),
	(6, 49000.02, 160, 25, '2020-10-05 06:57:38', '2020-10-05 06:57:38', NULL),
	(12, 18990.60, 233, 25, '2020-10-05 06:57:38', '2020-10-05 06:57:38', NULL),
	(13, 42425.24, 4, 26, '2020-10-05 06:57:38', '2020-10-05 06:57:38', NULL),
	(70, 376674.90, 250, 26, '2020-10-05 06:57:38', '2020-10-05 06:57:38', NULL),
	(142, 524320.80, 262, 26, '2020-10-05 06:57:38', '2020-10-05 06:57:38', NULL),
	(64, 531984.64, 272, 26, '2020-10-05 06:57:38', '2020-10-05 06:57:38', NULL),
	(18, 161571.60, 275, 26, '2020-10-05 06:57:38', '2020-10-05 06:57:38', NULL),
	(157, 1522582.86, 295, 26, '2020-10-05 06:57:38', '2020-10-05 06:57:38', NULL),
	(66, 587110.26, 6, 27, '2020-10-05 06:57:38', '2020-10-05 06:57:38', NULL),
	(5, 26045.95, 21, 27, '2020-10-05 06:57:38', '2020-10-05 06:57:38', NULL),
	(18, 115576.38, 35, 27, '2020-10-05 06:57:38', '2020-10-05 06:57:38', NULL),
	(11, 30725.42, 46, 27, '2020-10-05 06:57:38', '2020-10-05 06:57:38', NULL),
	(34, 291775.42, 52, 27, '2020-10-05 06:57:38', '2020-10-05 06:57:38', NULL),
	(128, 996016.64, 112, 27, '2020-10-05 06:57:38', '2020-10-05 06:57:38', NULL),
	(21, 167387.01, 148, 27, '2020-10-05 06:57:38', '2020-10-05 06:57:38', NULL),
	(70, 11437.30, 210, 27, '2020-10-05 06:57:38', '2020-10-05 06:57:38', NULL),
	(27, 256438.98, 224, 27, '2020-10-05 06:57:38', '2020-10-05 06:57:38', NULL),
	(28, 267344.56, 67, 28, '2020-10-05 06:57:38', '2020-10-05 06:57:38', NULL),
	(63, 115053.12, 93, 28, '2020-10-05 06:57:38', '2020-10-05 06:57:38', NULL),
	(107, 532784.03, 111, 28, '2020-10-05 06:57:38', '2020-10-05 06:57:38', NULL),
	(2, 2782.72, 115, 28, '2020-10-05 06:57:38', '2020-10-05 06:57:38', NULL),
	(92, 47496.84, 167, 28, '2020-10-05 06:57:38', '2020-10-05 06:57:38', NULL),
	(106, 964438.88, 184, 28, '2020-10-05 06:57:38', '2020-10-05 06:57:38', NULL),
	(117, 329925.96, 106, 29, '2020-10-05 06:57:38', '2020-10-05 06:57:38', NULL),
	(13, 92104.48, 171, 29, '2020-10-05 06:57:38', '2020-10-05 06:57:38', NULL),
	(4, 14865.60, 221, 29, '2020-10-05 06:57:38', '2020-10-05 06:57:38', NULL),
	(7, 28449.96, 263, 29, '2020-10-05 06:57:38', '2020-10-05 06:57:38', NULL),
	(1, 6489.60, 268, 29, '2020-10-05 06:57:38', '2020-10-05 06:57:38', NULL),
	(85, 588107.35, 292, 29, '2020-10-05 06:57:38', '2020-10-05 06:57:38', NULL),
	(1, 5681.89, 42, 30, '2020-10-05 06:57:38', '2020-10-05 06:57:38', NULL),
	(35, 323401.05, 56, 30, '2020-10-05 06:57:38', '2020-10-05 06:57:38', NULL),
	(65, 214228.30, 81, 30, '2020-10-05 06:57:38', '2020-10-05 06:57:38', NULL),
	(124, 1001855.52, 121, 30, '2020-10-05 06:57:38', '2020-10-05 06:57:38', NULL),
	(6, 2623.56, 133, 30, '2020-10-05 06:57:38', '2020-10-05 06:57:38', NULL),
	(46, 282241.28, 212, 30, '2020-10-05 06:57:38', '2020-10-05 06:57:38', NULL),
	(24, 53315.04, 217, 30, '2020-10-05 06:57:38', '2020-10-05 06:57:38', NULL),
	(30, 228060.60, 273, 30, '2020-10-05 06:57:38', '2020-10-05 06:57:38', NULL),
	(25, 81587.00, 4, 31, '2020-10-05 06:57:38', '2020-10-05 06:57:38', NULL),
	(13, 23194.47, 14, 31, '2020-10-05 06:57:38', '2020-10-05 06:57:38', NULL),
	(82, 757682.46, 56, 31, '2020-10-05 06:57:38', '2020-10-05 06:57:38', NULL),
	(14, 133672.28, 67, 31, '2020-10-05 06:57:38', '2020-10-05 06:57:38', NULL),
	(93, 910569.51, 73, 31, '2020-10-05 06:57:38', '2020-10-05 06:57:38', NULL),
	(42, 232561.98, 285, 31, '2020-10-05 06:57:38', '2020-10-05 06:57:38', NULL),
	(100, 953389.00, 293, 31, '2020-10-05 06:57:38', '2020-10-05 06:57:38', NULL),
	(39, 308338.68, 55, 32, '2020-10-05 06:57:38', '2020-10-05 06:57:38', NULL),
	(8, 71843.76, 75, 32, '2020-10-05 06:57:38', '2020-10-05 06:57:38', NULL),
	(147, 51452.94, 90, 32, '2020-10-05 06:57:38', '2020-10-05 06:57:38', NULL),
	(43, 18802.18, 133, 32, '2020-10-05 06:57:38', '2020-10-05 06:57:38', NULL),
	(39, 137421.57, 152, 32, '2020-10-05 06:57:38', '2020-10-05 06:57:38', NULL),
	(9, 73500.03, 160, 32, '2020-10-05 06:57:38', '2020-10-05 06:57:38', NULL),
	(75, 544256.25, 203, 32, '2020-10-05 06:57:38', '2020-10-05 06:57:38', NULL),
	(13, 86995.61, 258, 32, '2020-10-05 06:57:38', '2020-10-05 06:57:38', NULL),
	(86, 317546.40, 262, 32, '2020-10-05 06:57:38', '2020-10-05 06:57:38', NULL),
	(105, 1030088.85, 10, 33, '2020-10-05 06:57:38', '2020-10-05 06:57:38', NULL),
	(63, 288102.78, 97, 33, '2020-10-05 06:57:38', '2020-10-05 06:57:38', NULL),
	(75, 120236.25, 122, 33, '2020-10-05 06:57:38', '2020-10-05 06:57:38', NULL),
	(169, 1034993.18, 214, 33, '2020-10-05 06:57:38', '2020-10-05 06:57:38', NULL),
	(38, 12352.66, 222, 33, '2020-10-05 06:57:38', '2020-10-05 06:57:38', NULL),
	(75, 638950.50, 107, 34, '2020-10-05 06:57:38', '2020-10-05 06:57:38', NULL),
	(102, 686171.34, 118, 34, '2020-10-05 06:57:38', '2020-10-05 06:57:38', NULL),
	(4, 28423.52, 125, 34, '2020-10-05 06:57:38', '2020-10-05 06:57:38', NULL),
	(2, 17218.60, 175, 34, '2020-10-05 06:57:38', '2020-10-05 06:57:38', NULL),
	(80, 701399.20, 246, 34, '2020-10-05 06:57:38', '2020-10-05 06:57:38', NULL),
	(41, 311682.82, 273, 34, '2020-10-05 06:57:38', '2020-10-05 06:57:38', NULL),
	(52, 40856.92, 274, 34, '2020-10-05 06:57:38', '2020-10-05 06:57:38', NULL),
	(64, 630577.28, 281, 34, '2020-10-05 06:57:38', '2020-10-05 06:57:38', NULL),
	(2, 7895.84, 294, 34, '2020-10-05 06:57:38', '2020-10-05 06:57:38', NULL),
	(134, 310707.14, 299, 34, '2020-10-05 06:57:38', '2020-10-05 06:57:38', NULL),
	(17, 55479.16, 4, 35, '2020-10-05 06:57:38', '2020-10-05 06:57:38', NULL),
	(104, 1008654.40, 166, 35, '2020-10-05 06:57:38', '2020-10-05 06:57:38', NULL),
	(15, 128104.05, 181, 35, '2020-10-05 06:57:38', '2020-10-05 06:57:38', NULL),
	(34, 87192.66, 191, 35, '2020-10-05 06:57:38', '2020-10-05 06:57:38', NULL),
	(105, 794802.75, 260, 35, '2020-10-05 06:57:38', '2020-10-05 06:57:38', NULL),
	(68, 251083.20, 262, 35, '2020-10-05 06:57:38', '2020-10-05 06:57:38', NULL),
	(38, 29856.98, 274, 35, '2020-10-05 06:57:38', '2020-10-05 06:57:38', NULL),
	(33, 291337.86, 19, 36, '2020-10-05 06:57:38', '2020-10-05 06:57:38', NULL),
	(33, 291708.78, 22, 36, '2020-10-05 06:57:38', '2020-10-05 06:57:38', NULL),
	(4, 1284.20, 38, 36, '2020-10-05 06:57:38', '2020-10-05 06:57:38', NULL),
	(20, 67162.40, 43, 36, '2020-10-05 06:57:38', '2020-10-05 06:57:38', NULL),
	(53, 23174.78, 133, 36, '2020-10-05 06:57:38', '2020-10-05 06:57:38', NULL),
	(23, 146839.59, 165, 36, '2020-10-05 06:57:38', '2020-10-05 06:57:38', NULL),
	(4, 18673.84, 178, 36, '2020-10-05 06:57:38', '2020-10-05 06:57:38', NULL),
	(13, 109330.65, 208, 36, '2020-10-05 06:57:38', '2020-10-05 06:57:38', NULL),
	(41, 293634.62, 211, 36, '2020-10-05 06:57:38', '2020-10-05 06:57:38', NULL),
	(162, 1618449.66, 28, 37, '2020-10-05 06:57:38', '2020-10-05 06:57:38', NULL),
	(65, 478487.75, 58, 37, '2020-10-05 06:57:38', '2020-10-05 06:57:38', NULL),
	(34, 214753.86, 102, 37, '2020-10-05 06:57:38', '2020-10-05 06:57:38', NULL),
	(9, 67771.80, 213, 37, '2020-10-05 06:57:38', '2020-10-05 06:57:38', NULL),
	(70, 669478.60, 225, 37, '2020-10-05 06:57:38', '2020-10-05 06:57:38', NULL),
	(20, 153367.20, 296, 37, '2020-10-05 06:57:38', '2020-10-05 06:57:38', NULL),
	(86, 398100.88, 124, 38, '2020-10-05 06:57:38', '2020-10-05 06:57:38', NULL),
	(17, 114063.37, 129, 38, '2020-10-05 06:57:38', '2020-10-05 06:57:38', NULL),
	(51, 179705.13, 152, 38, '2020-10-05 06:57:38', '2020-10-05 06:57:38', NULL),
	(51, 375322.77, 179, 38, '2020-10-05 06:57:38', '2020-10-05 06:57:38', NULL),
	(134, 322219.08, 253, 38, '2020-10-05 06:57:38', '2020-10-05 06:57:38', NULL),
	(2, 12979.20, 268, 38, '2020-10-05 06:57:38', '2020-10-05 06:57:38', NULL),
	(58, 162428.42, 100, 39, '2020-10-05 06:57:38', '2020-10-05 06:57:38', NULL),
	(170, 1143618.90, 118, 39, '2020-10-05 06:57:38', '2020-10-05 06:57:38', NULL),
	(97, 285590.31, 149, 39, '2020-10-05 06:57:38', '2020-10-05 06:57:38', NULL),
	(23, 218448.02, 224, 39, '2020-10-05 06:57:38', '2020-10-05 06:57:38', NULL),
	(11, 66434.06, 252, 39, '2020-10-05 06:57:38', '2020-10-05 06:57:38', NULL),
	(2, 4792.68, 291, 39, '2020-10-05 06:57:38', '2020-10-05 06:57:38', NULL),
	(118, 625772.88, 33, 40, '2020-10-05 06:57:38', '2020-10-05 06:57:38', NULL),
	(8, 63384.16, 48, 40, '2020-10-05 06:57:38', '2020-10-05 06:57:38', NULL),
	(14, 129360.42, 56, 40, '2020-10-05 06:57:38', '2020-10-05 06:57:38', NULL),
	(103, 582454.70, 60, 40, '2020-10-05 06:57:38', '2020-10-05 06:57:38', NULL),
	(101, 502908.29, 111, 40, '2020-10-05 06:57:38', '2020-10-05 06:57:38', NULL),
	(9, 81599.22, 113, 40, '2020-10-05 06:57:38', '2020-10-05 06:57:38', NULL),
	(32, 51300.80, 122, 40, '2020-10-05 06:57:38', '2020-10-05 06:57:38', NULL),
	(138, 965794.38, 157, 40, '2020-10-05 06:57:38', '2020-10-05 06:57:38', NULL),
	(91, 717353.00, 247, 40, '2020-10-05 06:57:38', '2020-10-05 06:57:38', NULL),
	(13, 67719.47, 21, 41, '2020-10-05 06:57:38', '2020-10-05 06:57:38', NULL),
	(69, 227366.04, 40, 41, '2020-10-05 06:57:38', '2020-10-05 06:57:38', NULL),
	(75, 194817.00, 41, 41, '2020-10-05 06:57:38', '2020-10-05 06:57:38', NULL),
	(37, 272369.95, 58, 41, '2020-10-05 06:57:38', '2020-10-05 06:57:38', NULL),
	(28, 264447.12, 92, 41, '2020-10-05 06:57:38', '2020-10-05 06:57:38', NULL),
	(157, 1172124.32, 158, 41, '2020-10-05 06:57:38', '2020-10-05 06:57:38', NULL),
	(92, 47496.84, 167, 41, '2020-10-05 06:57:38', '2020-10-05 06:57:38', NULL),
	(105, 420771.75, 202, 41, '2020-10-05 06:57:38', '2020-10-05 06:57:38', NULL),
	(3, 7189.02, 291, 41, '2020-10-05 06:57:38', '2020-10-05 06:57:38', NULL),
	(10, 95338.90, 293, 41, '2020-10-05 06:57:38', '2020-10-05 06:57:38', NULL),
	(175, 671287.75, 25, 42, '2020-10-05 06:57:38', '2020-10-05 06:57:38', NULL),
	(3, 3504.03, 88, 42, '2020-10-05 06:57:38', '2020-10-05 06:57:38', NULL),
	(3, 4174.08, 115, 42, '2020-10-05 06:57:38', '2020-10-05 06:57:38', NULL),
	(115, 319233.10, 116, 42, '2020-10-05 06:57:38', '2020-10-05 06:57:38', NULL),
	(88, 284229.44, 169, 42, '2020-10-05 06:57:38', '2020-10-05 06:57:38', NULL),
	(186, 1466238.00, 247, 42, '2020-10-05 06:57:38', '2020-10-05 06:57:38', NULL),
	(147, 1319501.40, 275, 42, '2020-10-05 06:57:38', '2020-10-05 06:57:38', NULL),
	(156, 766084.80, 29, 43, '2020-10-05 06:57:38', '2020-10-05 06:57:38', NULL),
	(8, 20780.48, 41, 43, '2020-10-05 06:57:38', '2020-10-05 06:57:38', NULL),
	(93, 335823.00, 172, 43, '2020-10-05 06:57:38', '2020-10-05 06:57:38', NULL),
	(159, 393106.83, 176, 43, '2020-10-05 06:57:38', '2020-10-05 06:57:38', NULL),
	(150, 790720.50, 200, 43, '2020-10-05 06:57:38', '2020-10-05 06:57:38', NULL),
	(50, 16253.50, 222, 43, '2020-10-05 06:57:38', '2020-10-05 06:57:38', NULL),
	(38, 6345.24, 234, 43, '2020-10-05 06:57:38', '2020-10-05 06:57:38', NULL),
	(125, 1123206.25, 237, 43, '2020-10-05 06:57:38', '2020-10-05 06:57:38', NULL),
	(43, 405232.43, 270, 43, '2020-10-05 06:57:38', '2020-10-05 06:57:38', NULL),
	(5, 33822.65, 277, 43, '2020-10-05 06:57:38', '2020-10-05 06:57:38', NULL),
	(22, 63710.02, 15, 44, '2020-10-05 06:57:38', '2020-10-05 06:57:38', NULL),
	(2, 15397.94, 18, 44, '2020-10-05 06:57:38', '2020-10-05 06:57:38', NULL),
	(5, 12987.80, 41, 44, '2020-10-05 06:57:38', '2020-10-05 06:57:38', NULL),
	(139, 812339.63, 64, 44, '2020-10-05 06:57:38', '2020-10-05 06:57:38', NULL),
	(46, 439208.92, 67, 44, '2020-10-05 06:57:38', '2020-10-05 06:57:38', NULL),
	(14, 93934.54, 129, 44, '2020-10-05 06:57:38', '2020-10-05 06:57:38', NULL),
	(44, 21759.32, 141, 44, '2020-10-05 06:57:38', '2020-10-05 06:57:38', NULL),
	(2, 17218.60, 175, 44, '2020-10-05 06:57:38', '2020-10-05 06:57:38', NULL),
	(13, 108664.53, 187, 44, '2020-10-05 06:57:38', '2020-10-05 06:57:38', NULL),
	(78, 207487.02, 266, 44, '2020-10-05 06:57:38', '2020-10-05 06:57:38', NULL),
	(131, 819741.67, 36, 45, '2020-10-05 06:57:38', '2020-10-05 06:57:38', NULL),
	(105, 256887.75, 86, 45, '2020-10-05 06:57:38', '2020-10-05 06:57:38', NULL),
	(29, 258501.94, 153, 45, '2020-10-05 06:57:38', '2020-10-05 06:57:38', NULL),
	(2, 17218.60, 175, 45, '2020-10-05 06:57:38', '2020-10-05 06:57:38', NULL),
	(19, 5997.54, 256, 45, '2020-10-05 06:57:38', '2020-10-05 06:57:38', NULL),
	(1, 1391.36, 115, 46, '2020-10-05 06:57:38', '2020-10-05 06:57:38', NULL),
	(14, 111591.34, 148, 46, '2020-10-05 06:57:38', '2020-10-05 06:57:38', NULL),
	(8, 44327.84, 156, 46, '2020-10-05 06:57:38', '2020-10-05 06:57:38', NULL),
	(5, 26045.95, 21, 47, '2020-10-05 06:57:38', '2020-10-05 06:57:38', NULL),
	(21, 49325.01, 76, 47, '2020-10-05 06:57:38', '2020-10-05 06:57:38', NULL),
	(27, 31536.27, 88, 47, '2020-10-05 06:57:38', '2020-10-05 06:57:38', NULL),
	(143, 31956.21, 117, 47, '2020-10-05 06:57:38', '2020-10-05 06:57:38', NULL),
	(58, 23253.94, 132, 47, '2020-10-05 06:57:38', '2020-10-05 06:57:38', NULL),
	(36, 105714.36, 159, 47, '2020-10-05 06:57:38', '2020-10-05 06:57:38', NULL),
	(55, 462089.65, 194, 47, '2020-10-05 06:57:38', '2020-10-05 06:57:38', NULL),
	(7, 2307.83, 147, 48, '2020-10-05 06:57:38', '2020-10-05 06:57:38', NULL),
	(93, 714011.22, 206, 48, '2020-10-05 06:57:38', '2020-10-05 06:57:38', NULL),
	(5, 20321.40, 263, 48, '2020-10-05 06:57:38', '2020-10-05 06:57:38', NULL),
	(13, 33860.32, 20, 49, '2020-10-05 06:57:38', '2020-10-05 06:57:38', NULL),
	(130, 364063.70, 100, 49, '2020-10-05 06:57:38', '2020-10-05 06:57:38', NULL),
	(107, 911569.38, 107, 49, '2020-10-05 06:57:38', '2020-10-05 06:57:38', NULL),
	(133, 995074.08, 207, 49, '2020-10-05 06:57:38', '2020-10-05 06:57:38', NULL),
	(149, 1174567.00, 247, 49, '2020-10-05 06:57:38', '2020-10-05 06:57:38', NULL),
	(45, 355200.75, 287, 49, '2020-10-05 06:57:38', '2020-10-05 06:57:38', NULL),
	(85, 677981.25, 5, 50, '2020-10-05 06:57:38', '2020-10-05 06:57:38', NULL),
	(28, 247195.76, 19, 50, '2020-10-05 06:57:38', '2020-10-05 06:57:38', NULL),
	(50, 279740.00, 145, 50, '2020-10-05 06:57:38', '2020-10-05 06:57:38', NULL),
	(100, 198244.00, 146, 50, '2020-10-05 06:57:38', '2020-10-05 06:57:38', NULL),
	(60, 240441.00, 202, 50, '2020-10-05 06:57:38', '2020-10-05 06:57:38', NULL),
	(5, 47669.45, 293, 50, '2020-10-05 06:57:38', '2020-10-05 06:57:38', NULL),
	(144, 850086.72, 297, 50, '2020-10-05 06:57:38', '2020-10-05 06:57:38', NULL),
	(40, 377758.40, 27, 51, '2020-10-05 06:57:38', '2020-10-05 06:57:38', NULL),
	(17, 145887.71, 52, 51, '2020-10-05 06:57:38', '2020-10-05 06:57:38', NULL),
	(38, 253980.22, 96, 51, '2020-10-05 06:57:38', '2020-10-05 06:57:38', NULL),
	(13, 103698.14, 108, 51, '2020-10-05 06:57:38', '2020-10-05 06:57:38', NULL),
	(135, 30168.45, 117, 51, '2020-10-05 06:57:38', '2020-10-05 06:57:38', NULL),
	(2, 18209.00, 143, 51, '2020-10-05 06:57:38', '2020-10-05 06:57:38', NULL),
	(98, 838692.82, 230, 51, '2020-10-05 06:57:38', '2020-10-05 06:57:38', NULL),
	(1, 8382.03, 267, 51, '2020-10-05 06:57:38', '2020-10-05 06:57:38', NULL),
	(93, 31672.08, 269, 51, '2020-10-05 06:57:38', '2020-10-05 06:57:38', NULL),
	(19, 184261.62, 295, 51, '2020-10-05 06:57:38', '2020-10-05 06:57:38', NULL),
	(118, 1157623.66, 10, 52, '2020-10-05 06:57:38', '2020-10-05 06:57:38', NULL),
	(6, 31255.14, 21, 52, '2020-10-05 06:57:38', '2020-10-05 06:57:38', NULL),
	(8, 56660.80, 98, 52, '2020-10-05 06:57:38', '2020-10-05 06:57:38', NULL),
	(55, 384918.05, 157, 52, '2020-10-05 06:57:38', '2020-10-05 06:57:38', NULL),
	(25, 207373.50, 240, 52, '2020-10-05 06:57:38', '2020-10-05 06:57:38', NULL),
	(71, 28094.70, 279, 52, '2020-10-05 06:57:38', '2020-10-05 06:57:38', NULL),
	(4, 39411.08, 281, 52, '2020-10-05 06:57:38', '2020-10-05 06:57:38', NULL),
	(71, 688556.58, 295, 52, '2020-10-05 06:57:38', '2020-10-05 06:57:38', NULL),
	(27, 124985.16, 124, 53, '2020-10-05 06:57:38', '2020-10-05 06:57:38', NULL),
	(54, 327719.52, 244, 53, '2020-10-05 06:57:38', '2020-10-05 06:57:38', NULL),
	(9, 71040.15, 287, 53, '2020-10-05 06:57:38', '2020-10-05 06:57:38', NULL),
	(9, 27668.16, 23, 54, '2020-10-05 06:57:38', '2020-10-05 06:57:38', NULL),
	(1, 5681.89, 42, 54, '2020-10-05 06:57:38', '2020-10-05 06:57:38', NULL),
	(58, 77003.70, 103, 54, '2020-10-05 06:57:38', '2020-10-05 06:57:38', NULL),
	(13, 42425.24, 4, 55, '2020-10-05 06:57:38', '2020-10-05 06:57:38', NULL),
	(94, 665323.54, 37, 55, '2020-10-05 06:57:38', '2020-10-05 06:57:38', NULL),
	(59, 269810.54, 97, 55, '2020-10-05 06:57:38', '2020-10-05 06:57:38', NULL),
	(36, 302458.68, 194, 55, '2020-10-05 06:57:38', '2020-10-05 06:57:38', NULL),
	(60, 372680.40, 205, 55, '2020-10-05 06:57:38', '2020-10-05 06:57:38', NULL),
	(0, 0.00, 264, 55, '2020-10-05 06:57:38', '2020-10-05 06:57:38', NULL),
	(17, 75330.23, 283, 55, '2020-10-05 06:57:38', '2020-10-05 06:57:38', NULL),
	(56, 534689.12, 67, 56, '2020-10-05 06:57:38', '2020-10-05 06:57:38', NULL),
	(74, 459639.16, 205, 56, '2020-10-05 06:57:38', '2020-10-05 06:57:38', NULL),
	(91, 614110.77, 8, 57, '2020-10-05 06:57:38', '2020-10-05 06:57:38', NULL),
	(63, 340323.48, 57, 57, '2020-10-05 06:57:38', '2020-10-05 06:57:38', NULL),
	(37, 272369.95, 58, 57, '2020-10-05 06:57:38', '2020-10-05 06:57:38', NULL),
	(149, 833625.20, 145, 57, '2020-10-05 06:57:38', '2020-10-05 06:57:38', NULL),
	(136, 1222048.40, 237, 57, '2020-10-05 06:57:38', '2020-10-05 06:57:38', NULL),
	(93, 839611.44, 16, 58, '2020-10-05 06:57:38', '2020-10-05 06:57:38', NULL),
	(105, 1003460.85, 71, 58, '2020-10-05 06:57:38', '2020-10-05 06:57:38', NULL),
	(40, 359218.80, 75, 58, '2020-10-05 06:57:38', '2020-10-05 06:57:38', NULL),
	(66, 393906.48, 139, 58, '2020-10-05 06:57:38', '2020-10-05 06:57:38', NULL),
	(29, 64155.54, 44, 59, '2020-10-05 06:57:38', '2020-10-05 06:57:38', NULL),
	(110, 352821.70, 83, 59, '2020-10-05 06:57:38', '2020-10-05 06:57:38', NULL),
	(115, 929140.20, 121, 59, '2020-10-05 06:57:38', '2020-10-05 06:57:38', NULL),
	(16, 113359.36, 171, 59, '2020-10-05 06:57:38', '2020-10-05 06:57:38', NULL),
	(24, 61547.76, 191, 59, '2020-10-05 06:57:38', '2020-10-05 06:57:38', NULL),
	(43, 408092.79, 223, 59, '2020-10-05 06:57:38', '2020-10-05 06:57:38', NULL),
	(57, 545146.86, 225, 59, '2020-10-05 06:57:38', '2020-10-05 06:57:38', NULL),
	(95, 29987.70, 256, 59, '2020-10-05 06:57:38', '2020-10-05 06:57:38', NULL),
	(0, 0.00, 265, 59, '2020-10-05 06:57:38', '2020-10-05 06:57:38', NULL),
	(119, 29610.77, 300, 59, '2020-10-05 06:57:38', '2020-10-05 06:57:38', NULL),
	(23, 75060.04, 4, 60, '2020-10-05 06:57:38', '2020-10-05 06:57:38', NULL),
	(46, 456384.86, 79, 60, '2020-10-05 06:57:38', '2020-10-05 06:57:38', NULL),
	(15, 30595.95, 134, 60, '2020-10-05 06:57:38', '2020-10-05 06:57:38', NULL),
	(38, 111880.74, 149, 60, '2020-10-05 06:57:38', '2020-10-05 06:57:38', NULL),
	(58, 398323.12, 150, 60, '2020-10-05 06:57:38', '2020-10-05 06:57:38', NULL),
	(112, 1063746.88, 224, 60, '2020-10-05 06:57:38', '2020-10-05 06:57:38', NULL),
	(68, 551027.12, 231, 60, '2020-10-05 06:57:38', '2020-10-05 06:57:38', NULL),
	(38, 235256.10, 286, 60, '2020-10-05 06:57:38', '2020-10-05 06:57:38', NULL),
	(28, 23985.92, 26, 61, '2020-10-05 06:57:38', '2020-10-05 06:57:38', NULL),
	(124, 302573.64, 47, 61, '2020-10-05 06:57:38', '2020-10-05 06:57:38', NULL),
	(95, 49045.65, 167, 61, '2020-10-05 06:57:38', '2020-10-05 06:57:38', NULL),
	(26, 184208.96, 171, 61, '2020-10-05 06:57:38', '2020-10-05 06:57:38', NULL),
	(48, 436727.04, 184, 61, '2020-10-05 06:57:38', '2020-10-05 06:57:38', NULL),
	(51, 230915.76, 196, 61, '2020-10-05 06:57:38', '2020-10-05 06:57:38', NULL),
	(4, 3828.28, 198, 61, '2020-10-05 06:57:38', '2020-10-05 06:57:38', NULL),
	(12, 23888.52, 229, 61, '2020-10-05 06:57:38', '2020-10-05 06:57:38', NULL),
	(0, 0.00, 265, 61, '2020-10-05 06:57:38', '2020-10-05 06:57:38', NULL),
	(66, 56538.24, 26, 62, '2020-10-05 06:57:38', '2020-10-05 06:57:38', NULL),
	(44, 130496.96, 87, 62, '2020-10-05 06:57:38', '2020-10-05 06:57:38', NULL),
	(20, 179744.20, 120, 62, '2020-10-05 06:57:38', '2020-10-05 06:57:38', NULL),
	(83, 708842.41, 181, 62, '2020-10-05 06:57:38', '2020-10-05 06:57:38', NULL),
	(10, 11944.20, 195, 62, '2020-10-05 06:57:38', '2020-10-05 06:57:38', NULL),
	(103, 770621.28, 207, 62, '2020-10-05 06:57:38', '2020-10-05 06:57:38', NULL),
	(129, 694158.03, 250, 62, '2020-10-05 06:57:38', '2020-10-05 06:57:38', NULL),
	(19, 186030.33, 73, 63, '2020-10-05 06:57:38', '2020-10-05 06:57:38', NULL),
	(64, 547291.52, 177, 63, '2020-10-05 06:57:38', '2020-10-05 06:57:38', NULL),
	(31, 110373.02, 236, 63, '2020-10-05 06:57:38', '2020-10-05 06:57:38', NULL),
	(45, 151115.40, 43, 64, '2020-10-05 06:57:38', '2020-10-05 06:57:38', NULL),
	(154, 305295.76, 146, 64, '2020-10-05 06:57:38', '2020-10-05 06:57:38', NULL),
	(43, 95522.78, 217, 64, '2020-10-05 06:57:38', '2020-10-05 06:57:38', NULL),
	(105, 26127.15, 300, 64, '2020-10-05 06:57:38', '2020-10-05 06:57:38', NULL),
	(51, 195632.43, 25, 65, '2020-10-05 06:57:38', '2020-10-05 06:57:38', NULL),
	(40, 379621.20, 223, 65, '2020-10-05 06:57:38', '2020-10-05 06:57:38', NULL),
	(44, 386669.36, 239, 65, '2020-10-05 06:57:38', '2020-10-05 06:57:38', NULL),
	(25, 143348.50, 259, 65, '2020-10-05 06:57:38', '2020-10-05 06:57:38', NULL),
	(80, 316754.40, 2, 66, '2020-10-05 06:57:38', '2020-10-05 06:57:38', NULL),
	(23, 23326.14, 13, 66, '2020-10-05 06:57:38', '2020-10-05 06:57:38', NULL),
	(19, 108763.79, 77, 66, '2020-10-05 06:57:38', '2020-10-05 06:57:38', NULL),
	(108, 346406.76, 83, 66, '2020-10-05 06:57:38', '2020-10-05 06:57:38', NULL),
	(113, 901376.14, 108, 66, '2020-10-05 06:57:38', '2020-10-05 06:57:38', NULL),
	(161, 1300796.28, 121, 66, '2020-10-05 06:57:38', '2020-10-05 06:57:38', NULL),
	(95, 393766.45, 138, 66, '2020-10-05 06:57:38', '2020-10-05 06:57:38', NULL),
	(18, 125949.78, 243, 66, '2020-10-05 06:57:38', '2020-10-05 06:57:38', NULL),
	(52, 466762.40, 275, 66, '2020-10-05 06:57:38', '2020-10-05 06:57:38', NULL),
	(145, 970786.60, 288, 66, '2020-10-05 06:57:38', '2020-10-05 06:57:38', NULL),
	(14, 14198.52, 13, 67, '2020-10-05 06:57:38', '2020-10-05 06:57:38', NULL),
	(65, 183292.20, 106, 67, '2020-10-05 06:57:38', '2020-10-05 06:57:38', NULL),
	(2, 3875.84, 123, 67, '2020-10-05 06:57:38', '2020-10-05 06:57:38', NULL),
	(53, 406909.62, 206, 67, '2020-10-05 06:57:38', '2020-10-05 06:57:38', NULL),
	(105, 959215.95, 257, 67, '2020-10-05 06:57:38', '2020-10-05 06:57:38', NULL),
	(83, 20652.89, 300, 67, '2020-10-05 06:57:38', '2020-10-05 06:57:38', NULL),
	(32, 245464.32, 54, 68, '2020-10-05 06:57:38', '2020-10-05 06:57:38', NULL),
	(15, 20050.80, 68, 68, '2020-10-05 06:57:38', '2020-10-05 06:57:38', NULL),
	(36, 176377.68, 162, 68, '2020-10-05 06:57:38', '2020-10-05 06:57:38', NULL),
	(56, 470962.80, 208, 68, '2020-10-05 06:57:38', '2020-10-05 06:57:38', NULL),
	(8, 36117.20, 241, 68, '2020-10-05 06:57:38', '2020-10-05 06:57:38', NULL),
	(10, 30742.40, 23, 69, '2020-10-05 06:57:38', '2020-10-05 06:57:38', NULL),
	(1, 856.64, 26, 69, '2020-10-05 06:57:38', '2020-10-05 06:57:38', NULL),
	(6, 58904.70, 66, 69, '2020-10-05 06:57:38', '2020-10-05 06:57:38', NULL),
	(103, 773622.70, 193, 69, '2020-10-05 06:57:38', '2020-10-05 06:57:38', NULL),
	(108, 569318.76, 200, 69, '2020-10-05 06:57:38', '2020-10-05 06:57:38', NULL),
	(59, 428148.25, 203, 69, '2020-10-05 06:57:38', '2020-10-05 06:57:38', NULL),
	(99, 684972.09, 292, 69, '2020-10-05 06:57:38', '2020-10-05 06:57:38', NULL),
	(29, 94449.23, 62, 70, '2020-10-05 06:57:38', '2020-10-05 06:57:38', NULL),
	(31, 86815.19, 100, 70, '2020-10-05 06:57:38', '2020-10-05 06:57:38', NULL),
	(93, 751391.64, 121, 70, '2020-10-05 06:57:38', '2020-10-05 06:57:38', NULL),
	(25, 115727.00, 124, 70, '2020-10-05 06:57:38', '2020-10-05 06:57:38', NULL),
	(14, 108359.44, 154, 70, '2020-10-05 06:57:38', '2020-10-05 06:57:38', NULL),
	(21, 157018.47, 249, 70, '2020-10-05 06:57:38', '2020-10-05 06:57:38', NULL),
	(34, 227526.98, 258, 70, '2020-10-05 06:57:38', '2020-10-05 06:57:38', NULL),
	(86, 290580.24, 284, 70, '2020-10-05 06:57:38', '2020-10-05 06:57:38', NULL),
	(53, 239971.28, 196, 71, '2020-10-05 06:57:38', '2020-10-05 06:57:38', NULL),
	(5, 36283.75, 203, 71, '2020-10-05 06:57:38', '2020-10-05 06:57:38', NULL),
	(135, 1213062.75, 237, 71, '2020-10-05 06:57:38', '2020-10-05 06:57:38', NULL),
	(46, 412905.20, 275, 71, '2020-10-05 06:57:38', '2020-10-05 06:57:38', NULL),
	(63, 568769.04, 16, 72, '2020-10-05 06:57:38', '2020-10-05 06:57:38', NULL),
	(70, 618776.20, 22, 72, '2020-10-05 06:57:38', '2020-10-05 06:57:38', NULL),
	(56, 350423.92, 36, 72, '2020-10-05 06:57:38', '2020-10-05 06:57:38', NULL),
	(31, 260176.18, 78, 72, '2020-10-05 06:57:38', '2020-10-05 06:57:38', NULL),
	(114, 797830.14, 157, 72, '2020-10-05 06:57:38', '2020-10-05 06:57:38', NULL),
	(43, 316448.61, 179, 72, '2020-10-05 06:57:38', '2020-10-05 06:57:38', NULL),
	(5, 11784.90, 209, 72, '2020-10-05 06:57:38', '2020-10-05 06:57:38', NULL),
	(55, 337462.40, 212, 72, '2020-10-05 06:57:38', '2020-10-05 06:57:38', NULL),
	(72, 598482.72, 272, 72, '2020-10-05 06:57:38', '2020-10-05 06:57:38', NULL),
	(43, 238099.17, 285, 72, '2020-10-05 06:57:38', '2020-10-05 06:57:38', NULL),
	(33, 44111.76, 68, 73, '2020-10-05 06:57:38', '2020-10-05 06:57:38', NULL),
	(36, 164440.08, 69, 73, '2020-10-05 06:57:38', '2020-10-05 06:57:38', NULL),
	(39, 302360.76, 85, 73, '2020-10-05 06:57:38', '2020-10-05 06:57:38', NULL),
	(39, 291164.64, 158, 73, '2020-10-05 06:57:38', '2020-10-05 06:57:38', NULL),
	(99, 743579.10, 193, 73, '2020-10-05 06:57:38', '2020-10-05 06:57:38', NULL),
	(125, 152933.75, 201, 73, '2020-10-05 06:57:38', '2020-10-05 06:57:38', NULL),
	(8, 66359.52, 240, 73, '2020-10-05 06:57:38', '2020-10-05 06:57:38', NULL),
	(3, 19468.80, 268, 73, '2020-10-05 06:57:38', '2020-10-05 06:57:38', NULL),
	(42, 349114.92, 272, 73, '2020-10-05 06:57:38', '2020-10-05 06:57:38', NULL),
	(7, 22844.36, 4, 74, '2020-10-05 06:57:38', '2020-10-05 06:57:38', NULL),
	(95, 12524.80, 51, 74, '2020-10-05 06:57:38', '2020-10-05 06:57:38', NULL),
	(53, 309741.01, 64, 74, '2020-10-05 06:57:38', '2020-10-05 06:57:38', NULL),
	(65, 152672.65, 76, 74, '2020-10-05 06:57:38', '2020-10-05 06:57:38', NULL),
	(87, 19012.98, 127, 74, '2020-10-05 06:57:38', '2020-10-05 06:57:38', NULL),
	(21, 87043.11, 138, 74, '2020-10-05 06:57:38', '2020-10-05 06:57:38', NULL),
	(37, 58554.35, 233, 74, '2020-10-05 06:57:38', '2020-10-05 06:57:38', NULL),
	(180, 71226.00, 279, 74, '2020-10-05 06:57:38', '2020-10-05 06:57:38', NULL),
	(27, 64701.18, 291, 74, '2020-10-05 06:57:38', '2020-10-05 06:57:38', NULL),
	(65, 383719.70, 297, 74, '2020-10-05 06:57:38', '2020-10-05 06:57:38', NULL),
	(23, 56270.65, 86, 75, '2020-10-05 06:57:38', '2020-10-05 06:57:38', NULL),
	(3, 4174.08, 115, 75, '2020-10-05 06:57:38', '2020-10-05 06:57:38', NULL),
	(97, 794973.20, 155, 75, '2020-10-05 06:57:38', '2020-10-05 06:57:38', NULL),
	(63, 27042.75, 182, 75, '2020-10-05 06:57:38', '2020-10-05 06:57:38', NULL),
	(86, 828457.78, 220, 75, '2020-10-05 06:57:38', '2020-10-05 06:57:38', NULL),
	(11, 3746.16, 269, 75, '2020-10-05 06:57:38', '2020-10-05 06:57:38', NULL),
	(99, 39174.30, 279, 75, '2020-10-05 06:57:38', '2020-10-05 06:57:38', NULL),
	(44, 345105.20, 11, 76, '2020-10-05 06:57:38', '2020-10-05 06:57:38', NULL),
	(36, 93512.16, 41, 76, '2020-10-05 06:57:38', '2020-10-05 06:57:38', NULL),
	(36, 254740.68, 45, 76, '2020-10-05 06:57:38', '2020-10-05 06:57:38', NULL),
	(29, 166007.89, 77, 76, '2020-10-05 06:57:38', '2020-10-05 06:57:38', NULL),
	(37, 109736.08, 87, 76, '2020-10-05 06:57:38', '2020-10-05 06:57:38', NULL),
	(104, 44642.00, 182, 76, '2020-10-05 06:57:38', '2020-10-05 06:57:38', NULL),
	(7, 43163.33, 197, 76, '2020-10-05 06:57:38', '2020-10-05 06:57:38', NULL),
	(74, 24055.18, 222, 76, '2020-10-05 06:57:38', '2020-10-05 06:57:38', NULL),
	(5, 27974.00, 145, 77, '2020-10-05 06:57:38', '2020-10-05 06:57:38', NULL),
	(97, 239819.89, 176, 77, '2020-10-05 06:57:38', '2020-10-05 06:57:38', NULL),
	(63, 610972.74, 295, 77, '2020-10-05 06:57:38', '2020-10-05 06:57:38', NULL),
	(62, 588745.18, 109, 78, '2020-10-05 06:57:38', '2020-10-05 06:57:38', NULL),
	(17, 94316.34, 110, 78, '2020-10-05 06:57:38', '2020-10-05 06:57:38', NULL),
	(150, 746893.50, 111, 78, '2020-10-05 06:57:38', '2020-10-05 06:57:38', NULL),
	(61, 336201.50, 128, 78, '2020-10-05 06:57:38', '2020-10-05 06:57:38', NULL),
	(47, 57503.09, 201, 78, '2020-10-05 06:57:38', '2020-10-05 06:57:38', NULL),
	(20, 42669.00, 255, 78, '2020-10-05 06:57:38', '2020-10-05 06:57:38', NULL),
	(46, 453227.42, 281, 78, '2020-10-05 06:57:38', '2020-10-05 06:57:38', NULL),
	(36, 276060.96, 296, 78, '2020-10-05 06:57:38', '2020-10-05 06:57:38', NULL),
	(10, 61988.30, 32, 79, '2020-10-05 06:57:38', '2020-10-05 06:57:38', NULL),
	(38, 177401.48, 178, 79, '2020-10-05 06:57:38', '2020-10-05 06:57:38', NULL),
	(19, 177051.12, 248, 79, '2020-10-05 06:57:38', '2020-10-05 06:57:38', NULL),
	(38, 338033.18, 6, 80, '2020-10-05 06:57:38', '2020-10-05 06:57:38', NULL),
	(100, 981037.00, 10, 80, '2020-10-05 06:57:38', '2020-10-05 06:57:38', NULL),
	(9, 69357.78, 34, 80, '2020-10-05 06:57:38', '2020-10-05 06:57:38', NULL),
	(86, 170489.84, 146, 80, '2020-10-05 06:57:38', '2020-10-05 06:57:38', NULL),
	(73, 89313.31, 201, 80, '2020-10-05 06:57:38', '2020-10-05 06:57:38', NULL),
	(5, 41474.70, 240, 80, '2020-10-05 06:57:38', '2020-10-05 06:57:38', NULL),
	(62, 528199.08, 107, 81, '2020-10-05 06:57:38', '2020-10-05 06:57:38', NULL),
	(43, 130652.49, 235, 81, '2020-10-05 06:57:38', '2020-10-05 06:57:38', NULL),
	(32, 282509.44, 19, 82, '2020-10-05 06:57:38', '2020-10-05 06:57:38', NULL),
	(90, 700324.20, 112, 82, '2020-10-05 06:57:38', '2020-10-05 06:57:38', NULL),
	(20, 199808.60, 28, 83, '2020-10-05 06:57:38', '2020-10-05 06:57:38', NULL),
	(29, 211445.67, 99, 83, '2020-10-05 06:57:38', '2020-10-05 06:57:38', NULL),
	(1, 8195.60, 155, 83, '2020-10-05 06:57:38', '2020-10-05 06:57:38', NULL),
	(18, 84032.28, 178, 83, '2020-10-05 06:57:38', '2020-10-05 06:57:38', NULL),
	(14, 22155.70, 233, 83, '2020-10-05 06:57:38', '2020-10-05 06:57:38', NULL),
	(36, 316365.84, 239, 83, '2020-10-05 06:57:38', '2020-10-05 06:57:38', NULL),
	(2, 17952.40, 275, 83, '2020-10-05 06:57:38', '2020-10-05 06:57:38', NULL),
	(79, 709989.59, 120, 84, '2020-10-05 06:57:38', '2020-10-05 06:57:38', NULL),
	(32, 273858.88, 230, 84, '2020-10-05 06:57:38', '2020-10-05 06:57:38', NULL),
	(18, 158182.92, 239, 84, '2020-10-05 06:57:38', '2020-10-05 06:57:38', NULL),
	(23, 123467.91, 53, 85, '2020-10-05 06:57:38', '2020-10-05 06:57:38', NULL),
	(12, 114576.24, 67, 85, '2020-10-05 06:57:38', '2020-10-05 06:57:38', NULL),
	(72, 74211.84, 185, 85, '2020-10-05 06:57:38', '2020-10-05 06:57:38', NULL),
	(4, 38532.92, 220, 85, '2020-10-05 06:57:38', '2020-10-05 06:57:38', NULL),
	(169, 1369464.46, 231, 85, '2020-10-05 06:57:38', '2020-10-05 06:57:38', NULL),
	(140, 1263931.20, 16, 86, '2020-10-05 06:57:38', '2020-10-05 06:57:38', NULL),
	(40, 353136.80, 19, 86, '2020-10-05 06:57:38', '2020-10-05 06:57:38', NULL),
	(21, 95082.96, 196, 86, '2020-10-05 06:57:38', '2020-10-05 06:57:38', NULL),
	(73, 62556.62, 228, 86, '2020-10-05 06:57:38', '2020-10-05 06:57:38', NULL),
	(80, 296304.80, 245, 86, '2020-10-05 06:57:38', '2020-10-05 06:57:38', NULL),
	(13, 78512.98, 252, 86, '2020-10-05 06:57:38', '2020-10-05 06:57:38', NULL),
	(135, 903835.80, 288, 86, '2020-10-05 06:57:38', '2020-10-05 06:57:38', NULL),
	(150, 1188453.00, 48, 87, '2020-10-05 06:57:38', '2020-10-05 06:57:38', NULL),
	(103, 681847.64, 104, 87, '2020-10-05 06:57:38', '2020-10-05 06:57:38', NULL),
	(49, 406452.06, 240, 87, '2020-10-05 06:57:38', '2020-10-05 06:57:38', NULL),
	(38, 9455.54, 300, 87, '2020-10-05 06:57:38', '2020-10-05 06:57:38', NULL),
	(20, 35683.80, 14, 88, '2020-10-05 06:57:38', '2020-10-05 06:57:38', NULL),
	(1, 494.86, 24, 88, '2020-10-05 06:57:38', '2020-10-05 06:57:38', NULL),
	(20, 65916.40, 81, 88, '2020-10-05 06:57:38', '2020-10-05 06:57:38', NULL),
	(10, 91045.00, 143, 88, '2020-10-05 06:57:38', '2020-10-05 06:57:38', NULL),
	(6, 54812.34, 257, 88, '2020-10-05 06:57:38', '2020-10-05 06:57:38', NULL),
	(40, 135153.60, 284, 88, '2020-10-05 06:57:38', '2020-10-05 06:57:38', NULL),
	(17, 94132.23, 285, 88, '2020-10-05 06:57:38', '2020-10-05 06:57:38', NULL),
	(3, 11843.76, 294, 88, '2020-10-05 06:57:38', '2020-10-05 06:57:38', NULL),
	(16, 41674.24, 20, 89, '2020-10-05 06:57:38', '2020-10-05 06:57:38', NULL),
	(73, 280022.89, 25, 89, '2020-10-05 06:57:38', '2020-10-05 06:57:38', NULL),
	(86, 609103.60, 98, 89, '2020-10-05 06:57:38', '2020-10-05 06:57:38', NULL),
	(54, 216396.90, 202, 89, '2020-10-05 06:57:38', '2020-10-05 06:57:38', NULL),
	(14, 46132.80, 204, 89, '2020-10-05 06:57:38', '2020-10-05 06:57:38', NULL),
	(107, 31049.26, 238, 89, '2020-10-05 06:57:38', '2020-10-05 06:57:38', NULL),
	(169, 1332227.00, 247, 89, '2020-10-05 06:57:38', '2020-10-05 06:57:38', NULL),
	(20, 52047.40, 31, 90, '2020-10-05 06:57:38', '2020-10-05 06:57:38', NULL),
	(55, 525141.10, 67, 90, '2020-10-05 06:57:38', '2020-10-05 06:57:38', NULL),
	(56, 481310.48, 80, 90, '2020-10-05 06:57:38', '2020-10-05 06:57:38', NULL),
	(23, 63013.33, 119, 90, '2020-10-05 06:57:38', '2020-10-05 06:57:38', NULL),
	(64, 111552.00, 161, 90, '2020-10-05 06:57:38', '2020-10-05 06:57:38', NULL),
	(57, 279264.66, 162, 90, '2020-10-05 06:57:38', '2020-10-05 06:57:38', NULL),
	(90, 675981.00, 193, 90, '2020-10-05 06:57:38', '2020-10-05 06:57:38', NULL),
	(32, 265438.08, 240, 90, '2020-10-05 06:57:38', '2020-10-05 06:57:38', NULL),
	(112, 749848.96, 288, 90, '2020-10-05 06:57:38', '2020-10-05 06:57:38', NULL),
	(116, 762695.36, 9, 91, '2020-10-05 06:57:38', '2020-10-05 06:57:38', NULL),
	(63, 618053.31, 10, 91, '2020-10-05 06:57:38', '2020-10-05 06:57:38', NULL),
	(27, 52359.48, 63, 91, '2020-10-05 06:57:38', '2020-10-05 06:57:38', NULL),
	(44, 123221.56, 100, 91, '2020-10-05 06:57:38', '2020-10-05 06:57:38', NULL),
	(70, 558374.60, 108, 91, '2020-10-05 06:57:38', '2020-10-05 06:57:38', NULL),
	(15, 142725.30, 135, 91, '2020-10-05 06:57:38', '2020-10-05 06:57:38', NULL),
	(118, 880959.68, 158, 91, '2020-10-05 06:57:38', '2020-10-05 06:57:38', NULL),
	(0, 0.00, 265, 91, '2020-10-05 06:57:38', '2020-10-05 06:57:38', NULL),
	(44, 14984.64, 269, 91, '2020-10-05 06:57:38', '2020-10-05 06:57:38', NULL),
	(12, 113327.52, 27, 92, '2020-10-05 06:57:38', '2020-10-05 06:57:38', NULL),
	(38, 277066.74, 99, 92, '2020-10-05 06:57:38', '2020-10-05 06:57:38', NULL),
	(97, 659008.30, 131, 92, '2020-10-05 06:57:38', '2020-10-05 06:57:38', NULL),
	(16, 14232.00, 144, 92, '2020-10-05 06:57:38', '2020-10-05 06:57:38', NULL),
	(67, 165648.79, 176, 92, '2020-10-05 06:57:38', '2020-10-05 06:57:38', NULL),
	(11, 36247.20, 204, 92, '2020-10-05 06:57:38', '2020-10-05 06:57:38', NULL),
	(11, 82245.02, 298, 92, '2020-10-05 06:57:38', '2020-10-05 06:57:38', NULL),
	(12, 84934.92, 37, 93, '2020-10-05 06:57:38', '2020-10-05 06:57:38', NULL),
	(12, 4811.16, 132, 93, '2020-10-05 06:57:38', '2020-10-05 06:57:38', NULL),
	(6, 38937.60, 268, 93, '2020-10-05 06:57:38', '2020-10-05 06:57:38', NULL),
	(10, 5474.60, 74, 94, '2020-10-05 06:57:38', '2020-10-05 06:57:38', NULL),
	(13, 6428.89, 141, 94, '2020-10-05 06:57:38', '2020-10-05 06:57:38', NULL),
	(2, 5091.52, 142, 94, '2020-10-05 06:57:38', '2020-10-05 06:57:38', NULL),
	(93, 229930.41, 176, 94, '2020-10-05 06:57:38', '2020-10-05 06:57:38', NULL),
	(57, 210466.80, 262, 94, '2020-10-05 06:57:38', '2020-10-05 06:57:38', NULL),
	(46, 190378.36, 65, 95, '2020-10-05 06:57:38', '2020-10-05 06:57:38', NULL),
	(2, 17974.42, 120, 95, '2020-10-05 06:57:38', '2020-10-05 06:57:38', NULL),
	(69, 202619.19, 159, 95, '2020-10-05 06:57:38', '2020-10-05 06:57:38', NULL),
	(67, 514395.18, 206, 95, '2020-10-05 06:57:38', '2020-10-05 06:57:38', NULL),
	(28, 274690.36, 10, 96, '2020-10-05 06:57:38', '2020-10-05 06:57:38', NULL),
	(7, 35794.29, 82, 96, '2020-10-05 06:57:38', '2020-10-05 06:57:38', NULL),
	(36, 249712.20, 199, 96, '2020-10-05 06:57:38', '2020-10-05 06:57:38', NULL),
	(79, 664393.95, 208, 96, '2020-10-05 06:57:38', '2020-10-05 06:57:38', NULL),
	(45, 411092.55, 257, 96, '2020-10-05 06:57:38', '2020-10-05 06:57:38', NULL),
	(0, 0.00, 265, 96, '2020-10-05 06:57:38', '2020-10-05 06:57:38', NULL),
	(57, 352884.15, 286, 96, '2020-10-05 06:57:38', '2020-10-05 06:57:38', NULL),
	(89, 615782.99, 292, 96, '2020-10-05 06:57:38', '2020-10-05 06:57:38', NULL),
	(2, 7895.84, 294, 96, '2020-10-05 06:57:38', '2020-10-05 06:57:38', NULL),
	(16, 52733.12, 81, 97, '2020-10-05 06:57:38', '2020-10-05 06:57:38', NULL),
	(63, 409711.68, 190, 97, '2020-10-05 06:57:38', '2020-10-05 06:57:38', NULL),
	(7, 23066.40, 204, 97, '2020-10-05 06:57:38', '2020-10-05 06:57:38', NULL),
	(73, 578380.46, 48, 98, '2020-10-05 06:57:38', '2020-10-05 06:57:38', NULL),
	(38, 173575.64, 69, 98, '2020-10-05 06:57:38', '2020-10-05 06:57:38', NULL),
	(15, 69436.20, 124, 98, '2020-10-05 06:57:38', '2020-10-05 06:57:38', NULL),
	(18, 7216.74, 132, 98, '2020-10-05 06:57:38', '2020-10-05 06:57:38', NULL),
	(2, 989.06, 141, 98, '2020-10-05 06:57:38', '2020-10-05 06:57:38', NULL),
	(5, 5972.10, 195, 98, '2020-10-05 06:57:38', '2020-10-05 06:57:38', NULL),
	(14, 97960.94, 243, 98, '2020-10-05 06:57:38', '2020-10-05 06:57:38', NULL),
	(50, 309547.50, 286, 98, '2020-10-05 06:57:38', '2020-10-05 06:57:38', NULL),
	(11, 43427.12, 294, 98, '2020-10-05 06:57:38', '2020-10-05 06:57:38', NULL),
	(51, 392647.47, 18, 99, '2020-10-05 06:57:38', '2020-10-05 06:57:38', NULL),
	(37, 125574.30, 49, 99, '2020-10-05 06:57:38', '2020-10-05 06:57:38', NULL),
	(61, 519679.74, 107, 99, '2020-10-05 06:57:38', '2020-10-05 06:57:38', NULL),
	(19, 105412.38, 110, 99, '2020-10-05 06:57:38', '2020-10-05 06:57:38', NULL),
	(32, 219764.48, 150, 99, '2020-10-05 06:57:38', '2020-10-05 06:57:38', NULL),
	(41, 256560.37, 36, 100, '2020-10-05 06:57:38', '2020-10-05 06:57:38', NULL),
	(157, 848107.72, 57, 100, '2020-10-05 06:57:38', '2020-10-05 06:57:38', NULL),
	(50, 302016.50, 61, 100, '2020-10-05 06:57:38', '2020-10-05 06:57:38', NULL),
	(69, 685945.56, 72, 100, '2020-10-05 06:57:38', '2020-10-05 06:57:38', NULL),
	(19, 180421.91, 109, 100, '2020-10-05 06:57:38', '2020-10-05 06:57:38', NULL),
	(1, 1391.36, 115, 100, '2020-10-05 06:57:38', '2020-10-05 06:57:38', NULL),
	(20, 139944.20, 243, 100, '2020-10-05 06:57:38', '2020-10-05 06:57:38', NULL),
	(55, 433565.00, 247, 100, '2020-10-05 06:57:38', '2020-10-05 06:57:38', NULL);

--  estructura para tabla rumbabar.proveedores
CREATE TABLE IF NOT EXISTS `proveedores` (
  `ProveedorId` bigint(20) unsigned NOT NULL AUTO_INCREMENT,
  `ProveedorNombre` varchar(255) COLLATE utf8mb4_unicode_ci NOT NULL,
  `ProveedorNit` varchar(255) COLLATE utf8mb4_unicode_ci NOT NULL,
  `created_at` timestamp NULL DEFAULT NULL,
  `updated_at` timestamp NULL DEFAULT NULL,
  `deleted_at` timestamp NULL DEFAULT NULL,
  PRIMARY KEY (`ProveedorId`)
) ENGINE=InnoDB AUTO_INCREMENT=51 DEFAULT CHARSET=utf8mb4 COLLATE=utf8mb4_unicode_ci;

--  datos para la tabla rumbabar.proveedores: ~50 rows (aproximadamente)
DELETE FROM `proveedores`;
INSERT INTO `proveedores` (`ProveedorId`, `ProveedorNombre`, `ProveedorNit`, `created_at`, `updated_at`, `deleted_at`) VALUES
	(1, 'Asociación Meraz-Nieves', '756.448.427-1', NULL, NULL, NULL),
	(2, 'Alanis de Olvera S. de H.', '381.218.970-9', NULL, NULL, NULL),
	(3, 'Gestora Anguiano', '115.902.766-3', NULL, NULL, NULL),
	(4, 'Mata-Soto SRL', '232.137.636-9', NULL, NULL, NULL),
	(5, 'Gestora Silva-Fajardo', '674.288.405-5', NULL, NULL, NULL),
	(6, 'Air Barajas-Rangel', '143.479.242-9', NULL, NULL, NULL),
	(7, 'Empresa Villalobos S. de H.', '883.503.489-8', NULL, NULL, NULL),
	(8, 'Empresa Nazario SRL', '393.770.590-8', NULL, NULL, NULL),
	(9, 'Mota de Cazares SA', '017.981.485-1', NULL, NULL, NULL),
	(10, 'Viajes Lira', '831.574.110-3', NULL, NULL, NULL),
	(11, 'Gestora Coronado e Hija', '879.001.526-5', NULL, NULL, NULL),
	(12, 'Cobo de Bautista y Flia.', '321.851.281-4', NULL, NULL, NULL),
	(13, 'Botello-Salcido e Hijos', '751.302.504-4', NULL, NULL, NULL),
	(14, 'Badillo de Galarza', '669.258.253-3', NULL, NULL, NULL),
	(15, 'Adorno y Caro e Hija', '077.994.617-4', NULL, NULL, NULL),
	(16, 'Carrero de Santiago', '978.322.390-2', NULL, NULL, NULL),
	(17, 'Puig-Expósito y Flia.', '103.535.169-9', NULL, NULL, NULL),
	(18, 'Melgar y Orellana e Hijo', '202.932.692-0', NULL, NULL, NULL),
	(19, 'Carrasquillo-Haro e Hija', '538.220.177-3', NULL, NULL, NULL),
	(20, 'Air Verdugo-Rendón', '879.156.125-8', NULL, NULL, NULL),
	(21, 'Empresa Olivares-Domínquez', '664.677.289-1', NULL, NULL, NULL),
	(22, 'Luis y Herrero', '232.163.857-4', NULL, NULL, NULL),
	(23, 'Cortez de Cornejo', '715.976.327-7', NULL, NULL, NULL),
	(24, 'Centro Arguello', '804.452.560-8', NULL, NULL, NULL),
	(25, 'Gestora Luján', '471.546.915-9', NULL, NULL, NULL),
	(26, 'Air Monroy', '614.156.435-2', NULL, NULL, NULL),
	(27, 'Carvajal y Téllez e Hijo', '706.283.475-2', NULL, NULL, NULL),
	(28, 'Centro Aguirre-Muro', '110.564.255-6', NULL, NULL, NULL),
	(29, 'Polo y Villalpando', '560.206.058-9', NULL, NULL, NULL),
	(30, 'Global Piña-Rico', '096.420.978-7', NULL, NULL, NULL),
	(31, 'Viajes Silva-Juan', '844.075.631-0', NULL, NULL, NULL),
	(32, 'Centro Vásquez SA', '466.299.462-0', NULL, NULL, NULL),
	(33, 'Juárez y Tovar', '414.974.428-1', NULL, NULL, NULL),
	(34, 'Centro Alvarado-Rojas', '336.895.733-4', NULL, NULL, NULL),
	(35, 'Roig-Véliz', '515.524.848-0', NULL, NULL, NULL),
	(36, 'Caraballo y Preciado SRL', '305.240.937-9', NULL, NULL, NULL),
	(37, 'Briseño-Patiño', '510.430.988-1', NULL, NULL, NULL),
	(38, 'Global Esquibel-Alcántar', '047.163.063-4', NULL, NULL, NULL),
	(39, 'Empresa Valentín', '833.879.533-8', NULL, NULL, NULL),
	(40, 'Alfonso-Montemayor e Hijos', '621.664.784-7', NULL, NULL, NULL),
	(41, 'Alvarado y Lebrón SRL', '314.152.813-7', NULL, NULL, NULL),
	(42, 'Global Santana', '742.018.995-4', NULL, NULL, NULL),
	(43, 'Luevano, Abreu y Feliciano y Asoc.', '515.225.169-3', NULL, NULL, NULL),
	(44, 'Monroy y Armendáriz SA', '692.309.546-2', NULL, NULL, NULL),
	(45, 'Tejada, Rascón y Delvalle e Hijos', '808.079.079-3', NULL, NULL, NULL),
	(46, 'Pagan de Herrero S. de H.', '503.742.817-3', NULL, NULL, NULL),
	(47, 'Gestora Delarosa e Hijo', '193.525.562-0', NULL, NULL, NULL),
	(48, 'Asociación Lira e Hijo', '065.205.490-0', NULL, NULL, NULL),
	(49, 'Montaño-Rodrigo', '616.764.506-8', NULL, NULL, NULL),
	(50, 'Jimínez de Betancourt SRL', '176.298.740-0', NULL, NULL, NULL);

--  estructura para tabla rumbabar.roles
CREATE TABLE IF NOT EXISTS `roles` (
  `RolId` bigint(20) unsigned NOT NULL AUTO_INCREMENT,
  `RolNombre` varchar(255) COLLATE utf8mb4_unicode_ci NOT NULL,
  `created_at` timestamp NULL DEFAULT NULL,
  `updated_at` timestamp NULL DEFAULT NULL,
  `deleted_at` timestamp NULL DEFAULT NULL,
  PRIMARY KEY (`RolId`)
) ENGINE=InnoDB AUTO_INCREMENT=5 DEFAULT CHARSET=utf8mb4 COLLATE=utf8mb4_unicode_ci;

--  datos para la tabla rumbabar.roles: ~4 rows (aproximadamente)
DELETE FROM `roles`;
INSERT INTO `roles` (`RolId`, `RolNombre`, `created_at`, `updated_at`, `deleted_at`) VALUES
	(1, 'Programador', NULL, NULL, NULL),
	(2, 'Administrador', NULL, NULL, NULL),
	(3, 'Usuario', NULL, NULL, NULL),
	(4, 'Suplente', NULL, NULL, NULL);

--  estructura para tabla rumbabar.usuarios
CREATE TABLE IF NOT EXISTS `usuarios` (
  `UsuarioId` bigint(20) unsigned NOT NULL AUTO_INCREMENT,
  `UsuarioName` varchar(255) COLLATE utf8mb4_unicode_ci NOT NULL,
  `UsuarioEmail` varchar(255) COLLATE utf8mb4_unicode_ci NOT NULL,
  `email_verified_at` timestamp NULL DEFAULT NULL,
  `UsuarioPassword` varchar(255) COLLATE utf8mb4_unicode_ci NOT NULL,
  `fk_rol` bigint(20) unsigned NOT NULL,
  `remember_token` varchar(100) COLLATE utf8mb4_unicode_ci DEFAULT NULL,
  `created_at` timestamp NULL DEFAULT NULL,
  `updated_at` timestamp NULL DEFAULT NULL,
  `deleted_at` timestamp NULL DEFAULT NULL,
  PRIMARY KEY (`UsuarioId`),
  UNIQUE KEY `usuarios_usuarioemail_unique` (`UsuarioEmail`),
  KEY `usuarios_fk_rol_foreign` (`fk_rol`),
  CONSTRAINT `usuarios_fk_rol_foreign` FOREIGN KEY (`fk_rol`) REFERENCES `roles` (`RolId`)
) ENGINE=InnoDB AUTO_INCREMENT=6 DEFAULT CHARSET=utf8mb4 COLLATE=utf8mb4_unicode_ci;

--  datos para la tabla rumbabar.usuarios: ~5 rows (aproximadamente)
DELETE FROM `usuarios`;
INSERT INTO `usuarios` (`UsuarioId`, `UsuarioName`, `UsuarioEmail`, `email_verified_at`, `UsuarioPassword`, `fk_rol`, `remember_token`, `created_at`, `updated_at`, `deleted_at`) VALUES
	(1, 'alcantar.claudia', 'alcantar.claudia@yahoo.com', NULL, '$2y$10$92IXUNpkjO0rOQ5byMi.Ye4oKoEa3Ro9llC/.og/at2.uheWG/igi', 3, NULL, NULL, NULL, NULL),
	(2, 'francisco90', 'francisco90@yahoo.com', NULL, '$2y$10$92IXUNpkjO0rOQ5byMi.Ye4oKoEa3Ro9llC/.og/at2.uheWG/igi', 4, NULL, NULL, NULL, NULL),
	(3, 'elsa32', 'elsa32@latinmail.com', NULL, '$2y$10$92IXUNpkjO0rOQ5byMi.Ye4oKoEa3Ro9llC/.og/at2.uheWG/igi', 3, NULL, NULL, NULL, NULL),
	(4, 'inmaculada.orosco', 'inmaculada.orosco@latinmail.com', NULL, '$2y$10$92IXUNpkjO0rOQ5byMi.Ye4oKoEa3Ro9llC/.og/at2.uheWG/igi', 4, NULL, NULL, NULL, NULL),
	(5, 'leo.jiminez', 'leo.jiminez@gmail.com', NULL, '$2y$10$92IXUNpkjO0rOQ5byMi.Ye4oKoEa3Ro9llC/.og/at2.uheWG/igi', 2, NULL, NULL, NULL, NULL);

--  estructura para tabla rumbabar.ventas
CREATE TABLE IF NOT EXISTS `ventas` (
  `VentaId` bigint(20) unsigned NOT NULL AUTO_INCREMENT,
  `VentaSaldo` double(10,2) NOT NULL,
  `VentaTotal` double(10,2) NOT NULL,
  `fk_user` bigint(20) unsigned NOT NULL,
  `fk_mesa` bigint(20) unsigned NOT NULL,
  `fk_cliente` bigint(20) unsigned NOT NULL,
  `created_at` timestamp NULL DEFAULT NULL,
  `updated_at` timestamp NULL DEFAULT NULL,
  `deleted_at` timestamp NULL DEFAULT NULL,
  PRIMARY KEY (`VentaId`),
  KEY `ventas_fk_user_foreign` (`fk_user`),
  KEY `ventas_fk_mesa_foreign` (`fk_mesa`),
  KEY `ventas_fk_cliente_foreign` (`fk_cliente`),
  CONSTRAINT `ventas_fk_cliente_foreign` FOREIGN KEY (`fk_cliente`) REFERENCES `clientes` (`ClienteId`),
  CONSTRAINT `ventas_fk_mesa_foreign` FOREIGN KEY (`fk_mesa`) REFERENCES `mesas` (`MesaId`),
  CONSTRAINT `ventas_fk_user_foreign` FOREIGN KEY (`fk_user`) REFERENCES `usuarios` (`UsuarioId`)
) ENGINE=InnoDB AUTO_INCREMENT=101 DEFAULT CHARSET=utf8mb4 COLLATE=utf8mb4_unicode_ci;

--  datos para la tabla rumbabar.ventas: ~100 rows (aproximadamente)
DELETE FROM `ventas`;
INSERT INTO `ventas` (`VentaId`, `VentaSaldo`, `VentaTotal`, `fk_user`, `fk_mesa`, `fk_cliente`, `created_at`, `updated_at`, `deleted_at`) VALUES
	(1, 12811.17, 76867.00, 5, 11, 27, NULL, NULL, NULL),
	(2, 1403.67, 12633.00, 2, 5, 61, NULL, NULL, NULL),
	(3, 15164.40, 75822.00, 1, 13, 61, NULL, NULL, NULL),
	(4, 3796.30, 37963.00, 3, 1, 89, NULL, NULL, NULL),
	(5, 8184.40, 81844.00, 1, 4, 19, NULL, NULL, NULL),
	(6, 3832.00, 22992.00, 3, 15, 85, NULL, NULL, NULL),
	(7, 11512.38, 92099.00, 5, 13, 52, NULL, NULL, NULL),
	(8, 7865.20, 78652.00, 5, 12, 21, NULL, NULL, NULL),
	(9, 6396.00, 19188.00, 4, 10, 11, NULL, NULL, NULL),
	(10, 13692.50, 54770.00, 5, 13, 72, NULL, NULL, NULL),
	(11, 17901.00, 71604.00, 1, 15, 26, NULL, NULL, NULL),
	(12, 4652.67, 13958.00, 5, 14, 87, NULL, NULL, NULL),
	(13, 13447.33, 80684.00, 4, 8, 48, NULL, NULL, NULL),
	(14, 4315.20, 43152.00, 1, 15, 11, NULL, NULL, NULL),
	(15, 14126.00, 28252.00, 4, 5, 19, NULL, NULL, NULL),
	(16, 8648.11, 77833.00, 4, 14, 23, NULL, NULL, NULL),
	(17, 1761.33, 15852.00, 2, 1, 56, NULL, NULL, NULL),
	(18, 3238.67, 29148.00, 1, 9, 34, NULL, NULL, NULL),
	(19, 16246.50, 32493.00, 2, 10, 90, NULL, NULL, NULL),
	(20, 10423.29, 72963.00, 2, 3, 51, NULL, NULL, NULL),
	(21, 5318.30, 53183.00, 5, 9, 48, NULL, NULL, NULL),
	(22, 10437.00, 10437.00, 1, 3, 50, NULL, NULL, NULL),
	(23, 16468.33, 98810.00, 4, 1, 10, NULL, NULL, NULL),
	(24, 16467.75, 65871.00, 4, 3, 73, NULL, NULL, NULL),
	(25, 4365.00, 4365.00, 1, 10, 34, NULL, NULL, NULL),
	(26, 51333.00, 51333.00, 1, 4, 90, NULL, NULL, NULL),
	(27, 5777.22, 51995.00, 2, 13, 3, NULL, NULL, NULL),
	(28, 10318.43, 72229.00, 2, 8, 89, NULL, NULL, NULL),
	(29, 2649.78, 23848.00, 3, 2, 62, NULL, NULL, NULL),
	(30, 2943.00, 23544.00, 4, 4, 62, NULL, NULL, NULL),
	(31, 8592.00, 17184.00, 1, 11, 73, NULL, NULL, NULL),
	(32, 17525.25, 70101.00, 5, 7, 87, NULL, NULL, NULL),
	(33, 570.50, 3423.00, 4, 2, 43, NULL, NULL, NULL),
	(34, 889.50, 3558.00, 3, 13, 20, NULL, NULL, NULL),
	(35, 14088.33, 42265.00, 3, 8, 82, NULL, NULL, NULL),
	(36, 18756.25, 75025.00, 2, 3, 27, NULL, NULL, NULL),
	(37, 10266.83, 61601.00, 1, 12, 81, NULL, NULL, NULL),
	(38, 8566.50, 34266.00, 3, 6, 72, NULL, NULL, NULL),
	(39, 2503.20, 12516.00, 2, 9, 25, NULL, NULL, NULL),
	(40, 20608.33, 61825.00, 4, 1, 28, NULL, NULL, NULL),
	(41, 9853.67, 29561.00, 5, 1, 9, NULL, NULL, NULL),
	(42, 4114.14, 28799.00, 4, 9, 66, NULL, NULL, NULL),
	(43, 2912.71, 20389.00, 5, 5, 39, NULL, NULL, NULL),
	(44, 16870.00, 67480.00, 1, 1, 27, NULL, NULL, NULL),
	(45, 3520.78, 31687.00, 3, 5, 3, NULL, NULL, NULL),
	(46, 6149.57, 43047.00, 5, 1, 80, NULL, NULL, NULL),
	(47, 1235.40, 6177.00, 2, 4, 77, NULL, NULL, NULL),
	(48, 9869.50, 19739.00, 3, 6, 52, NULL, NULL, NULL),
	(49, 49179.00, 98358.00, 4, 4, 72, NULL, NULL, NULL),
	(50, 9419.60, 94196.00, 1, 2, 41, NULL, NULL, NULL),
	(51, 9089.00, 72712.00, 2, 12, 5, NULL, NULL, NULL),
	(52, 10864.88, 86919.00, 4, 11, 46, NULL, NULL, NULL),
	(53, 4236.80, 21184.00, 4, 10, 94, NULL, NULL, NULL),
	(54, 12190.00, 60950.00, 5, 4, 87, NULL, NULL, NULL),
	(55, 26068.00, 26068.00, 5, 14, 71, NULL, NULL, NULL),
	(56, 25164.33, 75493.00, 3, 6, 6, NULL, NULL, NULL),
	(57, 492.83, 2957.00, 2, 9, 38, NULL, NULL, NULL),
	(58, 18270.00, 36540.00, 5, 4, 40, NULL, NULL, NULL),
	(59, 3734.60, 18673.00, 5, 8, 68, NULL, NULL, NULL),
	(60, 9225.38, 73803.00, 4, 13, 100, NULL, NULL, NULL),
	(61, 11095.80, 55479.00, 5, 11, 76, NULL, NULL, NULL),
	(62, 17580.60, 87903.00, 1, 8, 71, NULL, NULL, NULL),
	(63, 9801.00, 19602.00, 5, 2, 43, NULL, NULL, NULL),
	(64, 3341.83, 20051.00, 5, 11, 78, NULL, NULL, NULL),
	(65, 12719.20, 63596.00, 1, 3, 85, NULL, NULL, NULL),
	(66, 59931.00, 59931.00, 1, 14, 74, NULL, NULL, NULL),
	(67, 17034.00, 51102.00, 2, 6, 36, NULL, NULL, NULL),
	(68, 25721.00, 77163.00, 5, 12, 35, NULL, NULL, NULL),
	(69, 2902.60, 29026.00, 1, 11, 19, NULL, NULL, NULL),
	(70, 88949.00, 88949.00, 5, 3, 1, NULL, NULL, NULL),
	(71, 3367.75, 13471.00, 1, 4, 56, NULL, NULL, NULL),
	(72, 46694.00, 46694.00, 4, 3, 62, NULL, NULL, NULL),
	(73, 87.56, 788.00, 4, 13, 26, NULL, NULL, NULL),
	(74, 20551.75, 82207.00, 2, 4, 49, NULL, NULL, NULL),
	(75, 572.43, 4007.00, 2, 2, 48, NULL, NULL, NULL),
	(76, 43298.00, 43298.00, 5, 5, 15, NULL, NULL, NULL),
	(77, 12146.20, 60731.00, 1, 10, 23, NULL, NULL, NULL),
	(78, 11735.00, 93880.00, 5, 7, 40, NULL, NULL, NULL),
	(79, 16520.20, 82601.00, 2, 6, 54, NULL, NULL, NULL),
	(80, 12462.25, 49849.00, 2, 2, 31, NULL, NULL, NULL),
	(81, 2487.00, 17409.00, 5, 8, 94, NULL, NULL, NULL),
	(82, 6063.00, 36378.00, 2, 1, 85, NULL, NULL, NULL),
	(83, 5933.56, 53402.00, 3, 14, 97, NULL, NULL, NULL),
	(84, 20696.00, 82784.00, 1, 10, 92, NULL, NULL, NULL),
	(85, 23027.00, 92108.00, 1, 1, 24, NULL, NULL, NULL),
	(86, 2592.10, 25921.00, 2, 14, 81, NULL, NULL, NULL),
	(87, 9124.17, 54745.00, 4, 4, 44, NULL, NULL, NULL),
	(88, 1371.30, 13713.00, 2, 8, 71, NULL, NULL, NULL),
	(89, 2091.62, 16733.00, 1, 3, 30, NULL, NULL, NULL),
	(90, 4133.22, 37199.00, 5, 10, 54, NULL, NULL, NULL),
	(91, 7305.29, 51137.00, 5, 15, 18, NULL, NULL, NULL),
	(92, 2904.78, 26143.00, 5, 4, 97, NULL, NULL, NULL),
	(93, 6388.00, 38328.00, 4, 8, 91, NULL, NULL, NULL),
	(94, 215.00, 1075.00, 3, 12, 87, NULL, NULL, NULL),
	(95, 8337.90, 83379.00, 3, 14, 10, NULL, NULL, NULL),
	(96, 4247.25, 33978.00, 5, 15, 42, NULL, NULL, NULL),
	(97, 14023.50, 28047.00, 1, 3, 95, NULL, NULL, NULL),
	(98, 5668.38, 45347.00, 1, 1, 84, NULL, NULL, NULL),
	(99, 8792.60, 43963.00, 4, 14, 83, NULL, NULL, NULL),
	(100, 2933.80, 29338.00, 5, 1, 50, NULL, NULL, NULL);

