
/*!40101 SET @OLD_CHARACTER_SET_CLIENT=@@CHARACTER_SET_CLIENT */;
/*!40101 SET NAMES utf8 */;
/*!50503 SET NAMES utf8mb4 */;
/*!40014 SET @OLD_FOREIGN_KEY_CHECKS=@@FOREIGN_KEY_CHECKS, FOREIGN_KEY_CHECKS=0 */;
/*!40101 SET @OLD_SQL_MODE=@@SQL_MODE, SQL_MODE='NO_AUTO_VALUE_ON_ZERO' */;


--  estructura de base de datos para rumbabar

DROP DATABASE IF EXISTS `rumbabar`;

CREATE DATABASE IF NOT EXISTS `rumbabar` DEFAULT CHARACTER SET utf8mb4 COLLATE utf8mb4_unicode_ci;
USE `rumbabar`;

--  estructura para tabla rumbabar.auditoria_clientes
CREATE TABLE IF NOT EXISTS `auditoria_clientes` (
  `audi_clientes_id` bigint(20) unsigned NOT NULL AUTO_INCREMENT,
  `audi_ClienteId` bigint(20) unsigned NOT NULL,
  `audi_nuevo_ClienteNombre` varchar(255) NULL,
  `audi_nuevo_ClienteDocumento` varchar(255) NULL,
  `audi_anterior_ClienteNombre` varchar(255) NULL,
  `audi_anterior_ClienteDocumento` varchar(255) NULL,
  `audi_clientes_operacion` varchar(20) NULL,
  `created_at` timestamp NULL DEFAULT NULL,
  `updated_at` timestamp NULL DEFAULT NULL,
  PRIMARY KEY (`audi_clientes_id`)
) ENGINE=InnoDB;

--  datos para la tabla rumbabar.auditoria_clientes: ~0 rows (aproximadamente)
DELETE FROM `auditoria_clientes`;

--  estructura para tabla rumbabar.auditoria_compra_producto
CREATE TABLE IF NOT EXISTS `auditoria_compra_producto` (
  `audi_compra_producto_id` bigint(20) unsigned NOT NULL AUTO_INCREMENT,
  `audi_nuevo_compraCantidad` smallint(5) unsigned NULL,
  `audi_nuevo_compraSubtotal` double(10,2) NULL,
  `audi_nuevo_fk_producto` bigint(20) unsigned NULL,
  `audi_nuevo_fk_compra` bigint(20) unsigned NULL,
  `audi_anterior_compraCantidad` smallint(5) unsigned NULL,
  `audi_anterior_compraSubtotal` double(10,2) NULL,
  `audi_anterior_fk_producto` bigint(20) unsigned NULL,
  `audi_anterior_fk_compra` bigint(20) unsigned NULL,
  `audi_compra_producto_operacion` varchar(20) NULL,
  `created_at` timestamp NULL DEFAULT NULL,
  `updated_at` timestamp NULL DEFAULT NULL,
  PRIMARY KEY (`audi_compra_producto_id`)
) ENGINE=InnoDB;

--  datos para la tabla rumbabar.auditoria_compra_producto: ~0 rows (aproximadamente)
DELETE FROM `auditoria_compra_producto`;

--  estructura para tabla rumbabar.auditoria_mesas
CREATE TABLE IF NOT EXISTS `auditoria_mesas` (
  `audi_mesas_id` bigint(20) unsigned NOT NULL AUTO_INCREMENT,
  `audi_MesaId` bigint(20) unsigned NOT NULL,
  `audi_nuevo_MesaPuestos` tinyint(3) unsigned NULL,
  `audi_anterior_MesaPuestos` tinyint(3) unsigned NULL,
  `audi_mesas_operacion` varchar(20) NULL,
  `created_at` timestamp NULL DEFAULT NULL,
  `updated_at` timestamp NULL DEFAULT NULL,
  PRIMARY KEY (`audi_mesas_id`)
) ENGINE=InnoDB;

--  datos para la tabla rumbabar.auditoria_mesas: ~0 rows (aproximadamente)
DELETE FROM `auditoria_mesas`;

--  estructura para tabla rumbabar.auditoria_permisos
CREATE TABLE IF NOT EXISTS `auditoria_permisos` (
  `audi_permisos_id` bigint(20) unsigned NOT NULL AUTO_INCREMENT,
  `audi_PermisoId` bigint(20) unsigned NOT NULL,
  `audi_nuevo_PermisoNombre` varchar(255) NULL,
  `audi_anterior_PermisoNombre` varchar(255) NULL,
  `audi_permisos_operacion` varchar(20) NULL,
  `created_at` timestamp NULL DEFAULT NULL,
  `updated_at` timestamp NULL DEFAULT NULL,
  PRIMARY KEY (`audi_permisos_id`)
) ENGINE=InnoDB;

--  datos para la tabla rumbabar.auditoria_permisos: ~0 rows (aproximadamente)
DELETE FROM `auditoria_permisos`;

--  estructura para tabla rumbabar.auditoria_permiso_rol
CREATE TABLE IF NOT EXISTS `auditoria_permiso_rol` (
  `audi_permiso_rol_id` bigint(20) unsigned NOT NULL AUTO_INCREMENT,
  `audi_nuevo_fk_permiso` bigint(20) unsigned NULL,
  `audi_nuevo_fk_rol` bigint(20) unsigned NULL,
  `audi_anterior_fk_permiso` bigint(20) unsigned NULL,
  `audi_anterior_fk_rol` bigint(20) unsigned NULL,
  `audi_permiso_rol_operacion` varchar(20) NULL,
  `created_at` timestamp NULL DEFAULT NULL,
  `updated_at` timestamp NULL DEFAULT NULL,
  PRIMARY KEY (`audi_permiso_rol_id`)
) ENGINE=InnoDB;

--  datos para la tabla rumbabar.auditoria_permiso_rol: ~0 rows (aproximadamente)
DELETE FROM `auditoria_permiso_rol`;

--  estructura para tabla rumbabar.auditoria_productos
CREATE TABLE IF NOT EXISTS `auditoria_productos` (
  `audi_productos_id` bigint(20) unsigned NOT NULL AUTO_INCREMENT,
  `audi_ProductoId` bigint(20) unsigned NOT NULL,
  `audi_nuevo_ProductoNombre` varchar(255) NULL,
  `audi_nuevo_ProductoDescripcion` longtext NULL,
  `audi_nuevo_ProductoPrecio` double(10,2) NULL,
  `audi_nuevo_ProductoCantidad` mediumint(8) unsigned NULL,
  `audi_nuevo_fk_proveedor` bigint(20) unsigned NULL,
  `audi_anterior_ProductoNombre` varchar(255) NULL,
  `audi_anterior_ProductoDescripcion` longtext NULL,
  `audi_anterior_ProductoPrecio` double(10,2) NULL,
  `audi_anterior_ProductoCantidad` mediumint(8) unsigned NULL,
  `audi_anterior_fk_proveedor` bigint(20) unsigned NULL,
  `audi_productos_operacion` varchar(20) NULL,
  `created_at` timestamp NULL DEFAULT NULL,
  `updated_at` timestamp NULL DEFAULT NULL,
  PRIMARY KEY (`audi_productos_id`)
) ENGINE=InnoDB;

--  datos para la tabla rumbabar.auditoria_productos: ~0 rows (aproximadamente)
DELETE FROM `auditoria_productos`;

--  estructura para tabla rumbabar.auditoria_producto_venta
CREATE TABLE IF NOT EXISTS `auditoria_producto_venta` (
  `audi_venta_producto_id` bigint(20) unsigned NOT NULL AUTO_INCREMENT,
  `audi_nuevo_ventaCantidad` smallint(5) unsigned NULL,
  `audi_nuevo_ventaSubtotal` double(10,2) NULL,
  `audi_nuevo_fk_producto` bigint(20) unsigned NULL,
  `audi_nuevo_fk_venta` bigint(20) unsigned NULL,
  `audi_anterior_ventaCantidad` smallint(5) unsigned NULL,
  `audi_anterior_ventaSubtotal` double(10,2) NULL,
  `audi_anterior_fk_producto` bigint(20) unsigned NULL,
  `audi_anterior_fk_venta` bigint(20) unsigned NULL,
  `audi_producto_venta_operacion` varchar(20) NULL,
  `created_at` timestamp NULL DEFAULT NULL,
  `updated_at` timestamp NULL DEFAULT NULL,
  PRIMARY KEY (`audi_venta_producto_id`)
) ENGINE=InnoDB;

--  datos para la tabla rumbabar.auditoria_producto_venta: ~0 rows (aproximadamente)
DELETE FROM `auditoria_producto_venta`;

--  estructura para tabla rumbabar.auditoria_proveedores
CREATE TABLE IF NOT EXISTS `auditoria_proveedores` (
  `audi_proveedores_id` bigint(20) unsigned NOT NULL AUTO_INCREMENT,
  `audi_ProveedorID` bigint(20) unsigned NOT NULL,
  `audi_nuevo_ProveedorNombre` varchar(255) NULL,
  `audi_nuevo_ProveedorNit` varchar(255) NULL,
  `audi_anterior_ProveedorNombre` varchar(255) NULL,
  `audi_anterior_ProveedorNit` varchar(255) NULL,
  `audi_proveedores_operacion` varchar(20) NULL,
  `created_at` timestamp NULL DEFAULT NULL,
  `updated_at` timestamp NULL DEFAULT NULL,
  PRIMARY KEY (`audi_proveedores_id`)
) ENGINE=InnoDB;

--  datos para la tabla rumbabar.auditoria_proveedores: ~0 rows (aproximadamente)
DELETE FROM `auditoria_proveedores`;

--  estructura para tabla rumbabar.auditoria_roles
CREATE TABLE IF NOT EXISTS `auditoria_roles` (
  `audi_roles_id` bigint(20) unsigned NOT NULL AUTO_INCREMENT,
  `audi_RolId` bigint(20) unsigned NOT NULL,
  `audi_nuevo_RolNombre` varchar(255) NULL,
  `audi_anterior_RolNombre` varchar(255) NULL,
  `audi_roles_operacion` varchar(20) NULL,
  `created_at` timestamp NULL DEFAULT NULL,
  `updated_at` timestamp NULL DEFAULT NULL,
  PRIMARY KEY (`audi_roles_id`)
) ENGINE=InnoDB;

--  datos para la tabla rumbabar.auditoria_roles: ~0 rows (aproximadamente)
DELETE FROM `auditoria_roles`;

--  estructura para tabla rumbabar.auditoria_usuarios
CREATE TABLE IF NOT EXISTS `auditoria_usuarios` (
  `audi_usuarios_id` bigint(20) unsigned NOT NULL AUTO_INCREMENT,
  `audi_UsuarioId` bigint(20) unsigned NOT NULL,
  `audi_nuevo_UsuarioName` varchar(255) NULL,
  `audi_nuevo_UsuarioEmail` varchar(255) NULL,
  `audi_nuevo_UsuarioPassword` varchar(255) NULL,
  `audi_nuevo_fk_rol` bigint(20) unsigned NULL,
  `audi_anterior_UsuarioName` varchar(255) NULL,
  `audi_anterior_UsuarioEmail` varchar(255) NULL,
  `audi_anterior_UsuarioPassword` varchar(255) NULL,
  `audi_anterior_fk_rol` bigint(20) unsigned NULL,
  `audi_usuarios_operacion` varchar(20) NULL,
  `created_at` timestamp NULL DEFAULT NULL,
  `updated_at` timestamp NULL DEFAULT NULL,
  PRIMARY KEY (`audi_usuarios_id`)
) ENGINE=InnoDB;

--  datos para la tabla rumbabar.auditoria_usuarios: ~0 rows (aproximadamente)
DELETE FROM `auditoria_usuarios`;

--  estructura para tabla rumbabar.clientes
CREATE TABLE IF NOT EXISTS `clientes` (
  `ClienteId` bigint(20) unsigned NOT NULL AUTO_INCREMENT,
  `ClienteNombre` varchar(255) NOT NULL,
  `ClienteDocumento` varchar(255) NOT NULL,
  `created_at` timestamp NULL DEFAULT NULL,
  `updated_at` timestamp NULL DEFAULT NULL,
  `deleted_at` timestamp NULL DEFAULT NULL,
  PRIMARY KEY (`ClienteId`)
) ENGINE=InnoDB;

--  datos para la tabla rumbabar.clientes: ~100 rows (aproximadamente)
DELETE FROM `clientes`;
INSERT INTO `clientes` (`ClienteId`, `ClienteNombre`, `ClienteDocumento`, `created_at`, `updated_at`, `deleted_at`) VALUES
	(1, 'Naia Arredondo', '1110437913', '2020-08-28 05:13:07', '2020-10-05 20:09:23', NULL),
	(2, 'Erik Casanova', '1123569433', '2020-08-19 03:48:33', '2020-10-01 19:40:01', NULL),
	(3, 'Adam Cintrón', '1031715777', '2020-08-21 07:33:02', '2020-09-18 04:51:59', NULL),
	(4, 'Aurora Madrid', '1155901933', '2020-08-25 16:54:46', '2020-09-26 02:48:43', NULL),
	(5, 'Yeray Abad', '999435946', '2020-08-15 04:50:55', '2020-09-09 15:25:11', NULL),
	(6, 'Fernando Haro', '1165883492', '2020-08-20 08:56:24', '2020-09-11 21:52:43', NULL),
	(7, 'Aleix Ocampo', '1106866490', '2020-08-16 14:09:58', '2020-09-18 09:50:04', NULL),
	(8, 'Carlos Domingo', '1157151945', '2020-08-29 21:22:17', '2020-10-03 17:23:38', NULL),
	(9, 'Natalia Marín', '1158492678', '2020-08-24 16:14:46', '2020-09-19 14:53:11', NULL),
	(10, 'Ainhoa Ibáñez', '1164846177', '2020-08-31 13:31:19', '2020-09-19 00:09:06', NULL),
	(11, 'Esther Vélez', '1188443338', '2020-08-30 23:21:48', '2020-09-29 02:25:37', NULL),
	(12, 'Alexia Iglesias', '973353179', '2020-08-31 02:23:47', '2020-09-14 13:35:10', NULL),
	(13, 'Ángel Cervantes', '1148137533', '2020-08-17 09:54:20', '2020-10-03 02:17:41', NULL),
	(14, 'Naia Ramírez', '1171948369', '2020-08-22 16:55:13', '2020-09-18 14:03:08', NULL),
	(15, 'Candela Madera', '1028549179', '2020-08-30 19:21:49', '2020-09-01 22:08:58', NULL),
	(16, 'Leo Suárez', '964440400', '2020-08-23 19:21:44', '2020-09-06 18:28:27', NULL),
	(17, 'Ian Méndez', '1173501726', '2020-08-16 10:52:12', '2020-09-27 17:34:11', NULL),
	(18, 'Rubén Menéndez', '1107897246', '2020-08-28 15:49:47', '2020-09-10 17:51:44', NULL),
	(19, 'Celia Concepción', '1070447064', '2020-08-28 18:01:46', '2020-09-07 03:10:55', NULL),
	(20, 'Izan Armenta', '1067506354', '2020-08-16 00:44:26', '2020-09-19 05:17:58', NULL),
	(21, 'Aitor Giménez', '958168846', '2020-08-27 09:31:13', '2020-09-24 12:16:16', NULL),
	(22, 'Gerard Berríos', '1168316099', '2020-08-16 05:44:50', '2020-09-28 03:41:00', NULL),
	(23, 'Ariadna Berríos', '1191544930', '2020-08-17 16:29:07', '2020-09-04 05:24:08', NULL),
	(24, 'Abril Briones', '1062890091', '2020-08-15 23:57:03', '2020-09-15 00:18:13', NULL),
	(25, 'Esther Pérez', '952353815', '2020-08-16 04:57:15', '2020-09-08 04:42:49', NULL),
	(26, 'Fátima Chávez', '993825856', '2020-08-24 18:30:15', '2020-10-01 00:17:50', NULL),
	(27, 'Héctor Barraza', '1171005903', '2020-08-29 09:06:46', '2020-10-02 15:23:57', NULL),
	(28, 'Noelia Fierro', '1094076427', '2020-08-30 03:56:51', '2020-10-01 02:43:01', NULL),
	(29, 'Alicia Peres', '1096715470', '2020-08-22 02:33:38', '2020-09-10 14:00:55', NULL),
	(30, 'Marina Ordoñez', '952072045', '2020-08-24 23:02:53', '2020-09-27 17:34:07', NULL),
	(31, 'Adam Matías', '1187614422', '2020-08-25 17:24:28', '2020-09-13 19:14:58', NULL),
	(32, 'Isaac Araña', '1101171564', '2020-08-22 01:37:17', '2020-09-06 19:14:55', NULL),
	(33, 'Cristian Batista', '967824859', '2020-08-22 12:22:56', '2020-09-14 05:12:57', NULL),
	(34, 'Ángeles Salvador', '1045381397', '2020-08-18 08:06:39', '2020-09-26 16:52:43', NULL),
	(35, 'Iván Terán', '1005426517', '2020-08-25 14:24:51', '2020-10-06 14:48:12', NULL),
	(36, 'Noelia Ornelas', '1128826742', '2020-08-30 13:26:32', '2020-09-09 07:53:44', NULL),
	(37, 'Hugo Tafoya', '1199655995', '2020-08-24 22:03:00', '2020-09-03 23:23:36', NULL),
	(38, 'Nadia Serra', '1150129784', '2020-08-28 20:42:04', '2020-09-05 03:04:48', NULL),
	(39, 'Nuria Llorente', '1148392704', '2020-08-26 06:50:46', '2020-09-09 19:49:38', NULL),
	(40, 'Gael Saldaña', '1029460323', '2020-08-17 01:58:37', '2020-09-11 15:14:38', NULL),
	(41, 'Salma Pizarro', '991821313', '2020-08-30 17:15:04', '2020-09-12 03:44:44', NULL),
	(42, 'Enrique Montenegro', '974629153', '2020-08-31 08:17:45', '2020-09-08 02:33:16', NULL),
	(43, 'Ona Alicea', '1116910070', '2020-08-24 23:14:40', '2020-10-06 23:38:49', NULL),
	(44, 'Saúl Ybarra', '1009923605', '2020-08-28 06:13:39', '2020-09-21 08:43:32', NULL),
	(45, 'Carolina Mejía', '1079593682', '2020-08-28 15:16:44', '2020-09-09 03:48:18', NULL),
	(46, 'Marc Sánchez', '987737450', '2020-08-27 01:31:13', '2020-09-11 01:33:33', NULL),
	(47, 'Martín Gurule', '1123336605', '2020-08-20 19:38:15', '2020-09-29 00:58:28', NULL),
	(48, 'Patricia Saldaña', '1148626264', '2020-08-29 17:36:29', '2020-09-07 14:33:45', NULL),
	(49, 'Isabel Galarza', '1022739889', '2020-08-28 12:39:22', '2020-09-03 03:59:55', NULL),
	(50, 'Héctor Deleón', '1037396786', '2020-08-18 20:00:59', '2020-09-29 20:44:15', NULL),
	(51, 'Ander Marroquín', '1012520936', '2020-08-20 11:47:16', '2020-09-15 03:10:19', NULL),
	(52, 'Oliver Téllez', '1186735367', '2020-08-24 22:10:42', '2020-09-09 01:08:34', NULL),
	(53, 'Jan Sisneros', '1096072204', '2020-08-25 19:44:59', '2020-09-12 03:36:04', NULL),
	(54, 'Hugo Rodarte', '984490154', '2020-08-21 20:29:15', '2020-10-04 19:16:03', NULL),
	(55, 'Isabel Verdugo', '1075806625', '2020-08-25 19:38:07', '2020-09-05 12:27:39', NULL),
	(56, 'Valeria Huerta', '1127607781', '2020-08-24 23:00:55', '2020-09-30 19:44:51', NULL),
	(57, 'Inmaculada Concepción', '971387355', '2020-08-25 00:19:28', '2020-10-06 23:24:01', NULL),
	(58, 'Eduardo Calero', '994737120', '2020-08-27 23:32:11', '2020-09-03 13:15:34', NULL),
	(59, 'Mara Izquierdo', '1163460811', '2020-08-22 02:09:43', '2020-09-23 23:58:47', NULL),
	(60, 'Emilia Guzmán', '969269247', '2020-08-23 16:33:29', '2020-09-07 18:06:27', NULL),
	(61, 'Leo Mejía', '1082056549', '2020-08-26 09:08:19', '2020-09-25 22:37:28', NULL),
	(62, 'Leire Estévez', '1152702315', '2020-08-26 10:17:53', '2020-10-04 14:57:48', NULL),
	(63, 'José Antonio Brito', '1160263587', '2020-08-29 02:21:56', '2020-09-06 17:19:46', NULL),
	(64, 'Celia Dueñas', '1086771971', '2020-08-30 04:20:21', '2020-09-10 11:12:35', NULL),
	(65, 'Marcos Meléndez', '1125409758', '2020-08-30 03:01:42', '2020-09-05 06:05:08', NULL),
	(66, 'Guillem Madera', '954873948', '2020-08-29 02:57:01', '2020-09-20 03:32:58', NULL),
	(67, 'Miguel Gracia', '1085869770', '2020-08-31 17:43:10', '2020-09-08 16:20:29', NULL),
	(68, 'Ismael Luján', '1088799196', '2020-08-20 17:57:47', '2020-09-07 20:32:41', NULL),
	(69, 'Ona Mateos', '1193990748', '2020-08-23 02:51:41', '2020-09-04 04:00:53', NULL),
	(70, 'Martina Portillo', '960330602', '2020-08-16 15:40:51', '2020-09-04 13:30:23', NULL),
	(71, 'Ismael Marín', '1018597543', '2020-08-30 16:17:37', '2020-09-03 16:50:28', NULL),
	(72, 'Arnau Zamora', '1116238433', '2020-08-31 20:47:23', '2020-10-02 16:45:40', NULL),
	(73, 'Alberto Cervántez', '1043582169', '2020-08-27 15:48:43', '2020-09-26 15:06:26', NULL),
	(74, 'Ian Barrera', '1195145893', '2020-08-31 10:28:11', '2020-09-09 14:59:07', NULL),
	(75, 'Andrea Peres', '1061951986', '2020-08-18 11:07:09', '2020-09-21 11:54:11', NULL),
	(76, 'Jan Carrasco', '1175308583', '2020-08-31 16:52:04', '2020-09-05 21:30:32', NULL),
	(77, 'María Lemus', '1061242284', '2020-08-31 07:22:06', '2020-09-13 23:11:06', NULL),
	(78, 'Aaron Galán', '1008716737', '2020-08-28 01:13:33', '2020-09-24 01:18:19', NULL),
	(79, 'Aitana Pacheco', '969173373', '2020-08-30 02:56:28', '2020-09-23 07:12:00', NULL),
	(80, 'Alicia Tijerina', '1057099572', '2020-08-15 03:02:52', '2020-09-13 02:47:39', NULL),
	(81, 'José Aguirre', '1146789325', '2020-08-30 07:46:42', '2020-10-03 05:28:34', NULL),
	(82, 'Ismael Toro', '1179874644', '2020-08-21 07:54:58', '2020-09-24 03:53:26', NULL),
	(83, 'Malak Blanco', '1179171371', '2020-08-27 16:18:56', '2020-09-29 07:50:27', NULL),
	(84, 'Emilia Cepeda', '1006224196', '2020-08-26 07:13:10', '2020-09-03 00:03:05', NULL),
	(85, 'Juana Griego', '1028972458', '2020-08-23 23:13:21', '2020-10-02 16:44:00', NULL),
	(86, 'Yago Ornelas', '1174842377', '2020-08-23 16:20:45', '2020-09-08 13:22:10', NULL),
	(87, 'Teresa Caraballo', '1121932115', '2020-08-15 14:29:23', '2020-09-01 08:55:43', NULL),
	(88, 'Aurora Medina', '1062774539', '2020-08-27 04:31:34', '2020-09-02 23:53:37', NULL),
	(89, 'Lorena Amador', '956559303', '2020-08-23 02:08:08', '2020-10-04 23:13:43', NULL),
	(90, 'Isabel Yáñez', '1082961218', '2020-08-16 22:26:26', '2020-09-19 20:19:18', NULL),
	(91, 'Manuel Lomeli', '1109919326', '2020-08-28 04:53:34', '2020-09-25 05:11:06', NULL),
	(92, 'Lucas Garica', '1000706002', '2020-08-20 03:19:32', '2020-09-30 11:46:35', NULL),
	(93, 'Carlota Urías', '1166414835', '2020-08-29 23:03:10', '2020-09-20 22:57:06', NULL),
	(94, 'Naia Duran', '1032449282', '2020-08-15 04:20:36', '2020-09-26 17:18:53', NULL),
	(95, 'Álvaro Sola', '1097729450', '2020-08-30 21:07:50', '2020-09-08 00:44:01', NULL),
	(96, 'Marc Melgar', '1115321345', '2020-08-24 16:55:47', '2020-09-24 13:37:19', NULL),
	(97, 'César Santiago', '1173165697', '2020-08-28 12:14:15', '2020-09-17 04:20:15', NULL),
	(98, 'Yaiza Nájera', '1110083581', '2020-08-20 20:37:42', '2020-09-08 00:25:28', NULL),
	(99, 'Aurora Espinosa', '1140386433', '2020-08-24 06:35:44', '2020-09-13 22:06:23', NULL),
	(100, 'Víctor Ceja', '1065483285', '2020-08-26 19:11:33', '2020-09-23 04:20:22', NULL);

--  estructura para tabla rumbabar.compras
CREATE TABLE IF NOT EXISTS `compras` (
  `CompraId` bigint(20) unsigned NOT NULL AUTO_INCREMENT,
  `CompraSaldo` double(10,2) NOT NULL,
  `CompraTotal` double(10,2) NOT NULL,
  `fk_user` bigint(20) unsigned NOT NULL,
  `created_at` timestamp NULL DEFAULT NULL,
  `updated_at` timestamp NULL DEFAULT NULL,
  `deleted_at` timestamp NULL DEFAULT NULL,
  PRIMARY KEY (`CompraId`),
  KEY `compras_fk_user_foreign` (`fk_user`),
  CONSTRAINT `compras_fk_user_foreign` FOREIGN KEY (`fk_user`) REFERENCES `usuarios` (`UsuarioId`)
) ENGINE=InnoDB;

--  datos para la tabla rumbabar.compras: ~50 rows (aproximadamente)
DELETE FROM `compras`;
INSERT INTO `compras` (`CompraId`, `CompraSaldo`, `CompraTotal`, `fk_user`, `created_at`, `updated_at`, `deleted_at`) VALUES
	(1, 31745.33, 95236.00, 2, '2020-08-16 23:01:48', '2020-09-15 22:26:58', NULL),
	(2, 138.50, 831.00, 2, '2020-08-17 22:28:48', '2020-09-09 23:55:56', NULL),
	(3, 5380.12, 43041.00, 2, '2020-08-30 08:29:53', '2020-09-19 04:09:20', NULL),
	(4, 28165.67, 84497.00, 4, '2020-08-30 00:27:07', '2020-09-28 10:19:54', NULL),
	(5, 7063.00, 7063.00, 4, '2020-08-22 05:05:39', '2020-09-30 04:56:20', NULL),
	(6, 5859.00, 41013.00, 4, '2020-08-19 20:41:49', '2020-09-16 13:26:28', NULL),
	(7, 7861.56, 70754.00, 4, '2020-08-18 01:54:36', '2020-10-06 06:39:36', NULL),
	(8, 14160.67, 42482.00, 5, '2020-08-17 07:52:35', '2020-10-01 09:47:21', NULL),
	(9, 14630.33, 87782.00, 2, '2020-08-29 23:38:26', '2020-10-02 18:51:17', NULL),
	(10, 19001.25, 76005.00, 1, '2020-08-27 19:33:59', '2020-09-02 05:15:25', NULL),
	(11, 66499.00, 66499.00, 5, '2020-08-27 20:52:49', '2020-09-04 14:40:19', NULL),
	(12, 4395.30, 43953.00, 5, '2020-08-27 14:38:51', '2020-09-13 20:41:14', NULL),
	(13, 10214.60, 51073.00, 3, '2020-08-17 10:40:44', '2020-10-04 16:28:58', NULL),
	(14, 22792.00, 45584.00, 4, '2020-08-28 14:37:49', '2020-09-29 11:15:21', NULL),
	(15, 12169.00, 12169.00, 3, '2020-08-24 06:24:37', '2020-09-16 12:49:01', NULL),
	(16, 15680.50, 62722.00, 1, '2020-08-16 10:32:06', '2020-09-21 05:36:45', NULL),
	(17, 8978.17, 53869.00, 2, '2020-08-15 09:12:43', '2020-09-03 11:01:14', NULL),
	(18, 4747.50, 9495.00, 4, '2020-08-27 20:06:16', '2020-10-05 03:54:02', NULL),
	(19, 5856.71, 40997.00, 4, '2020-08-19 07:36:35', '2020-09-26 08:24:46', NULL),
	(20, 14589.50, 29179.00, 5, '2020-08-26 14:15:13', '2020-09-04 20:34:45', NULL),
	(21, 4230.57, 29614.00, 2, '2020-08-23 21:10:03', '2020-09-14 23:40:44', NULL),
	(22, 31525.00, 94575.00, 4, '2020-08-30 19:15:52', '2020-09-13 19:35:51', NULL),
	(23, 16152.83, 96917.00, 5, '2020-08-27 19:02:04', '2020-09-27 08:43:03', NULL),
	(24, 10459.57, 73217.00, 4, '2020-08-28 08:14:58', '2020-09-24 01:55:03', NULL),
	(25, 22521.50, 90086.00, 5, '2020-08-31 19:31:32', '2020-09-15 11:03:49', NULL),
	(26, 48787.00, 97574.00, 3, '2020-08-27 17:45:17', '2020-09-14 17:36:44', NULL),
	(27, 30138.00, 60276.00, 4, '2020-08-25 13:43:04', '2020-09-12 01:20:31', NULL),
	(28, 17415.00, 69660.00, 2, '2020-08-30 15:06:58', '2020-09-04 03:55:02', NULL),
	(29, 13506.00, 40518.00, 1, '2020-08-24 18:38:17', '2020-09-03 07:54:08', NULL),
	(30, 1099.00, 8792.00, 3, '2020-08-15 02:59:10', '2020-09-07 13:37:36', NULL),
	(31, 32980.00, 98940.00, 2, '2020-08-25 02:09:39', '2020-09-27 18:27:51', NULL),
	(32, 12525.67, 37577.00, 3, '2020-08-31 05:19:11', '2020-09-19 20:17:57', NULL),
	(33, 3812.62, 30501.00, 5, '2020-08-15 22:00:48', '2020-10-06 00:46:10', NULL),
	(34, 659.33, 5934.00, 1, '2020-08-16 22:05:30', '2020-09-08 15:19:19', NULL),
	(35, 7642.75, 61142.00, 2, '2020-08-20 00:53:22', '2020-09-08 05:30:35', NULL),
	(36, 15596.50, 31193.00, 2, '2020-08-21 16:55:43', '2020-10-05 13:16:08', NULL),
	(37, 6857.67, 41146.00, 3, '2020-08-17 21:46:04', '2020-09-25 01:14:53', NULL),
	(38, 14938.40, 74692.00, 1, '2020-08-30 13:32:05', '2020-09-23 07:12:03', NULL),
	(39, 16588.50, 33177.00, 3, '2020-08-23 02:07:34', '2020-09-22 00:04:52', NULL),
	(40, 9982.88, 79863.00, 1, '2020-08-29 21:37:33', '2020-09-04 18:39:45', NULL),
	(41, 10178.17, 61069.00, 1, '2020-08-26 14:28:39', '2020-09-21 08:46:03', NULL),
	(42, 179.60, 1796.00, 1, '2020-08-30 05:56:40', '2020-09-01 02:19:25', NULL),
	(43, 5864.50, 58645.00, 5, '2020-08-15 13:13:49', '2020-09-05 05:25:03', NULL),
	(44, 14056.33, 84338.00, 3, '2020-08-18 23:57:36', '2020-09-20 07:19:25', NULL),
	(45, 9493.17, 56959.00, 2, '2020-08-25 01:40:40', '2020-09-12 01:14:47', NULL),
	(46, 6963.00, 48741.00, 3, '2020-08-29 21:20:18', '2020-09-22 22:56:15', NULL),
	(47, 5648.33, 16945.00, 5, '2020-08-18 15:01:01', '2020-09-12 03:46:36', NULL),
	(48, 32026.00, 32026.00, 5, '2020-08-26 01:37:29', '2020-09-28 19:34:38', NULL),
	(49, 3533.56, 31802.00, 2, '2020-08-26 18:05:26', '2020-09-26 12:14:59', NULL),
	(50, 16793.00, 67172.00, 2, '2020-08-15 01:13:07', '2020-09-20 00:35:01', NULL);

--  estructura para tabla rumbabar.compra_producto
CREATE TABLE IF NOT EXISTS `compra_producto` (
  `compraCantidad` smallint(5) unsigned NOT NULL,
  `compraSubtotal` double(10,2) NOT NULL,
  `fk_producto` bigint(20) unsigned NOT NULL,
  `fk_compra` bigint(20) unsigned NOT NULL,
  `created_at` timestamp NULL DEFAULT NULL,
  `updated_at` timestamp NULL DEFAULT NULL,
  `deleted_at` timestamp NULL DEFAULT NULL,
  KEY `compra_producto_fk_producto_foreign` (`fk_producto`),
  KEY `compra_producto_fk_compra_foreign` (`fk_compra`),
  CONSTRAINT `compra_producto_fk_compra_foreign` FOREIGN KEY (`fk_compra`) REFERENCES `compras` (`CompraId`),
  CONSTRAINT `compra_producto_fk_producto_foreign` FOREIGN KEY (`fk_producto`) REFERENCES `productos` (`ProductoId`)
) ENGINE=InnoDB;

--  datos para la tabla rumbabar.compra_producto: ~263 rows (aproximadamente)
DELETE FROM `compra_producto`;
INSERT INTO `compra_producto` (`compraCantidad`, `compraSubtotal`, `fk_producto`, `fk_compra`, `created_at`, `updated_at`, `deleted_at`) VALUES
	(57, 264175.05, 38, 1, '2020-10-08 03:56:37', '2020-10-08 03:56:37', NULL),
	(192, 463484.16, 61, 1, '2020-10-08 03:56:37', '2020-10-08 03:56:37', NULL),
	(60, 507200.40, 98, 1, '2020-10-08 03:56:37', '2020-10-08 03:56:37', NULL),
	(163, 1172744.25, 126, 1, '2020-10-08 03:56:37', '2020-10-08 03:56:37', NULL),
	(57, 385726.41, 139, 1, '2020-10-08 03:56:37', '2020-10-08 03:56:37', NULL),
	(34, 286038.94, 174, 1, '2020-10-08 03:56:37', '2020-10-08 03:56:37', NULL),
	(106, 39765.90, 252, 1, '2020-10-08 03:56:37', '2020-10-08 03:56:37', NULL),
	(12, 61027.08, 30, 2, '2020-10-08 03:56:37', '2020-10-08 03:56:37', NULL),
	(102, 69712.92, 58, 2, '2020-10-08 03:56:37', '2020-10-08 03:56:37', NULL),
	(21, 14406.42, 179, 2, '2020-10-08 03:56:37', '2020-10-08 03:56:37', NULL),
	(29, 241108.03, 204, 2, '2020-10-08 03:56:37', '2020-10-08 03:56:37', NULL),
	(1, 8417.26, 273, 2, '2020-10-08 03:56:37', '2020-10-08 03:56:37', NULL),
	(42, 304358.04, 9, 3, '2020-10-08 03:56:37', '2020-10-08 03:56:37', NULL),
	(36, 53988.12, 35, 3, '2020-10-08 03:56:37', '2020-10-08 03:56:37', NULL),
	(26, 223055.04, 36, 3, '2020-10-08 03:56:37', '2020-10-08 03:56:37', NULL),
	(45, 88519.50, 53, 3, '2020-10-08 03:56:37', '2020-10-08 03:56:37', NULL),
	(104, 67636.40, 105, 3, '2020-10-08 03:56:37', '2020-10-08 03:56:37', NULL),
	(109, 67417.59, 190, 3, '2020-10-08 03:56:37', '2020-10-08 03:56:37', NULL),
	(55, 231723.25, 200, 3, '2020-10-08 03:56:37', '2020-10-08 03:56:37', NULL),
	(48, 120381.12, 279, 3, '2020-10-08 03:56:37', '2020-10-08 03:56:37', NULL),
	(15, 147162.00, 285, 3, '2020-10-08 03:56:37', '2020-10-08 03:56:37', NULL),
	(1, 407.90, 292, 3, '2020-10-08 03:56:37', '2020-10-08 03:56:37', NULL),
	(5, 6896.45, 22, 4, '2020-10-08 03:56:37', '2020-10-08 03:56:37', NULL),
	(94, 352613.74, 57, 4, '2020-10-08 03:56:37', '2020-10-08 03:56:37', NULL),
	(7, 12442.92, 73, 4, '2020-10-08 03:56:37', '2020-10-08 03:56:37', NULL),
	(31, 127005.14, 127, 4, '2020-10-08 03:56:37', '2020-10-08 03:56:37', NULL),
	(83, 628552.36, 186, 4, '2020-10-08 03:56:37', '2020-10-08 03:56:37', NULL),
	(38, 65881.36, 195, 4, '2020-10-08 03:56:37', '2020-10-08 03:56:37', NULL),
	(43, 102553.28, 215, 4, '2020-10-08 03:56:37', '2020-10-08 03:56:37', NULL),
	(24, 201336.24, 47, 5, '2020-10-08 03:56:37', '2020-10-08 03:56:37', NULL),
	(16, 31305.44, 83, 5, '2020-10-08 03:56:37', '2020-10-08 03:56:37', NULL),
	(106, 735651.66, 111, 5, '2020-10-08 03:56:37', '2020-10-08 03:56:37', NULL),
	(77, 439813.99, 113, 5, '2020-10-08 03:56:37', '2020-10-08 03:56:37', NULL),
	(11, 46344.65, 200, 5, '2020-10-08 03:56:37', '2020-10-08 03:56:37', NULL),
	(50, 495540.50, 205, 5, '2020-10-08 03:56:37', '2020-10-08 03:56:37', NULL),
	(31, 73933.76, 215, 5, '2020-10-08 03:56:37', '2020-10-08 03:56:37', NULL),
	(57, 34600.14, 226, 5, '2020-10-08 03:56:37', '2020-10-08 03:56:37', NULL),
	(22, 77443.08, 283, 5, '2020-10-08 03:56:37', '2020-10-08 03:56:37', NULL),
	(48, 407219.04, 4, 6, '2020-10-08 03:56:37', '2020-10-08 03:56:37', NULL),
	(11, 57559.04, 97, 6, '2020-10-08 03:56:37', '2020-10-08 03:56:37', NULL),
	(17, 168307.14, 102, 6, '2020-10-08 03:56:37', '2020-10-08 03:56:37', NULL),
	(8, 37385.52, 125, 6, '2020-10-08 03:56:37', '2020-10-08 03:56:37', NULL),
	(27, 196851.33, 136, 6, '2020-10-08 03:56:37', '2020-10-08 03:56:37', NULL),
	(7, 66967.18, 138, 6, '2020-10-08 03:56:37', '2020-10-08 03:56:37', NULL),
	(125, 719066.25, 250, 6, '2020-10-08 03:56:37', '2020-10-08 03:56:37', NULL),
	(28, 20132.28, 281, 6, '2020-10-08 03:56:37', '2020-10-08 03:56:37', NULL),
	(94, 922215.20, 285, 6, '2020-10-08 03:56:37', '2020-10-08 03:56:37', NULL),
	(5, 10396.05, 297, 6, '2020-10-08 03:56:38', '2020-10-08 03:56:38', NULL),
	(177, 284725.74, 64, 7, '2020-10-08 03:56:38', '2020-10-08 03:56:38', NULL),
	(104, 838387.68, 81, 7, '2020-10-08 03:56:38', '2020-10-08 03:56:38', NULL),
	(5, 21331.45, 110, 7, '2020-10-08 03:56:38', '2020-10-08 03:56:38', NULL),
	(58, 286441.70, 150, 7, '2020-10-08 03:56:38', '2020-10-08 03:56:38', NULL),
	(76, 104007.52, 169, 7, '2020-10-08 03:56:38', '2020-10-08 03:56:38', NULL),
	(18, 133916.76, 185, 7, '2020-10-08 03:56:38', '2020-10-08 03:56:38', NULL),
	(64, 595584.00, 268, 7, '2020-10-08 03:56:38', '2020-10-08 03:56:38', NULL),
	(84, 306616.80, 269, 7, '2020-10-08 03:56:38', '2020-10-08 03:56:38', NULL),
	(2, 16834.52, 273, 7, '2020-10-08 03:56:38', '2020-10-08 03:56:38', NULL),
	(7, 34511.96, 286, 7, '2020-10-08 03:56:38', '2020-10-08 03:56:38', NULL),
	(8, 43263.92, 33, 8, '2020-10-08 03:56:38', '2020-10-08 03:56:38', NULL),
	(71, 668783.79, 85, 8, '2020-10-08 03:56:38', '2020-10-08 03:56:38', NULL),
	(88, 480769.52, 115, 8, '2020-10-08 03:56:38', '2020-10-08 03:56:38', NULL),
	(70, 469490.00, 117, 8, '2020-10-08 03:56:38', '2020-10-08 03:56:38', NULL),
	(14, 96539.38, 134, 8, '2020-10-08 03:56:38', '2020-10-08 03:56:38', NULL),
	(98, 918930.32, 137, 8, '2020-10-08 03:56:38', '2020-10-08 03:56:38', NULL),
	(26, 250270.54, 178, 8, '2020-10-08 03:56:38', '2020-10-08 03:56:38', NULL),
	(11, 36382.94, 31, 9, '2020-10-08 03:56:38', '2020-10-08 03:56:38', NULL),
	(69, 416722.05, 104, 9, '2020-10-08 03:56:38', '2020-10-08 03:56:38', NULL),
	(10, 77641.80, 106, 9, '2020-10-08 03:56:38', '2020-10-08 03:56:38', NULL),
	(97, 89689.11, 135, 9, '2020-10-08 03:56:38', '2020-10-08 03:56:38', NULL),
	(129, 452023.74, 171, 9, '2020-10-08 03:56:38', '2020-10-08 03:56:38', NULL),
	(28, 71306.76, 225, 9, '2020-10-08 03:56:38', '2020-10-08 03:56:38', NULL),
	(53, 404006.28, 231, 9, '2020-10-08 03:56:38', '2020-10-08 03:56:38', NULL),
	(29, 190173.59, 256, 9, '2020-10-08 03:56:38', '2020-10-08 03:56:38', NULL),
	(69, 198569.58, 275, 9, '2020-10-08 03:56:38', '2020-10-08 03:56:38', NULL),
	(61, 168740.64, 288, 9, '2020-10-08 03:56:38', '2020-10-08 03:56:38', NULL),
	(126, 1129548.42, 1, 10, '2020-10-08 03:56:38', '2020-10-08 03:56:38', NULL),
	(14, 114012.36, 16, 10, '2020-10-08 03:56:38', '2020-10-08 03:56:38', NULL),
	(1, 3498.98, 146, 10, '2020-10-08 03:56:38', '2020-10-08 03:56:38', NULL),
	(99, 810009.09, 197, 10, '2020-10-08 03:56:38', '2020-10-08 03:56:38', NULL),
	(156, 1177425.60, 264, 10, '2020-10-08 03:56:38', '2020-10-08 03:56:38', NULL),
	(150, 323284.50, 92, 11, '2020-10-08 03:56:38', '2020-10-08 03:56:38', NULL),
	(50, 394953.50, 175, 11, '2020-10-08 03:56:38', '2020-10-08 03:56:38', NULL),
	(4, 39177.96, 196, 11, '2020-10-08 03:56:38', '2020-10-08 03:56:38', NULL),
	(130, 947404.90, 223, 11, '2020-10-08 03:56:38', '2020-10-08 03:56:38', NULL),
	(15, 27138.15, 245, 11, '2020-10-08 03:56:38', '2020-10-08 03:56:38', NULL),
	(59, 549054.00, 268, 11, '2020-10-08 03:56:38', '2020-10-08 03:56:38', NULL),
	(43, 14224.83, 2, 12, '2020-10-08 03:56:38', '2020-10-08 03:56:38', NULL),
	(8, 50233.28, 27, 12, '2020-10-08 03:56:38', '2020-10-08 03:56:38', NULL),
	(97, 231857.16, 153, 12, '2020-10-08 03:56:38', '2020-10-08 03:56:38', NULL),
	(81, 360340.65, 189, 12, '2020-10-08 03:56:38', '2020-10-08 03:56:38', NULL),
	(10, 21291.90, 192, 12, '2020-10-08 03:56:38', '2020-10-08 03:56:38', NULL),
	(11, 101648.36, 193, 12, '2020-10-08 03:56:38', '2020-10-08 03:56:38', NULL),
	(153, 444523.14, 266, 12, '2020-10-08 03:56:38', '2020-10-08 03:56:38', NULL),
	(26, 106413.58, 276, 12, '2020-10-08 03:56:38', '2020-10-08 03:56:38', NULL),
	(92, 134063.32, 20, 13, '2020-10-08 03:56:38', '2020-10-08 03:56:38', NULL),
	(70, 461511.40, 294, 13, '2020-10-08 03:56:38', '2020-10-08 03:56:38', NULL),
	(132, 90216.72, 58, 14, '2020-10-08 03:56:38', '2020-10-08 03:56:38', NULL),
	(35, 27951.70, 164, 14, '2020-10-08 03:56:38', '2020-10-08 03:56:38', NULL),
	(12, 118656.60, 170, 14, '2020-10-08 03:56:38', '2020-10-08 03:56:38', NULL),
	(21, 49690.41, 234, 14, '2020-10-08 03:56:38', '2020-10-08 03:56:38', NULL),
	(126, 1226073.24, 237, 14, '2020-10-08 03:56:38', '2020-10-08 03:56:38', NULL),
	(7, 65142.00, 268, 14, '2020-10-08 03:56:38', '2020-10-08 03:56:38', NULL),
	(73, 266464.60, 269, 14, '2020-10-08 03:56:38', '2020-10-08 03:56:38', NULL),
	(21, 196913.64, 137, 15, '2020-10-08 03:56:38', '2020-10-08 03:56:38', NULL),
	(33, 82762.02, 279, 15, '2020-10-08 03:56:38', '2020-10-08 03:56:38', NULL),
	(54, 362995.56, 291, 15, '2020-10-08 03:56:38', '2020-10-08 03:56:38', NULL),
	(27, 213071.04, 43, 16, '2020-10-08 03:56:38', '2020-10-08 03:56:38', NULL),
	(58, 46319.96, 164, 16, '2020-10-08 03:56:38', '2020-10-08 03:56:38', NULL),
	(18, 41183.64, 233, 16, '2020-10-08 03:56:38', '2020-10-08 03:56:38', NULL),
	(135, 936914.85, 111, 17, '2020-10-08 03:56:38', '2020-10-08 03:56:38', NULL),
	(39, 241826.13, 213, 17, '2020-10-08 03:56:38', '2020-10-08 03:56:38', NULL),
	(21, 50800.68, 230, 17, '2020-10-08 03:56:38', '2020-10-08 03:56:38', NULL),
	(104, 938424.24, 300, 17, '2020-10-08 03:56:38', '2020-10-08 03:56:38', NULL),
	(132, 192351.72, 20, 18, '2020-10-08 03:56:38', '2020-10-08 03:56:38', NULL),
	(89, 551587.29, 228, 18, '2020-10-08 03:56:38', '2020-10-08 03:56:38', NULL),
	(129, 973640.40, 264, 18, '2020-10-08 03:56:38', '2020-10-08 03:56:38', NULL),
	(104, 74777.04, 281, 18, '2020-10-08 03:56:38', '2020-10-08 03:56:38', NULL),
	(68, 8799.20, 10, 19, '2020-10-08 03:56:38', '2020-10-08 03:56:38', NULL),
	(2, 2864.36, 162, 19, '2020-10-08 03:56:38', '2020-10-08 03:56:38', NULL),
	(8, 19438.40, 163, 19, '2020-10-08 03:56:38', '2020-10-08 03:56:38', NULL),
	(4, 1074.12, 177, 19, '2020-10-08 03:56:38', '2020-10-08 03:56:38', NULL),
	(148, 1047150.32, 203, 19, '2020-10-08 03:56:38', '2020-10-08 03:56:38', NULL),
	(126, 651115.08, 242, 19, '2020-10-08 03:56:38', '2020-10-08 03:56:38', NULL),
	(143, 1128487.36, 43, 20, '2020-10-08 03:56:38', '2020-10-08 03:56:38', NULL),
	(108, 790374.24, 141, 20, '2020-10-08 03:56:38', '2020-10-08 03:56:38', NULL),
	(90, 128896.20, 162, 20, '2020-10-08 03:56:38', '2020-10-08 03:56:38', NULL),
	(185, 58032.65, 176, 20, '2020-10-08 03:56:38', '2020-10-08 03:56:38', NULL),
	(92, 176918.76, 29, 21, '2020-10-08 03:56:38', '2020-10-08 03:56:38', NULL),
	(29, 15581.99, 37, 21, '2020-10-08 03:56:38', '2020-10-08 03:56:38', NULL),
	(199, 1333688.05, 48, 21, '2020-10-08 03:56:38', '2020-10-08 03:56:38', NULL),
	(116, 228183.60, 53, 21, '2020-10-08 03:56:38', '2020-10-08 03:56:38', NULL),
	(118, 1167670.18, 109, 21, '2020-10-08 03:56:38', '2020-10-08 03:56:38', NULL),
	(2, 537.06, 177, 21, '2020-10-08 03:56:38', '2020-10-08 03:56:38', NULL),
	(169, 1047913.23, 213, 22, '2020-10-08 03:56:38', '2020-10-08 03:56:38', NULL),
	(120, 331948.80, 288, 22, '2020-10-08 03:56:38', '2020-10-08 03:56:38', NULL),
	(23, 29997.06, 26, 23, '2020-10-08 03:56:38', '2020-10-08 03:56:38', NULL),
	(38, 56987.46, 35, 23, '2020-10-08 03:56:38', '2020-10-08 03:56:38', NULL),
	(67, 131795.70, 53, 23, '2020-10-08 03:56:38', '2020-10-08 03:56:38', NULL),
	(20, 197910.20, 109, 23, '2020-10-08 03:56:38', '2020-10-08 03:56:38', NULL),
	(92, 673281.76, 141, 23, '2020-10-08 03:56:38', '2020-10-08 03:56:38', NULL),
	(94, 200307.42, 183, 23, '2020-10-08 03:56:38', '2020-10-08 03:56:38', NULL),
	(58, 229558.20, 219, 23, '2020-10-08 03:56:38', '2020-10-08 03:56:38', NULL),
	(3, 27519.24, 229, 23, '2020-10-08 03:56:38', '2020-10-08 03:56:38', NULL),
	(17, 109903.13, 270, 23, '2020-10-08 03:56:38', '2020-10-08 03:56:38', NULL),
	(111, 746157.54, 291, 23, '2020-10-08 03:56:38', '2020-10-08 03:56:38', NULL),
	(10, 78853.10, 107, 24, '2020-10-08 03:56:38', '2020-10-08 03:56:38', NULL),
	(29, 41533.22, 162, 24, '2020-10-08 03:56:38', '2020-10-08 03:56:38', NULL),
	(77, 193111.38, 279, 24, '2020-10-08 03:56:38', '2020-10-08 03:56:38', NULL),
	(2, 745.98, 295, 24, '2020-10-08 03:56:38', '2020-10-08 03:56:38', NULL),
	(23, 31723.67, 22, 25, '2020-10-08 03:56:38', '2020-10-08 03:56:38', NULL),
	(70, 104976.90, 35, 25, '2020-10-08 03:56:38', '2020-10-08 03:56:38', NULL),
	(7, 13696.13, 83, 25, '2020-10-08 03:56:38', '2020-10-08 03:56:38', NULL),
	(85, 464379.65, 115, 25, '2020-10-08 03:56:38', '2020-10-08 03:56:38', NULL),
	(82, 496373.88, 160, 25, '2020-10-08 03:56:38', '2020-10-08 03:56:38', NULL),
	(119, 1145469.01, 178, 25, '2020-10-08 03:56:38', '2020-10-08 03:56:38', NULL),
	(18, 46012.32, 188, 25, '2020-10-08 03:56:38', '2020-10-08 03:56:38', NULL),
	(34, 289152.32, 202, 25, '2020-10-08 03:56:38', '2020-10-08 03:56:38', NULL),
	(57, 454253.52, 217, 25, '2020-10-08 03:56:38', '2020-10-08 03:56:38', NULL),
	(25, 91255.00, 269, 25, '2020-10-08 03:56:38', '2020-10-08 03:56:38', NULL),
	(29, 105783.01, 23, 26, '2020-10-08 03:56:38', '2020-10-08 03:56:38', NULL),
	(47, 18828.20, 62, 26, '2020-10-08 03:56:38', '2020-10-08 03:56:38', NULL),
	(3, 12348.60, 157, 26, '2020-10-08 03:56:38', '2020-10-08 03:56:38', NULL),
	(49, 29743.98, 226, 26, '2020-10-08 03:56:38', '2020-10-08 03:56:38', NULL),
	(25, 163942.75, 256, 26, '2020-10-08 03:56:38', '2020-10-08 03:56:38', NULL),
	(102, 140687.58, 22, 27, '2020-10-08 03:56:38', '2020-10-08 03:56:38', NULL),
	(44, 153583.32, 25, 27, '2020-10-08 03:56:38', '2020-10-08 03:56:38', NULL),
	(22, 39911.52, 40, 27, '2020-10-08 03:56:38', '2020-10-08 03:56:38', NULL),
	(75, 453759.75, 84, 27, '2020-10-08 03:56:38', '2020-10-08 03:56:38', NULL),
	(10, 61245.90, 86, 27, '2020-10-08 03:56:38', '2020-10-08 03:56:38', NULL),
	(1, 7614.36, 91, 27, '2020-10-08 03:56:38', '2020-10-08 03:56:38', NULL),
	(38, 175639.80, 123, 27, '2020-10-08 03:56:38', '2020-10-08 03:56:38', NULL),
	(2, 13818.40, 207, 27, '2020-10-08 03:56:38', '2020-10-08 03:56:38', NULL),
	(127, 925541.71, 223, 27, '2020-10-08 03:56:38', '2020-10-08 03:56:38', NULL),
	(21, 192634.68, 229, 27, '2020-10-08 03:56:38', '2020-10-08 03:56:38', NULL),
	(2, 3064.64, 51, 28, '2020-10-08 03:56:38', '2020-10-08 03:56:38', NULL),
	(13, 114364.51, 74, 28, '2020-10-08 03:56:38', '2020-10-08 03:56:38', NULL),
	(16, 65859.20, 157, 28, '2020-10-08 03:56:38', '2020-10-08 03:56:38', NULL),
	(11, 15329.16, 198, 28, '2020-10-08 03:56:38', '2020-10-08 03:56:38', NULL),
	(20, 105338.40, 209, 28, '2020-10-08 03:56:38', '2020-10-08 03:56:38', NULL),
	(3, 3636.06, 220, 28, '2020-10-08 03:56:38', '2020-10-08 03:56:38', NULL),
	(4, 29150.92, 223, 28, '2020-10-08 03:56:38', '2020-10-08 03:56:38', NULL),
	(10, 25466.70, 225, 28, '2020-10-08 03:56:38', '2020-10-08 03:56:38', NULL),
	(10, 13659.20, 244, 28, '2020-10-08 03:56:38', '2020-10-08 03:56:38', NULL),
	(7, 28649.81, 276, 28, '2020-10-08 03:56:38', '2020-10-08 03:56:38', NULL),
	(11, 97727.41, 6, 29, '2020-10-08 03:56:38', '2020-10-08 03:56:38', NULL),
	(128, 97253.12, 12, 29, '2020-10-08 03:56:38', '2020-10-08 03:56:38', NULL),
	(7, 9129.54, 26, 29, '2020-10-08 03:56:38', '2020-10-08 03:56:38', NULL),
	(5, 31395.80, 27, 29, '2020-10-08 03:56:38', '2020-10-08 03:56:38', NULL),
	(23, 124383.77, 33, 29, '2020-10-08 03:56:38', '2020-10-08 03:56:38', NULL),
	(60, 195116.40, 67, 29, '2020-10-08 03:56:38', '2020-10-08 03:56:38', NULL),
	(32, 136124.16, 72, 29, '2020-10-08 03:56:38', '2020-10-08 03:56:38', NULL),
	(43, 105946.41, 156, 29, '2020-10-08 03:56:38', '2020-10-08 03:56:38', NULL),
	(82, 810820.10, 170, 29, '2020-10-08 03:56:38', '2020-10-08 03:56:38', NULL),
	(102, 241998.06, 262, 29, '2020-10-08 03:56:38', '2020-10-08 03:56:38', NULL),
	(106, 55011.88, 49, 30, '2020-10-08 03:56:38', '2020-10-08 03:56:38', NULL),
	(55, 229476.50, 56, 30, '2020-10-08 03:56:38', '2020-10-08 03:56:38', NULL),
	(3, 9346.62, 76, 30, '2020-10-08 03:56:38', '2020-10-08 03:56:38', NULL),
	(18, 105890.40, 112, 30, '2020-10-08 03:56:38', '2020-10-08 03:56:38', NULL),
	(62, 455411.08, 131, 30, '2020-10-08 03:56:38', '2020-10-08 03:56:38', NULL),
	(14, 34753.18, 151, 30, '2020-10-08 03:56:38', '2020-10-08 03:56:38', NULL),
	(7, 48067.04, 154, 30, '2020-10-08 03:56:38', '2020-10-08 03:56:38', NULL),
	(1, 9794.49, 196, 30, '2020-10-08 03:56:38', '2020-10-08 03:56:38', NULL),
	(120, 79670.40, 247, 30, '2020-10-08 03:56:38', '2020-10-08 03:56:38', NULL),
	(28, 38620.12, 22, 31, '2020-10-08 03:56:38', '2020-10-08 03:56:38', NULL),
	(66, 45108.36, 58, 31, '2020-10-08 03:56:38', '2020-10-08 03:56:38', NULL),
	(43, 163731.53, 88, 31, '2020-10-08 03:56:38', '2020-10-08 03:56:38', NULL),
	(85, 25970.90, 94, 31, '2020-10-08 03:56:38', '2020-10-08 03:56:38', NULL),
	(7, 51035.53, 136, 31, '2020-10-08 03:56:38', '2020-10-08 03:56:38', NULL),
	(31, 105790.60, 142, 31, '2020-10-08 03:56:38', '2020-10-08 03:56:38', NULL),
	(89, 673989.88, 186, 31, '2020-10-08 03:56:38', '2020-10-08 03:56:38', NULL),
	(65, 449098.00, 207, 31, '2020-10-08 03:56:38', '2020-10-08 03:56:38', NULL),
	(85, 310267.00, 269, 31, '2020-10-08 03:56:38', '2020-10-08 03:56:38', NULL),
	(3, 22843.08, 91, 32, '2020-10-08 03:56:38', '2020-10-08 03:56:38', NULL),
	(53, 289554.37, 115, 32, '2020-10-08 03:56:38', '2020-10-08 03:56:38', NULL),
	(69, 258761.04, 120, 32, '2020-10-08 03:56:38', '2020-10-08 03:56:38', NULL),
	(53, 134321.61, 287, 32, '2020-10-08 03:56:38', '2020-10-08 03:56:38', NULL),
	(30, 17912.10, 34, 33, '2020-10-08 03:56:38', '2020-10-08 03:56:38', NULL),
	(2, 17594.54, 74, 33, '2020-10-08 03:56:38', '2020-10-08 03:56:38', NULL),
	(35, 133269.85, 88, 33, '2020-10-08 03:56:38', '2020-10-08 03:56:38', NULL),
	(38, 376215.96, 102, 33, '2020-10-08 03:56:38', '2020-10-08 03:56:38', NULL),
	(48, 167951.04, 146, 33, '2020-10-08 03:56:38', '2020-10-08 03:56:38', NULL),
	(52, 74473.36, 162, 33, '2020-10-08 03:56:38', '2020-10-08 03:56:38', NULL),
	(17, 36196.23, 192, 33, '2020-10-08 03:56:38', '2020-10-08 03:56:38', NULL),
	(26, 240259.76, 193, 33, '2020-10-08 03:56:38', '2020-10-08 03:56:38', NULL),
	(59, 256141.42, 15, 34, '2020-10-08 03:56:38', '2020-10-08 03:56:38', NULL),
	(20, 90356.40, 32, 34, '2020-10-08 03:56:38', '2020-10-08 03:56:38', NULL),
	(127, 1236362.78, 13, 35, '2020-10-08 03:56:38', '2020-10-08 03:56:38', NULL),
	(70, 137697.00, 53, 35, '2020-10-08 03:56:38', '2020-10-08 03:56:38', NULL),
	(28, 276969.56, 70, 35, '2020-10-08 03:56:38', '2020-10-08 03:56:38', NULL),
	(69, 40106.25, 75, 35, '2020-10-08 03:56:38', '2020-10-08 03:56:38', NULL),
	(140, 490932.40, 147, 35, '2020-10-08 03:56:38', '2020-10-08 03:56:38', NULL),
	(13, 33106.71, 225, 35, '2020-10-08 03:56:38', '2020-10-08 03:56:38', NULL),
	(17, 110984.50, 260, 35, '2020-10-08 03:56:38', '2020-10-08 03:56:38', NULL),
	(115, 1030937.05, 1, 36, '2020-10-08 03:56:38', '2020-10-08 03:56:38', NULL),
	(134, 1124127.34, 47, 36, '2020-10-08 03:56:38', '2020-10-08 03:56:38', NULL),
	(58, 388713.10, 48, 36, '2020-10-08 03:56:38', '2020-10-08 03:56:38', NULL),
	(39, 386116.38, 102, 36, '2020-10-08 03:56:38', '2020-10-08 03:56:38', NULL),
	(106, 652685.46, 122, 36, '2020-10-08 03:56:38', '2020-10-08 03:56:38', NULL),
	(4, 20680.32, 133, 36, '2020-10-08 03:56:38', '2020-10-08 03:56:38', NULL),
	(19, 10996.06, 194, 36, '2020-10-08 03:56:38', '2020-10-08 03:56:38', NULL),
	(133, 314705.93, 234, 36, '2020-10-08 03:56:38', '2020-10-08 03:56:38', NULL),
	(85, 838007.35, 254, 36, '2020-10-08 03:56:38', '2020-10-08 03:56:38', NULL),
	(3, 6237.63, 297, 36, '2020-10-08 03:56:38', '2020-10-08 03:56:38', NULL),
	(73, 619312.29, 4, 37, '2020-10-08 03:56:38', '2020-10-08 03:56:38', NULL),
	(133, 194460.63, 50, 37, '2020-10-08 03:56:38', '2020-10-08 03:56:38', NULL),
	(48, 408215.04, 202, 37, '2020-10-08 03:56:38', '2020-10-08 03:56:38', NULL),
	(147, 572542.95, 239, 37, '2020-10-08 03:56:38', '2020-10-08 03:56:38', NULL),
	(40, 229467.60, 17, 38, '2020-10-08 03:56:38', '2020-10-08 03:56:38', NULL),
	(74, 329200.10, 189, 38, '2020-10-08 03:56:38', '2020-10-08 03:56:38', NULL),
	(74, 133881.54, 245, 38, '2020-10-08 03:56:38', '2020-10-08 03:56:38', NULL),
	(6, 38789.34, 270, 38, '2020-10-08 03:56:38', '2020-10-08 03:56:38', NULL),
	(6, 47915.16, 271, 38, '2020-10-08 03:56:38', '2020-10-08 03:56:38', NULL),
	(3, 26524.50, 296, 38, '2020-10-08 03:56:38', '2020-10-08 03:56:38', NULL),
	(24, 193174.80, 41, 39, '2020-10-08 03:56:38', '2020-10-08 03:56:38', NULL),
	(18, 71242.20, 219, 39, '2020-10-08 03:56:38', '2020-10-08 03:56:38', NULL),
	(100, 349053.00, 25, 40, '2020-10-08 03:56:38', '2020-10-08 03:56:38', NULL),
	(9, 60714.63, 90, 40, '2020-10-08 03:56:38', '2020-10-08 03:56:38', NULL),
	(121, 427340.54, 143, 40, '2020-10-08 03:56:38', '2020-10-08 03:56:38', NULL),
	(57, 345040.38, 160, 40, '2020-10-08 03:56:38', '2020-10-08 03:56:38', NULL),
	(28, 258741.28, 193, 40, '2020-10-08 03:56:38', '2020-10-08 03:56:38', NULL),
	(91, 744553.81, 197, 40, '2020-10-08 03:56:38', '2020-10-08 03:56:38', NULL),
	(85, 533335.05, 224, 40, '2020-10-08 03:56:38', '2020-10-08 03:56:38', NULL),
	(16, 152500.00, 241, 40, '2020-10-08 03:56:38', '2020-10-08 03:56:38', NULL),
	(1, 6557.71, 256, 40, '2020-10-08 03:56:38', '2020-10-08 03:56:38', NULL),
	(16, 17918.40, 5, 41, '2020-10-08 03:56:38', '2020-10-08 03:56:38', NULL),
	(38, 217051.06, 113, 41, '2020-10-08 03:56:38', '2020-10-08 03:56:38', NULL),
	(99, 278755.29, 129, 41, '2020-10-08 03:56:38', '2020-10-08 03:56:38', NULL),
	(17, 59613.22, 147, 41, '2020-10-08 03:56:38', '2020-10-08 03:56:38', NULL),
	(45, 415834.20, 193, 41, '2020-10-08 03:56:38', '2020-10-08 03:56:38', NULL),
	(45, 237011.40, 209, 41, '2020-10-08 03:56:38', '2020-10-08 03:56:38', NULL),
	(47, 242876.26, 242, 41, '2020-10-08 03:56:38', '2020-10-08 03:56:38', NULL),
	(32, 114596.48, 248, 41, '2020-10-08 03:56:38', '2020-10-08 03:56:38', NULL),
	(5, 39929.30, 271, 41, '2020-10-08 03:56:38', '2020-10-08 03:56:38', NULL),
	(26, 50583.26, 99, 42, '2020-10-08 03:56:38', '2020-10-08 03:56:38', NULL),
	(62, 59214.34, 114, 42, '2020-10-08 03:56:38', '2020-10-08 03:56:38', NULL),
	(40, 140162.40, 171, 42, '2020-10-08 03:56:38', '2020-10-08 03:56:38', NULL),
	(108, 764136.72, 203, 42, '2020-10-08 03:56:38', '2020-10-08 03:56:38', NULL),
	(21, 45173.31, 212, 42, '2020-10-08 03:56:38', '2020-10-08 03:56:38', NULL),
	(70, 433832.70, 228, 42, '2020-10-08 03:56:38', '2020-10-08 03:56:38', NULL),
	(47, 17632.05, 252, 42, '2020-10-08 03:56:38', '2020-10-08 03:56:38', NULL),
	(95, 225390.35, 262, 42, '2020-10-08 03:56:38', '2020-10-08 03:56:38', NULL),
	(13, 118542.71, 63, 43, '2020-10-08 03:56:38', '2020-10-08 03:56:38', NULL),
	(7, 60729.62, 69, 43, '2020-10-08 03:56:38', '2020-10-08 03:56:38', NULL),
	(51, 216947.88, 72, 43, '2020-10-08 03:56:38', '2020-10-08 03:56:38', NULL),
	(2, 15228.72, 91, 43, '2020-10-08 03:56:38', '2020-10-08 03:56:38', NULL),
	(78, 201221.28, 148, 43, '2020-10-08 03:56:38', '2020-10-08 03:56:38', NULL),
	(5, 8668.60, 195, 43, '2020-10-08 03:56:38', '2020-10-08 03:56:38', NULL),
	(17, 156460.86, 238, 43, '2020-10-08 03:56:38', '2020-10-08 03:56:38', NULL),
	(26, 18555.16, 299, 43, '2020-10-08 03:56:38', '2020-10-08 03:56:38', NULL),
	(46, 240701.44, 97, 44, '2020-10-08 03:56:38', '2020-10-08 03:56:38', NULL),
	(17, 123943.43, 136, 44, '2020-10-08 03:56:38', '2020-10-08 03:56:38', NULL),
	(60, 35624.40, 158, 44, '2020-10-08 03:56:38', '2020-10-08 03:56:38', NULL),
	(40, 302916.80, 186, 44, '2020-10-08 03:56:38', '2020-10-08 03:56:38', NULL),
	(37, 22884.87, 190, 44, '2020-10-08 03:56:38', '2020-10-08 03:56:38', NULL),
	(81, 705006.99, 218, 44, '2020-10-08 03:56:38', '2020-10-08 03:56:38', NULL),
	(109, 662035.48, 232, 44, '2020-10-08 03:56:38', '2020-10-08 03:56:38', NULL),
	(38, 25559.94, 235, 44, '2020-10-08 03:56:38', '2020-10-08 03:56:38', NULL),
	(12, 78692.52, 256, 44, '2020-10-08 03:56:38', '2020-10-08 03:56:38', NULL),
	(5, 2894.35, 259, 44, '2020-10-08 03:56:38', '2020-10-08 03:56:38', NULL),
	(4, 25116.64, 27, 45, '2020-10-08 03:56:38', '2020-10-08 03:56:38', NULL),
	(60, 514742.40, 36, 45, '2020-10-08 03:56:38', '2020-10-08 03:56:38', NULL),
	(7, 34916.84, 166, 45, '2020-10-08 03:56:38', '2020-10-08 03:56:38', NULL),
	(87, 27291.03, 176, 45, '2020-10-08 03:56:38', '2020-10-08 03:56:38', NULL),
	(59, 186347.96, 222, 45, '2020-10-08 03:56:38', '2020-10-08 03:56:38', NULL),
	(67, 249006.17, 19, 46, '2020-10-08 03:56:38', '2020-10-08 03:56:38', NULL),
	(65, 451107.15, 111, 46, '2020-10-08 03:56:38', '2020-10-08 03:56:38', NULL),
	(132, 1252125.60, 132, 46, '2020-10-08 03:56:38', '2020-10-08 03:56:38', NULL),
	(27, 249500.52, 193, 46, '2020-10-08 03:56:38', '2020-10-08 03:56:38', NULL),
	(13, 7523.62, 194, 46, '2020-10-08 03:56:38', '2020-10-08 03:56:38', NULL),
	(11, 26028.31, 234, 46, '2020-10-08 03:56:38', '2020-10-08 03:56:38', NULL),
	(86, 88378.76, 236, 46, '2020-10-08 03:56:38', '2020-10-08 03:56:38', NULL),
	(113, 852878.80, 264, 46, '2020-10-08 03:56:38', '2020-10-08 03:56:38', NULL),
	(8, 4299.60, 267, 46, '2020-10-08 03:56:38', '2020-10-08 03:56:38', NULL),
	(97, 875261.07, 300, 46, '2020-10-08 03:56:38', '2020-10-08 03:56:38', NULL),
	(15, 118532.85, 118, 47, '2020-10-08 03:56:38', '2020-10-08 03:56:38', NULL),
	(43, 102553.28, 215, 47, '2020-10-08 03:56:38', '2020-10-08 03:56:38', NULL),
	(12, 43772.28, 23, 48, '2020-10-08 03:56:38', '2020-10-08 03:56:38', NULL),
	(191, 307246.42, 64, 48, '2020-10-08 03:56:38', '2020-10-08 03:56:38', NULL),
	(92, 871683.44, 66, 48, '2020-10-08 03:56:38', '2020-10-08 03:56:38', NULL),
	(15, 47376.60, 222, 48, '2020-10-08 03:56:38', '2020-10-08 03:56:38', NULL),
	(33, 279963.09, 4, 49, '2020-10-08 03:56:38', '2020-10-08 03:56:38', NULL),
	(22, 32249.58, 55, 49, '2020-10-08 03:56:38', '2020-10-08 03:56:38', NULL),
	(141, 96367.86, 58, 49, '2020-10-08 03:56:38', '2020-10-08 03:56:38', NULL),
	(64, 152977.92, 153, 49, '2020-10-08 03:56:38', '2020-10-08 03:56:38', NULL),
	(158, 1485459.12, 221, 49, '2020-10-08 03:56:38', '2020-10-08 03:56:38', NULL),
	(13, 53206.79, 276, 49, '2020-10-08 03:56:38', '2020-10-08 03:56:38', NULL),
	(47, 397306.98, 98, 50, '2020-10-08 03:56:38', '2020-10-08 03:56:38', NULL),
	(9, 6174.18, 179, 50, '2020-10-08 03:56:38', '2020-10-08 03:56:38', NULL),
	(24, 235067.76, 196, 50, '2020-10-08 03:56:38', '2020-10-08 03:56:38', NULL),
	(75, 637836.00, 202, 50, '2020-10-08 03:56:38', '2020-10-08 03:56:38', NULL),
	(36, 113703.84, 222, 50, '2020-10-08 03:56:38', '2020-10-08 03:56:38', NULL),
	(65, 39456.30, 226, 50, '2020-10-08 03:56:38', '2020-10-08 03:56:38', NULL),
	(101, 368670.20, 269, 50, '2020-10-08 03:56:38', '2020-10-08 03:56:38', NULL),
	(79, 775053.20, 285, 50, '2020-10-08 03:56:38', '2020-10-08 03:56:38', NULL),
	(49, 77508.20, 298, 50, '2020-10-08 03:56:38', '2020-10-08 03:56:38', NULL);

--  estructura para tabla rumbabar.failed_jobs
CREATE TABLE IF NOT EXISTS `failed_jobs` (
  `id` bigint(20) unsigned NOT NULL AUTO_INCREMENT,
  `connection` text NOT NULL,
  `queue` text NOT NULL,
  `payload` longtext NOT NULL,
  `exception` longtext NOT NULL,
  `failed_at` timestamp NOT NULL DEFAULT CURRENT_TIMESTAMP,
  PRIMARY KEY (`id`)
) ENGINE=InnoDB;

--  datos para la tabla rumbabar.failed_jobs: ~0 rows (aproximadamente)
DELETE FROM `failed_jobs`;

--  estructura para tabla rumbabar.mesas
CREATE TABLE IF NOT EXISTS `mesas` (
  `MesaId` bigint(20) unsigned NOT NULL AUTO_INCREMENT,
  `MesaPuestos` tinyint(3) unsigned NOT NULL,
  `created_at` timestamp NULL DEFAULT NULL,
  `updated_at` timestamp NULL DEFAULT NULL,
  `deleted_at` timestamp NULL DEFAULT NULL,
  PRIMARY KEY (`MesaId`)
) ENGINE=InnoDB;

--  datos para la tabla rumbabar.mesas: ~15 rows (aproximadamente)
DELETE FROM `mesas`;
INSERT INTO `mesas` (`MesaId`, `MesaPuestos`, `created_at`, `updated_at`, `deleted_at`) VALUES
	(1, 4, '2020-08-27 01:37:39', '2020-10-05 17:35:22', NULL),
	(2, 2, '2020-08-24 18:46:50', '2020-09-26 07:38:46', NULL),
	(3, 2, '2020-08-16 10:10:48', '2020-09-06 12:15:26', NULL),
	(4, 4, '2020-08-22 05:17:48', '2020-09-05 20:22:02', NULL),
	(5, 2, '2020-08-31 16:54:45', '2020-09-25 07:01:03', NULL),
	(6, 6, '2020-08-27 05:38:17', '2020-09-11 22:07:23', NULL),
	(7, 4, '2020-08-23 03:35:33', '2020-09-10 21:50:53', NULL),
	(8, 8, '2020-08-18 22:43:19', '2020-09-27 01:04:27', NULL),
	(9, 2, '2020-08-31 14:29:25', '2020-09-10 04:44:48', NULL),
	(10, 2, '2020-08-28 11:54:03', '2020-10-01 20:46:45', NULL),
	(11, 4, '2020-08-24 08:20:57', '2020-09-28 23:41:04', NULL),
	(12, 4, '2020-08-17 04:05:49', '2020-09-06 14:03:11', NULL),
	(13, 8, '2020-08-16 11:20:43', '2020-09-21 22:58:19', NULL),
	(14, 6, '2020-08-29 13:45:19', '2020-09-15 08:25:00', NULL),
	(15, 8, '2020-08-23 00:17:43', '2020-09-19 04:58:02', NULL);

--  estructura para tabla rumbabar.migrations
CREATE TABLE IF NOT EXISTS `migrations` (
  `id` int(10) unsigned NOT NULL AUTO_INCREMENT,
  `migration` varchar(255) NOT NULL,
  `batch` int(11) NOT NULL,
  PRIMARY KEY (`id`)
) ENGINE=InnoDB;

--  datos para la tabla rumbabar.migrations: ~24 rows (aproximadamente)
DELETE FROM `migrations`;
INSERT INTO `migrations` (`id`, `migration`, `batch`) VALUES
	(1, '2013_09_25_200225_create_roles_table', 1),
	(2, '2014_10_12_000000_create_users_table', 1),
	(3, '2014_10_12_100000_create_password_resets_table', 1),
	(4, '2019_08_19_000000_create_failed_jobs_table', 1),
	(5, '2020_09_25_200207_create_proveedores_table', 1),
	(6, '2020_09_25_200556_create_products_table', 1),
	(7, '2020_09_25_201139_create_clientes_table', 1),
	(8, '2020_09_25_202155_create_mesas_table', 1),
	(9, '2020_09_25_215113_create_compras_table', 1),
	(10, '2020_09_25_215124_create_ventas_table', 1),
	(11, '2020_09_25_215239_create_permisos_table', 1),
	(12, '2020_09_25_215312_create_permiso_rol_table', 1),
	(13, '2020_09_25_215343_create_producto_venta_table', 1),
	(14, '2020_09_25_215517_create_compra_producto_table', 1),
	(15, '2020_10_05_062231_create_auditoria_clientes_table', 1),
	(16, '2020_10_05_062232_create_auditoria_mesas_table', 1),
	(17, '2020_10_05_062244_create_auditoria_permisos_table', 1),
	(18, '2020_10_05_062259_create_auditoria_productos_table', 1),
	(19, '2020_10_05_062310_create_auditoria_proveedores_table', 1),
	(20, '2020_10_05_062326_create_auditoria_roles_table', 1),
	(21, '2020_10_05_062335_create_auditoria_usuarios_table', 1),
	(22, '2020_10_05_062412_create_auditoria_compra_producto_table', 1),
	(23, '2020_10_05_062432_create_auditoria_producto_venta_table', 1),
	(24, '2020_10_05_062457_create_auditoria_permiso_rol_table', 1);

--  estructura para tabla rumbabar.password_resets
CREATE TABLE IF NOT EXISTS `password_resets` (
  `email` varchar(255) NOT NULL,
  `token` varchar(255) NOT NULL,
  `created_at` timestamp NULL DEFAULT NULL,
  KEY `password_resets_email_index` (`email`)
) ENGINE=InnoDB;

--  datos para la tabla rumbabar.password_resets: ~0 rows (aproximadamente)
DELETE FROM `password_resets`;

--  estructura para tabla rumbabar.permisos
CREATE TABLE IF NOT EXISTS `permisos` (
  `PermisoId` bigint(20) unsigned NOT NULL AUTO_INCREMENT,
  `PermisoNombre` varchar(255) NOT NULL,
  `created_at` timestamp NULL DEFAULT NULL,
  `updated_at` timestamp NULL DEFAULT NULL,
  `deleted_at` timestamp NULL DEFAULT NULL,
  PRIMARY KEY (`PermisoId`)
) ENGINE=InnoDB;

--  datos para la tabla rumbabar.permisos: ~50 rows (aproximadamente)
DELETE FROM `permisos`;
INSERT INTO `permisos` (`PermisoId`, `PermisoNombre`, `created_at`, `updated_at`, `deleted_at`) VALUES
	(1, 'Productodelete', '2020-08-19 21:04:24', '2020-09-11 19:30:56', NULL),
	(2, 'Compraupdate', '2020-08-31 20:38:23', '2020-09-03 04:06:08', NULL),
	(3, 'Clienteread', '2020-08-23 22:48:21', '2020-09-30 18:25:36', NULL),
	(4, 'Proveedorread', '2020-08-26 05:56:35', '2020-09-02 04:20:22', NULL),
	(5, 'Permisocreate', '2020-08-19 05:58:49', '2020-09-27 01:50:20', NULL),
	(6, 'Permisocreate', '2020-08-18 08:23:11', '2020-09-29 08:18:44', NULL),
	(7, 'Ventaread', '2020-08-21 14:15:14', '2020-09-07 13:35:00', NULL),
	(8, 'Usuarioread', '2020-08-28 12:24:01', '2020-09-19 10:08:46', NULL),
	(9, 'Clientecreate', '2020-08-19 21:08:47', '2020-09-03 14:48:18', NULL),
	(10, 'Compradelete', '2020-08-19 19:35:40', '2020-09-09 19:42:04', NULL),
	(11, 'Ventaupdate', '2020-08-17 02:53:00', '2020-09-24 19:00:27', NULL),
	(12, 'Rolupdate', '2020-08-24 16:34:29', '2020-10-03 03:49:14', NULL),
	(13, 'Usuariocreate', '2020-08-24 00:14:07', '2020-09-09 14:47:07', NULL),
	(14, 'Compraupdate', '2020-08-27 17:35:24', '2020-10-05 04:47:18', NULL),
	(15, 'Permisoupdate', '2020-08-31 19:22:52', '2020-09-30 06:00:58', NULL),
	(16, 'Roldelete', '2020-08-15 11:59:18', '2020-10-06 07:31:55', NULL),
	(17, 'Compracreate', '2020-08-18 06:31:57', '2020-09-29 23:40:13', NULL),
	(18, 'Proveedorcreate', '2020-08-18 05:21:53', '2020-09-05 12:35:17', NULL),
	(19, 'Permisodelete', '2020-08-15 20:05:01', '2020-10-03 06:34:39', NULL),
	(20, 'Productocreate', '2020-08-21 07:58:44', '2020-09-14 06:53:25', NULL),
	(21, 'Ventaread', '2020-08-18 12:26:14', '2020-10-06 07:41:48', NULL),
	(22, 'Mesaread', '2020-08-15 04:40:31', '2020-09-17 20:17:38', NULL),
	(23, 'Proveedorcreate', '2020-08-17 11:18:58', '2020-09-25 18:15:45', NULL),
	(24, 'Usuarioread', '2020-08-27 22:12:30', '2020-09-16 04:59:44', NULL),
	(25, 'Clienteupdate', '2020-08-20 22:42:45', '2020-09-15 05:15:08', NULL),
	(26, 'Proveedorread', '2020-08-23 02:29:34', '2020-09-14 08:28:56', NULL),
	(27, 'Proveedorcreate', '2020-08-21 18:00:53', '2020-09-14 07:13:31', NULL),
	(28, 'Compraread', '2020-08-16 07:18:30', '2020-09-10 02:18:40', NULL),
	(29, 'Clientecreate', '2020-08-24 21:34:22', '2020-09-19 08:43:22', NULL),
	(30, 'Proveedorupdate', '2020-08-26 03:13:39', '2020-10-02 20:37:03', NULL),
	(31, 'Permisocreate', '2020-08-20 21:08:29', '2020-09-09 23:27:15', NULL),
	(32, 'Mesadelete', '2020-08-23 14:55:08', '2020-10-05 08:18:25', NULL),
	(33, 'Clienteread', '2020-08-28 09:53:47', '2020-09-16 06:41:09', NULL),
	(34, 'Productoupdate', '2020-08-21 03:46:31', '2020-09-03 20:05:46', NULL),
	(35, 'Proveedorcreate', '2020-08-21 11:00:47', '2020-09-16 15:03:31', NULL),
	(36, 'Proveedordelete', '2020-08-29 10:50:40', '2020-09-15 17:54:10', NULL),
	(37, 'Proveedorcreate', '2020-08-19 02:24:53', '2020-09-26 10:41:35', NULL),
	(38, 'Ventaupdate', '2020-08-18 18:48:48', '2020-09-17 09:58:21', NULL),
	(39, 'Rolread', '2020-08-15 01:05:53', '2020-09-29 03:32:34', NULL),
	(40, 'Permisoupdate', '2020-08-28 01:44:24', '2020-09-18 20:43:49', NULL),
	(41, 'Permisodelete', '2020-08-19 07:01:29', '2020-10-03 10:59:48', NULL),
	(42, 'Proveedordelete', '2020-08-28 15:29:51', '2020-10-02 18:02:13', NULL),
	(43, 'Usuariocreate', '2020-08-18 09:01:01', '2020-09-13 03:00:58', NULL),
	(44, 'Compraupdate', '2020-08-26 17:05:20', '2020-09-26 13:53:56', NULL),
	(45, 'Proveedorcreate', '2020-08-22 07:48:22', '2020-09-06 07:34:24', NULL),
	(46, 'Proveedordelete', '2020-08-29 15:03:11', '2020-09-25 21:12:25', NULL),
	(47, 'Roldelete', '2020-08-17 22:50:23', '2020-09-23 08:04:27', NULL),
	(48, 'Mesadelete', '2020-08-16 13:40:05', '2020-09-02 05:39:11', NULL),
	(49, 'Clientecreate', '2020-08-26 23:58:51', '2020-09-02 06:13:47', NULL),
	(50, 'Clientecreate', '2020-08-22 03:06:09', '2020-09-30 02:30:10', NULL);

--  estructura para tabla rumbabar.permiso_rol
CREATE TABLE IF NOT EXISTS `permiso_rol` (
  `fk_permiso` bigint(20) unsigned NOT NULL,
  `fk_rol` bigint(20) unsigned NOT NULL,
  `created_at` timestamp NULL DEFAULT NULL,
  `updated_at` timestamp NULL DEFAULT NULL,
  `deleted_at` timestamp NULL DEFAULT NULL,
  KEY `permiso_rol_fk_permiso_foreign` (`fk_permiso`),
  KEY `permiso_rol_fk_rol_foreign` (`fk_rol`),
  CONSTRAINT `permiso_rol_fk_permiso_foreign` FOREIGN KEY (`fk_permiso`) REFERENCES `permisos` (`PermisoId`),
  CONSTRAINT `permiso_rol_fk_rol_foreign` FOREIGN KEY (`fk_rol`) REFERENCES `roles` (`RolId`)
) ENGINE=InnoDB;

--  datos para la tabla rumbabar.permiso_rol: ~40 rows (aproximadamente)
DELETE FROM `permiso_rol`;
INSERT INTO `permiso_rol` (`fk_permiso`, `fk_rol`, `created_at`, `updated_at`, `deleted_at`) VALUES
	(16, 2, NULL, NULL, NULL),
	(16, 3, NULL, NULL, NULL),
	(35, 3, NULL, NULL, NULL),
	(46, 3, NULL, NULL, NULL),
	(1, 1, NULL, NULL, NULL),
	(4, 1, NULL, NULL, NULL),
	(8, 1, NULL, NULL, NULL),
	(9, 1, NULL, NULL, NULL),
	(11, 1, NULL, NULL, NULL),
	(17, 1, NULL, NULL, NULL),
	(21, 1, NULL, NULL, NULL),
	(38, 1, NULL, NULL, NULL),
	(40, 1, NULL, NULL, NULL),
	(41, 1, NULL, NULL, NULL),
	(6, 2, NULL, NULL, NULL),
	(7, 2, NULL, NULL, NULL),
	(25, 2, NULL, NULL, NULL),
	(28, 2, NULL, NULL, NULL),
	(30, 2, NULL, NULL, NULL),
	(37, 2, NULL, NULL, NULL),
	(39, 2, NULL, NULL, NULL),
	(45, 2, NULL, NULL, NULL),
	(48, 2, NULL, NULL, NULL),
	(19, 3, NULL, NULL, NULL),
	(22, 3, NULL, NULL, NULL),
	(27, 3, NULL, NULL, NULL),
	(30, 3, NULL, NULL, NULL),
	(36, 3, NULL, NULL, NULL),
	(38, 3, NULL, NULL, NULL),
	(45, 3, NULL, NULL, NULL),
	(1, 4, NULL, NULL, NULL),
	(3, 4, NULL, NULL, NULL),
	(9, 4, NULL, NULL, NULL),
	(10, 4, NULL, NULL, NULL),
	(13, 4, NULL, NULL, NULL),
	(20, 4, NULL, NULL, NULL),
	(28, 4, NULL, NULL, NULL),
	(43, 4, NULL, NULL, NULL),
	(44, 4, NULL, NULL, NULL),
	(49, 4, NULL, NULL, NULL);

--  estructura para tabla rumbabar.productos
CREATE TABLE IF NOT EXISTS `productos` (
  `ProductoId` bigint(20) unsigned NOT NULL AUTO_INCREMENT,
  `ProductoNombre` varchar(255) NOT NULL,
  `ProductoDescripcion` longtext NOT NULL,
  `ProductoPrecio` double(10,2) NOT NULL,
  `ProductoCantidad` mediumint(8) unsigned NOT NULL,
  `fk_proveedor` bigint(20) unsigned NOT NULL,
  `created_at` timestamp NULL DEFAULT NULL,
  `updated_at` timestamp NULL DEFAULT NULL,
  `deleted_at` timestamp NULL DEFAULT NULL,
  PRIMARY KEY (`ProductoId`),
  KEY `productos_fk_proveedor_foreign` (`fk_proveedor`),
  CONSTRAINT `productos_fk_proveedor_foreign` FOREIGN KEY (`fk_proveedor`) REFERENCES `proveedores` (`ProveedorId`)
) ENGINE=InnoDB;

--  datos para la tabla rumbabar.productos: ~300 rows (aproximadamente)
DELETE FROM `productos`;
INSERT INTO `productos` (`ProductoId`, `ProductoNombre`, `ProductoDescripcion`, `ProductoPrecio`, `ProductoCantidad`, `fk_proveedor`, `created_at`, `updated_at`, `deleted_at`) VALUES
	(1, 'Pollo', 'Deserunt rem dolore adipisci. Quas a iusto nulla modi et itaque qui.', 8964.67, 139, 40, '2020-08-25 02:47:16', '2020-10-05 22:16:01', NULL),
	(2, 'Bloqueador solar', 'Impedit quaerat ea dolore quas. Consequatur in sint consectetur ea voluptatem illum. Sapiente dolorem omnis asperiores corporis saepe totam incidunt.', 330.81, 72, 9, '2020-08-27 02:03:06', '2020-10-03 06:09:06', NULL),
	(3, 'Papel de aluminio', 'Suscipit sit omnis voluptatum accusamus quia voluptatem. Repellendus est exercitationem maxime maiores. Est perferendis saepe sit corrupti.', 8338.28, 90, 36, '2020-08-26 13:55:23', '2020-09-28 09:09:17', NULL),
	(4, 'gofres', 'Eos ut ipsum et omnis voluptate cum similique. Quisquam quae commodi ab autem ut. Officiis quod saepe libero porro provident praesentium. Maxime minima voluptatem nobis praesentium soluta omnis in quia. Minima aspernatur facilis unde.', 8483.73, 84, 19, '2020-08-30 06:33:47', '2020-09-13 02:20:27', NULL),
	(5, 'Galletas', 'Asperiores quia officia voluptates unde sunt. Quia assumenda consequatur et eaque in a et. Voluptatem molestiae libero et aut. Vel reprehenderit suscipit voluptas fugiat voluptas nesciunt nihil. Consequatur est ea et.', 1119.90, 32, 33, '2020-08-25 19:45:32', '2020-09-26 09:31:25', NULL),
	(6, 'Rollos de pizza', 'Nulla labore totam reprehenderit est sequi ullam corporis. Corporis sapiente sed et modi placeat. Repellat odit velit natus a beatae sit cumque.', 8884.31, 11, 37, '2020-08-21 07:09:43', '2020-09-07 12:52:08', NULL),
	(7, 'Verdes', 'Omnis et corrupti nulla quia. Vitae nemo voluptatem alias asperiores fugiat. Delectus voluptatem placeat et.', 2275.97, 186, 48, '2020-08-22 05:58:17', '2020-09-10 16:58:00', NULL),
	(8, 'Mix', 'Iusto voluptatibus quidem qui exercitationem a excepturi illum ut. Animi dolor ratione nesciunt magnam incidunt. Dicta rerum dolorem est pariatur sint. Iusto est repellendus necessitatibus nihil. Quia culpa aspernatur assumenda sit quia quia aut.', 8643.01, 46, 28, '2020-08-29 00:37:06', '2020-09-29 15:29:11', NULL),
	(9, 'Cubitos de caldo', 'Nesciunt atque voluptas quia nobis libero dolore aliquid. Rem quasi dignissimos eveniet est ut. Repellendus aspernatur qui aut quo quia iusto nulla. Ut praesentium et aut ut nobis odio facere.', 7246.62, 65, 13, '2020-08-18 07:35:02', '2020-10-06 23:37:28', NULL),
	(10, 'Neutralizador de acidez', 'Dignissimos autem necessitatibus nihil id voluptate. Vitae accusantium nulla nam quis sunt qui odit. Tempore voluptas occaecati sed suscipit.', 129.40, 74, 21, '2020-08-27 22:05:11', '2020-09-18 08:09:13', NULL),
	(11, 'Sinusitis', 'Eligendi voluptatem et est in magni. Et id et vitae voluptas. Odit autem porro aspernatur aspernatur autem animi ipsa voluptatem. Voluptatibus non aut rerum voluptates quod consequatur.', 4689.48, 67, 46, '2020-08-23 23:11:30', '2020-09-11 16:45:12', NULL),
	(12, 'Resfriado', 'Dolores et est debitis. Consequuntur facere enim recusandae perspiciatis quisquam. Rem velit dolor ullam optio. Perferendis eum aut dicta. Quod non quidem repellendus repudiandae sit.', 759.79, 168, 16, '2020-08-25 10:21:53', '2020-09-11 16:23:38', NULL),
	(13, 'Pimenton', 'Mollitia molestiae ab ut. Laudantium voluptatem accusantium aut ut. Aut aliquid dolorem ipsa.', 9735.14, 176, 33, '2020-08-27 13:12:02', '2020-09-16 23:00:20', NULL),
	(14, 'Burritos Especias y hierbas', 'Sunt at perspiciatis minus tempora dolorem est. Possimus laudantium ut nihil consequatur. Architecto corporis dolorem a libero. Aperiam minus libero officiis est.', 3778.18, 119, 23, '2020-08-20 23:49:32', '2020-09-15 14:12:08', NULL),
	(15, 'Papel higiénico', 'Unde enim deleniti eaque eum sed ut sit voluptatem. Culpa quia temporibus et. Et aut sit cumque est sequi. Distinctio et quidem sed sint.', 4341.38, 181, 43, '2020-08-31 11:05:01', '2020-09-15 21:05:17', NULL),
	(16, 'Palomitas de maiz', 'Nemo delectus dolores pariatur nesciunt tenetur neque. Eaque atque impedit consectetur nam est nihil dolore sunt. Itaque illum et est beatae natus non voluptatem. Odit non recusandae minima nostrum.', 8143.74, 33, 7, '2020-08-22 01:30:34', '2020-09-10 00:48:27', NULL),
	(17, 'Horneado de queso azul', 'Ex distinctio dolor aut et ratione et rem. Temporibus dolorum saepe quas. Temporibus commodi dolores saepe voluptates inventore libero eaque.', 5736.69, 85, 37, '2020-08-31 10:48:02', '2020-09-22 12:44:50', NULL),
	(18, 'Suizo', 'Omnis repellendus aut eligendi totam. Libero nulla fugit at distinctio sed. Voluptatum consequuntur quia ad fugiat id distinctio. Et beatae eius dolores aut.', 2301.73, 110, 20, '2020-08-20 21:30:28', '2020-09-13 12:58:21', NULL),
	(19, 'Hummus', 'Enim voluptas eaque reprehenderit rerum expedita nemo voluptates. Nihil ex rerum veniam quibusdam. Ullam sit veritatis non consequatur adipisci eos. Enim magni praesentium totam doloremque pariatur qui voluptas.', 3716.51, 110, 33, '2020-08-24 02:38:22', '2020-09-20 19:39:53', NULL),
	(20, 'Tomates', 'Consectetur enim distinctio dolore ex. Magnam molestiae esse qui. Magni doloremque rerum itaque ut sit amet qui.', 1457.21, 195, 45, '2020-08-24 18:31:04', '2020-09-06 20:05:33', NULL),
	(21, 'Spray antiadherente', 'Perspiciatis aut qui inventore in sit possimus. Rerum exercitationem incidunt quia natus veritatis. Ut natus et totam consequatur voluptatem corporis.', 3028.35, 155, 13, '2020-08-31 15:56:18', '2020-09-19 11:04:00', NULL),
	(22, 'Servilletas', 'Est vitae id accusamus ipsam quae. Quidem quidem nostrum laboriosam officia.', 1379.29, 196, 27, '2020-08-30 17:20:19', '2020-09-10 21:42:18', NULL),
	(23, 'Bayas', 'Voluptas omnis modi quisquam occaecati ut autem. Dicta enim autem possimus nemo. Corporis dolorem ab ut et nam nisi. Recusandae rerum pariatur voluptatibus qui voluptas.', 3647.69, 65, 8, '2020-08-22 13:23:05', '2020-10-05 07:04:09', NULL),
	(24, 'Manzanas', 'Ea a maiores et ratione veritatis enim harum. Consequuntur voluptatem earum earum aliquid numquam. Culpa a exercitationem aperiam quam libero autem. Ea consequatur provident optio consequatur qui. Quaerat mollitia dolorem et odit ut velit esse.', 1959.22, 188, 50, '2020-08-16 22:38:06', '2020-09-16 17:47:35', NULL),
	(25, 'Helado', 'Dolor alias quia ab. Vel quaerat adipisci magnam totam. Eum dolorem blanditiis et rem qui possimus.', 3490.53, 146, 11, '2020-08-22 19:38:39', '2020-09-04 03:22:33', NULL),
	(26, 'Ketchup', 'Saepe hic nihil temporibus eos distinctio saepe repellat laborum. Velit voluptatem id soluta ut excepturi. Nihil excepturi et iure vero beatae repudiandae animi.', 1304.22, 27, 31, '2020-08-25 23:25:56', '2020-09-02 04:58:16', NULL),
	(27, 'Bebidas deportivas', 'Unde expedita non totam mollitia iure animi. Alias ut quos officia nulla dicta quia animi. Magni laudantium delectus qui magni autem quasi et. Eius qui veniam vitae iste sunt et.', 6279.16, 31, 23, '2020-08-30 05:55:17', '2020-09-18 21:42:06', NULL),
	(28, 'Gaseosa', 'Id deleniti error et facere modi alias illo. Natus cum distinctio magnam corporis. Et esse aspernatur rerum nam nemo a voluptatem. Vel ea quidem ea recusandae possimus consectetur.', 2629.85, 77, 15, '2020-08-28 13:53:44', '2020-09-30 15:49:41', NULL),
	(29, 'Crema batida', 'Consectetur placeat repudiandae aut magnam nobis. Ab modi aut voluptas asperiores asperiores voluptatem. Accusamus incidunt vitae aliquid inventore et repellat est.', 1923.03, 165, 2, '2020-08-21 18:03:46', '2020-09-26 20:27:48', NULL),
	(30, 'Desayunos Bebidas', 'Ut quasi sit rem a. Ea sed eveniet consequatur et beatae. Odit quia rem placeat beatae est quos accusamus.', 5085.59, 138, 38, '2020-08-28 12:54:16', '2020-09-17 14:54:51', NULL),
	(31, 'bolas de algodón', 'Aspernatur magnam a molestiae provident. Veniam vel alias et deleniti. Eligendi earum molestiae reiciendis corporis.', 3307.54, 84, 2, '2020-08-15 20:02:56', '2020-10-04 09:13:15', NULL),
	(32, 'Harina de avena', 'Voluptatum id sed id autem. Et nihil ullam accusantium error. Aut voluptates saepe eum reiciendis vitae consequatur. Mollitia sed fugit dolor beatae magni.', 4517.82, 22, 35, '2020-08-17 15:42:22', '2020-09-06 23:38:53', NULL),
	(33, 'Apio', 'Assumenda ducimus est omnis ut voluptates eos consequuntur doloremque. Sunt vel perferendis quia earum. Ab sunt ea illo ut occaecati.', 5407.99, 24, 41, '2020-08-15 13:32:34', '2020-09-08 08:38:21', NULL),
	(34, 'Albahaca', 'Quia rerum officia reprehenderit minima. Et temporibus suscipit soluta exercitationem nobis. Iste autem autem quisquam tenetur quis quidem. Optio fuga aperiam ut et quam.', 597.07, 35, 20, '2020-08-21 19:30:46', '2020-09-07 20:53:15', NULL),
	(35, 'Calabacín', 'Error numquam qui ipsam commodi at est. Rerum blanditiis rem excepturi. Doloribus quis accusantium velit commodi delectus eos. Excepturi temporibus cum quia dolore autem et.', 1499.67, 79, 31, '2020-08-27 03:01:22', '2020-09-02 23:12:13', NULL),
	(36, 'Antidiarreico', 'Incidunt sint corporis quod sed. Temporibus odit nam ipsum molestias. Minima error fugit deserunt nisi quisquam architecto. Maiores rem reiciendis saepe est ut.', 8579.04, 95, 4, '2020-08-28 19:39:53', '2020-09-23 19:02:01', NULL),
	(37, 'Carne de vaca', 'Omnis possimus maxime placeat sed. Deserunt necessitatibus pariatur voluptate placeat et delectus voluptates dignissimos. Ab consequuntur vel et et animi. Ea assumenda nesciunt eum sint aliquam quia.', 537.31, 146, 40, '2020-08-18 11:58:23', '2020-09-03 09:53:04', NULL),
	(38, 'Pañales', 'Reiciendis ut repellat vero. Quis unde perferendis quis velit et quod voluptatem. Amet dolores praesentium doloribus est consequuntur ea officiis.', 4634.65, 101, 37, '2020-08-20 05:26:09', '2020-10-01 00:06:35', NULL),
	(39, 'Loción', 'Nemo aut eligendi voluptatibus facere autem repudiandae ea. Cumque unde ea labore et. Nihil sed eaque adipisci est. Laborum ipsam possimus et nobis nesciunt itaque assumenda nisi.', 6796.34, 111, 3, '2020-08-21 11:33:15', '2020-09-02 19:34:43', NULL),
	(40, 'Sal', 'Id praesentium animi quisquam. Ipsam est sapiente odio dignissimos sit ab est voluptas. Ea fugiat nobis voluptatem est impedit. Repellat repellat in quae accusamus.', 1814.16, 102, 34, '2020-08-23 09:08:02', '2020-09-28 01:17:52', NULL),
	(41, 'Tater tots', 'Porro voluptatem ratione consequatur sint. Quis quia illum vero quae architecto hic. Eligendi cumque voluptatem omnis.', 8048.95, 184, 45, '2020-08-22 01:35:42', '2020-09-07 01:39:06', NULL),
	(42, 'Queso crema', 'Est sint quo officia non architecto rerum id. Consectetur doloremque quo recusandae ullam aut voluptas sit. Vitae nihil fugit porro et.', 8135.65, 50, 29, '2020-08-29 07:36:22', '2020-10-06 03:39:51', NULL),
	(43, 'Leche', 'Autem in quis voluptatem itaque. Sunt odit quia perferendis nisi ex earum autem. Eos excepturi dicta praesentium accusantium voluptatem aperiam. Ut excepturi perferendis enim ipsa ratione iusto. Aut itaque nulla quis illum laboriosam quod tenetur vitae.', 7891.52, 178, 21, '2020-08-16 13:38:46', '2020-09-02 05:08:13', NULL),
	(44, 'Naranjas', 'Mollitia pariatur nihil quia maiores tempora et. At sit fugiat sint. Facilis asperiores quae omnis sed.', 4744.56, 138, 7, '2020-08-24 23:13:01', '2020-09-30 06:51:40', NULL),
	(45, 'Coliflor', 'Et voluptatum repellat perspiciatis nemo veritatis. Et delectus officia quo natus. Nesciunt reiciendis autem magni facilis voluptas voluptas minima.', 4191.13, 69, 46, '2020-08-18 11:28:10', '2020-09-19 07:02:43', NULL),
	(46, 'Salsa BBQ', 'Eius non excepturi consequatur laudantium facere nostrum. Iste quidem et quam fugiat ipsam aut et. Ea cum rerum delectus alias delectus placeat quia itaque. Dignissimos qui omnis libero unde temporibus nesciunt reprehenderit.', 8649.06, 21, 43, '2020-08-29 16:55:15', '2020-09-25 15:47:14', NULL),
	(47, 'Limpiador Facial', 'Aut velit fuga repellendus nesciunt. Delectus et rerum et architecto. Occaecati eveniet amet quo sit culpa iste vero. Architecto recusandae consequatur nostrum sunt eos.', 8389.01, 172, 48, '2020-08-21 23:26:36', '2020-09-11 04:20:36', NULL),
	(48, 'Vino blanco', 'Ratione optio tempore quae ad magni ipsam. Cum esse ex quos qui. Facere ad dolorem occaecati quis iusto molestias. Debitis voluptas et temporibus illo at omnis autem alias.', 6701.95, 199, 11, '2020-08-24 12:20:32', '2020-10-05 12:01:11', NULL),
	(49, 'lavavajillas', 'Deleniti odit nostrum est dolor quod. Sint ab inventore et unde consequatur fugiat. Enim quas voluptatem et et.', 518.98, 143, 30, '2020-08-27 02:24:18', '2020-09-28 22:44:54', NULL),
	(50, 'Patatas instantáneas', 'Eius sed exercitationem dolor magnam fuga soluta id. Dolores repudiandae tempora repudiandae officia quae maxime eveniet. Exercitationem perspiciatis voluptatem officiis totam. Explicabo expedita voluptatem repudiandae similique quaerat sint dolor quo.', 1462.11, 135, 43, '2020-08-25 05:12:40', '2020-09-04 22:53:01', NULL),
	(51, 'Tarta', 'Maiores occaecati qui sint unde harum. Est quis explicabo veritatis iure. Eveniet dolor molestias quas in praesentium.', 1532.32, 90, 20, '2020-08-24 12:04:57', '2020-09-28 03:55:31', NULL),
	(52, 'Salsa', 'Esse a quam ratione unde. Ipsa reiciendis sed dignissimos sit aut non non. Voluptas quam dolorem dolores quia.', 3799.71, 166, 18, '2020-08-25 19:40:40', '2020-09-19 07:25:31', NULL),
	(53, 'Mantequilla', 'Possimus voluptatem beatae ullam asperiores. Est et sunt earum. Molestias voluptatem ut odit rerum. Unde consequatur ut eos porro.', 1967.10, 121, 6, '2020-08-16 00:24:39', '2020-09-27 01:46:27', NULL),
	(54, 'Magdalenas inglesas', 'Quo labore dolores velit perspiciatis. Consequatur vero in quasi dolores. Velit esse excepturi explicabo quis libero est occaecati enim. Eius adipisci ea architecto ratione est.', 3427.20, 84, 30, '2020-08-27 07:17:21', '2020-09-17 01:05:31', NULL),
	(55, 'Pasteles', 'Exercitationem quo delectus corporis et voluptas. Laudantium maiores dolorem et id quos reiciendis similique.', 1465.89, 54, 36, '2020-08-18 11:38:34', '2020-09-03 23:13:35', NULL),
	(56, 'Tratamiento de pulgas', 'Qui pariatur et ut sint quo dolorum et. Temporibus odio voluptas delectus omnis eum illo debitis. Ut aut quae voluptatem voluptatem consequuntur dolores.', 4172.30, 111, 22, '2020-08-18 12:29:43', '2020-09-05 16:45:24', NULL),
	(57, 'Cacao', 'Rerum dignissimos molestias et ut. Distinctio aut voluptas enim est. Doloremque hic et sapiente ex aliquam sint.', 3751.21, 112, 3, '2020-08-17 07:01:48', '2020-09-26 15:26:31', NULL),
	(58, 'Condones', 'Impedit quasi distinctio dolorem rerum similique. Est asperiores qui sapiente. Voluptate facilis sed doloribus et. Saepe rem qui tenetur.', 683.46, 164, 9, '2020-08-30 07:43:15', '2020-09-27 17:18:55', NULL),
	(59, 'Queso Provolone', 'Saepe rem reprehenderit dicta labore maxime. Nemo et ab magni doloremque ea omnis asperiores earum. Ad est est hic mollitia occaecati. Aut officiis harum sed.', 4390.47, 116, 49, '2020-08-24 02:03:27', '2020-10-04 17:01:32', NULL),
	(60, 'Jugo concentrado', 'Asperiores veniam est dolores quos. Rerum qui debitis quod sit.', 8183.85, 170, 15, '2020-08-21 21:50:40', '2020-09-09 14:05:30', NULL),
	(61, 'Antibiótico', 'Vero nesciunt id quia ex. Et eveniet tenetur enim. Sed vero autem et fugiat numquam est fugiat. Aut sed fuga illum unde et harum.', 2413.98, 199, 45, '2020-08-20 22:46:23', '2020-09-13 15:36:18', NULL),
	(62, 'Carbón', 'Eos qui error quibusdam incidunt. Blanditiis sit distinctio quibusdam ut et vero omnis. Aut eaque ducimus eaque id nisi. Cupiditate vero alias enim similique est debitis.', 400.60, 55, 40, '2020-08-19 09:32:49', '2020-09-15 21:01:31', NULL),
	(63, 'Pasta', 'Aspernatur quae sint dignissimos error rerum ab optio ea. Blanditiis aut rem molestiae est autem. Eum aut est ad voluptates beatae ratione.', 9118.67, 150, 20, '2020-08-31 02:43:29', '2020-10-02 14:56:55', NULL),
	(64, 'Desodorante anti-transpirante', 'Placeat nisi similique sit perspiciatis dolor qui. Reiciendis est voluptas sed ut sed et qui. Vitae cum exercitationem alias est aspernatur non vero.', 1608.62, 200, 47, '2020-08-20 20:57:53', '2020-09-24 00:15:43', NULL),
	(65, 'Kiwis', 'Dolor officiis quos architecto ullam et. Quae omnis totam aut ea ut impedit. Nulla perferendis perferendis facilis perferendis veritatis qui cum.', 4784.82, 166, 41, '2020-08-26 23:02:07', '2020-09-25 18:53:38', NULL),
	(66, 'Rollos', 'Facilis earum dolore molestias culpa atque explicabo. Repellendus explicabo cum nam ut. Ex reprehenderit animi fuga aspernatur assumenda.', 9474.82, 119, 45, '2020-08-29 01:57:42', '2020-09-24 08:58:50', NULL),
	(67, 'Vinagre', 'Dolor dolor commodi molestiae at ipsa. Nisi pariatur et ullam enim officia iure. Eum delectus sint et hic quia alias. Vitae qui architecto saepe quod vitae ut iste ut.', 3251.94, 153, 33, '2020-08-26 10:15:48', '2020-09-07 05:19:52', NULL),
	(68, 'Queso de cabra', 'Ut velit quas consequatur omnis fugiat ab. Inventore aliquid praesentium aspernatur dolor vero asperiores. Placeat vel dolore sequi consequatur facilis. Sit similique quasi fugiat dicta quia aut et.', 6759.08, 42, 15, '2020-08-29 14:38:44', '2020-10-01 04:28:43', NULL),
	(69, 'Noche de hamburguesas', 'A saepe consequatur quis accusantium eos voluptatum dignissimos reprehenderit. Ipsum sapiente qui veniam enim. Dolores quasi dolor praesentium sed magnam. Beatae aliquid voluptas suscipit est. Odit sed et quo et iusto quasi.', 8675.66, 195, 38, '2020-08-21 13:25:54', '2020-09-24 08:19:20', NULL),
	(70, 'Mitad mitad', 'Explicabo saepe nam repellat. Illum et omnis et aut rerum.', 9891.77, 52, 15, '2020-08-17 14:24:52', '2020-09-07 03:19:11', NULL),
	(71, 'Palitos de pescado', 'Consequatur non qui asperiores voluptas voluptate. Ab enim dolor non provident inventore et laborum. Sunt ratione cupiditate aspernatur sed aut delectus quidem.', 5272.55, 29, 6, '2020-08-29 11:28:06', '2020-09-19 01:38:36', NULL),
	(72, 'Pepinillos', 'Omnis possimus et est quis repellat. Minima et libero veritatis ea et quia officia. Blanditiis repellendus aliquam architecto minus sint voluptates architecto. Ea nobis velit eligendi.', 4253.88, 67, 40, '2020-08-21 13:54:06', '2020-09-24 23:28:52', NULL),
	(73, 'Productos cosméticos', 'Qui accusantium illum ea quis deserunt et. Adipisci provident quidem id aut rerum ex. Voluptatem et sed voluptas voluptas voluptas.', 1777.56, 62, 42, '2020-08-21 10:25:24', '2020-09-13 14:54:59', NULL),
	(74, 'Peras', 'Ea eum hic vel voluptates voluptates repellendus. Labore quas totam in consequatur. Porro temporibus perferendis quae commodi et modi mollitia. Debitis autem qui ut iste rem sit.', 8797.27, 19, 21, '2020-08-21 08:36:55', '2020-09-19 05:48:15', NULL),
	(75, 'Comidas temáticas de bagre', 'Quia eaque occaecati fugit architecto ab sint. Labore quia excepturi maxime aut fugiat nam eos. Incidunt adipisci vel praesentium et recusandae quasi.', 581.25, 172, 37, '2020-08-17 21:24:47', '2020-09-12 14:58:10', NULL),
	(76, 'Huevos falsos', 'Quisquam architecto occaecati nostrum aut aut voluptatum rem. Repellendus eveniet nemo ab omnis. Id vitae id dolores illo reprehenderit.', 3115.54, 144, 3, '2020-08-23 20:17:49', '2020-10-04 21:35:15', NULL),
	(77, 'DVDR', 'Voluptas perferendis error ut. Ipsam odit doloribus nobis mollitia ex cupiditate distinctio. A expedita porro suscipit nostrum. Quisquam similique sequi nulla soluta eaque.', 4573.03, 149, 20, '2020-08-28 12:50:25', '2020-09-29 20:09:58', NULL),
	(78, 'Bolsas para sándwich', 'Repellendus ea sint autem eius voluptatibus repudiandae. Numquam laborum quia est quis. Eveniet quia quaerat optio dolor consequatur qui distinctio.', 5725.62, 34, 34, '2020-08-16 13:50:58', '2020-09-28 16:17:58', NULL),
	(79, 'brownie', 'Impedit sunt aut quos magnam laudantium. Tempore aliquid ipsum soluta culpa. Illo culpa voluptas amet blanditiis velit accusantium culpa. Debitis id doloribus culpa temporibus amet aperiam pariatur hic.', 3597.41, 11, 11, '2020-08-24 17:57:31', '2020-09-02 03:44:52', NULL),
	(80, 'Loción hidratante', 'Adipisci dolor voluptas similique consectetur deserunt. Earum sed molestias illo exercitationem deleniti labore. Saepe excepturi ducimus laboriosam omnis illum sed et. Magni explicabo adipisci quia nemo architecto est.', 3890.93, 66, 13, '2020-08-20 02:29:07', '2020-09-13 14:35:39', NULL),
	(81, 'Pasta dental', 'Labore voluptate est laborum et aut et in. Quo aut et officia quam autem vero laboriosam. Veritatis sit molestiae sunt.', 8061.42, 199, 3, '2020-08-25 05:06:59', '2020-09-22 13:22:11', NULL),
	(82, 'Fórmula', 'Animi eius possimus qui eveniet molestiae. Doloribus quia repellat facere ex. Est omnis ut qui sit. Culpa accusamus aut expedita quia.', 4386.59, 131, 43, '2020-08-16 21:53:57', '2020-10-03 02:56:01', NULL),
	(83, 'Noche de tacos', 'Quo alias quos vero quisquam modi. Occaecati voluptatem voluptatum laborum vel nihil sed in autem. Maiores voluptas consequatur et amet sunt.', 1956.59, 50, 31, '2020-08-22 11:54:48', '2020-10-02 01:10:49', NULL),
	(84, 'Croissants', 'Blanditiis aperiam velit voluptas quos aspernatur debitis. Sed eum aut omnis vel eveniet assumenda. Aperiam et et pariatur quisquam accusamus nulla est dolores. Distinctio et alias iure.', 6050.13, 156, 10, '2020-08-23 09:40:10', '2020-09-15 15:51:47', NULL),
	(85, 'Propano', 'Vel et mollitia dolorem ut. Corrupti et earum dolores sunt quo nulla. Error cupiditate doloribus repellendus quia dolorem.', 9419.49, 177, 10, '2020-08-18 23:05:12', '2020-09-13 05:07:57', NULL),
	(86, 'Zumo de frutas', 'Voluptatem ea eos magni est. Possimus qui magni repudiandae voluptatum ut maxime veniam. Saepe illo sequi nobis nisi. Odio porro consectetur aut autem doloremque laudantium.', 6124.59, 74, 4, '2020-08-22 22:08:56', '2020-09-14 02:13:47', NULL),
	(87, 'Limpiador de baños', 'Itaque qui ut adipisci molestiae et. Ipsa fugit esse saepe et. Quibusdam sapiente error voluptatum amet aperiam ea. Sed ducimus cumque impedit consequatur ut qui.', 7746.32, 73, 32, '2020-08-24 23:20:13', '2020-09-03 11:29:00', NULL),
	(88, 'Flores', 'Sequi ex incidunt vero ullam. Reprehenderit consequatur et eligendi nam. Ut officiis quae et nisi doloribus molestias rerum. Accusantium explicabo sunt rerum repudiandae nesciunt aspernatur deserunt et. Assumenda debitis dignissimos autem.', 3807.71, 75, 32, '2020-08-26 20:53:22', '2020-09-21 17:32:52', NULL),
	(89, 'Parmesano', 'Debitis omnis quisquam aut eos vel. Sequi quam in deleniti nihil ut perspiciatis dolorem. Magnam officiis eum vero ipsum. Ad pariatur iusto necessitatibus in.', 1789.07, 72, 38, '2020-08-15 05:10:07', '2020-09-05 15:21:01', NULL),
	(90, 'Ajo', 'Sit nesciunt eos sed cupiditate error molestiae eos molestias. Qui eius hic ipsam distinctio dolor. Aspernatur et tenetur amet exercitationem vel voluptas blanditiis. Est dolorem veniam ipsum autem eaque rerum omnis.', 6746.07, 10, 11, '2020-08-22 22:09:18', '2020-09-25 18:46:37', NULL),
	(91, 'Carne molida', 'Esse totam assumenda incidunt tenetur. Facilis excepturi laboriosam reiciendis similique in praesentium at. Consequatur nostrum sequi magnam vel voluptates nihil assumenda vel. Recusandae a placeat quo doloribus animi qui tempora exercitationem.', 7614.36, 3, 34, '2020-08-22 05:44:51', '2020-09-12 03:40:34', NULL),
	(92, 'Recogida de recetas', 'Nostrum culpa veritatis molestiae. Ratione et qui aut quam illo ipsam. Est officiis repellendus molestiae excepturi in. Vero consequatur et dolor voluptas nulla et quia.', 2155.23, 151, 44, '2020-08-26 20:15:33', '2020-09-25 06:52:33', NULL),
	(93, 'Otro', 'Dicta earum rerum sed iusto et fuga. Est est provident aliquam perferendis ut dolor. Illo voluptatem quo sed reiciendis ut veritatis sit.', 6487.81, 105, 27, '2020-08-24 02:06:20', '2020-09-18 12:59:36', NULL),
	(94, 'Fruta seca', 'Voluptatem iusto dicta necessitatibus. Maiores aspernatur nesciunt quae id. Ad sit neque illo commodi et harum quo asperiores.', 305.54, 116, 47, '2020-08-22 10:12:11', '2020-09-03 17:49:41', NULL),
	(95, 'Jabón de baño', 'Pariatur dolorem reiciendis quisquam voluptatem ad dolorem. Debitis qui ducimus similique perferendis consequatur reiciendis laboriosam. Aut accusamus laboriosam et dolores excepturi consequatur. Eaque neque ut voluptatibus nostrum velit.', 3851.16, 53, 39, '2020-08-30 17:49:30', '2020-09-23 03:00:22', NULL),
	(96, 'Noche de chile', 'Aut quidem vel aliquid hic recusandae possimus. Est est omnis sunt provident. Consequatur odio doloremque possimus. Accusamus nobis quos sit temporibus voluptatem.', 2426.36, 173, 25, '2020-08-27 06:24:53', '2020-09-09 03:11:47', NULL),
	(97, 'Menta', 'Sint explicabo non sunt dolorem vel alias doloribus. Ut molestiae optio accusantium perferendis tenetur quas in.', 5232.64, 61, 38, '2020-08-21 05:57:55', '2020-10-06 15:10:11', NULL),
	(98, 'Ostras', 'Aut id consequatur voluptas. Consequuntur voluptate quia corrupti ut inventore cupiditate. Distinctio consequatur corrupti ut reiciendis dolorum sit numquam.', 8453.34, 63, 32, '2020-08-31 13:58:00', '2020-09-07 23:25:00', NULL),
	(99, 'Chicle', 'Rerum alias iusto vel qui voluptatum rerum. Quo dignissimos rerum deleniti veritatis et voluptas sint. Et autem corporis sunt rerum maiores error temporibus.', 1945.51, 188, 12, '2020-08-21 06:46:09', '2020-10-05 10:03:07', NULL),
	(100, 'Motivo', 'Eius omnis pariatur tempora repellat. Occaecati nihil nam sapiente. Et harum dolore et omnis.', 7960.15, 185, 46, '2020-08-21 06:48:53', '2020-10-06 06:48:08', NULL),
	(101, 'Toallitas', 'Quidem provident natus repellendus doloribus. Nesciunt eum harum ullam eius. Magni accusantium ex aut aut amet. Odit voluptas et adipisci sint sed fugiat ullam.', 9851.27, 106, 4, '2020-08-15 13:34:35', '2020-10-04 06:28:57', NULL),
	(102, 'Queso', 'Id id iure repellendus molestias occaecati velit. Minima et vel dolores ab tempora eveniet sequi ullam. Illum ad tempora excepturi et quia qui eum corporis. Et adipisci laudantium laborum aut et aliquam.', 9900.42, 56, 39, '2020-08-27 07:02:54', '2020-09-01 06:42:07', NULL),
	(103, 'Chip dip', 'Voluptates odio commodi architecto. Magni voluptatem sit eum adipisci modi ducimus sed. Nihil eaque et quasi repellat nemo.', 5727.67, 97, 35, '2020-08-30 07:27:53', '2020-09-21 12:27:28', NULL),
	(104, 'Semillas de nuez', 'Omnis dolorum a ut minus. Exercitationem est exercitationem est quia temporibus ut ut. Aperiam velit earum quia et sint saepe. Est totam ut qui ducimus quam accusamus omnis.', 6039.45, 72, 9, '2020-08-21 19:28:11', '2020-09-05 00:37:38', NULL),
	(105, 'Aguacates', 'Totam sunt suscipit sunt nam non non ipsa. Quis repellat adipisci voluptatum sint. Dolorem earum accusamus nisi provident nisi ut est.', 650.35, 140, 38, '2020-08-29 06:44:12', '2020-09-06 05:37:11', NULL),
	(106, 'Lápices', 'Ullam quia exercitationem dicta dolore sed. Recusandae sunt deleniti id enim veritatis soluta. Non quia ipsa at deleniti perferendis.', 7764.18, 11, 43, '2020-08-29 04:34:45', '2020-09-01 16:51:12', NULL),
	(107, 'Jabón para lavavajillas', 'Et veritatis explicabo voluptas excepturi harum rem dignissimos. Rerum sint itaque unde voluptas distinctio rerum. Iusto rem et dicta magni et.', 7885.31, 15, 24, '2020-08-28 06:24:30', '2020-09-25 17:34:32', NULL),
	(108, 'Huevos', 'Id vel qui dolorem accusamus dolores in. Voluptates vel pariatur consequatur tempora dolor incidunt assumenda at. Maxime assumenda voluptates consequatur voluptatum reiciendis aut.', 8340.02, 69, 6, '2020-08-15 18:55:48', '2020-10-05 23:28:05', NULL),
	(109, 'Pavo', 'Velit fugiat tenetur in adipisci dolor vero sit rem. Odit quod dolor alias quia exercitationem.', 9895.51, 125, 47, '2020-08-31 11:18:14', '2020-09-18 22:53:20', NULL),
	(110, 'Brócoli', 'Sunt voluptatem recusandae unde nulla incidunt. Harum eos et dolores. Inventore ea occaecati sunt ut qui qui aut. Consequatur quo quia corporis deserunt nobis repudiandae aut.', 4266.29, 81, 30, '2020-08-25 03:29:21', '2020-09-10 14:02:42', NULL),
	(111, 'Soda', 'Aut nostrum voluptas ducimus. Et quia quidem alias commodi et excepturi a. Impedit nemo eum ut est ut. Modi modi nulla quisquam accusamus.', 6940.11, 142, 13, '2020-08-21 23:23:55', '2020-10-06 13:43:34', NULL),
	(112, 'Cenas de TV', 'In quam reprehenderit beatae aliquid. In sed at ipsa et qui dolor. Ea et facere vel nemo quis. Assumenda necessitatibus placeat atque voluptatem et illo.', 5882.80, 27, 43, '2020-08-20 05:18:39', '2020-10-05 10:07:51', NULL),
	(113, 'congelador', 'Voluptas et a corrupti est enim aperiam error. Iure harum aut explicabo ea. Odio qui voluptas labore.', 5711.87, 93, 47, '2020-08-28 02:26:04', '2020-09-04 20:24:19', NULL),
	(114, 'Enjuague bucal', 'Assumenda beatae eum dolor consequatur est sed voluptas. Est molestiae velit facere eaque voluptatem soluta ut. Est animi et quia et sed.', 955.07, 100, 14, '2020-08-19 06:54:41', '2020-09-26 21:35:23', NULL),
	(115, 'Pimientos', 'Nobis aut dolor repudiandae eligendi rerum debitis nesciunt. Ut eum et asperiores accusantium. Qui et laboriosam id. Accusantium ipsa molestias et incidunt libero.', 5463.29, 198, 31, '2020-08-16 20:06:17', '2020-09-27 22:42:12', NULL),
	(116, 'Mezcla de panqueques', 'Vitae molestiae consequatur unde aliquam qui ipsum voluptatibus. Totam illo fugiat ipsum qui. Ea rem quisquam explicabo labore esse minima sed. Nisi autem minima consequuntur. Magni quidem asperiores culpa aut magnam.', 1199.67, 130, 27, '2020-08-19 00:51:21', '2020-09-29 19:10:16', NULL),
	(117, 'Jengibre', 'Non similique molestiae aliquid. Minima distinctio perferendis at fugit quidem et et. Voluptas nostrum quibusdam iste possimus. Blanditiis cupiditate culpa ratione voluptates libero deserunt. Vitae suscipit quasi adipisci aliquid.', 6707.00, 79, 46, '2020-08-17 03:14:31', '2020-09-26 00:57:52', NULL),
	(118, 'Pañuelo facial', 'Distinctio quo voluptatem rerum omnis amet corporis sit. Qui molestias voluptates corporis. Ut cupiditate non delectus expedita earum quasi. Minus excepturi est ut consequatur.', 7902.19, 33, 15, '2020-08-30 03:34:28', '2020-09-30 23:29:23', NULL),
	(119, 'Melón', 'Doloribus excepturi tenetur aut ab. Sint impedit vel ea ducimus ducimus exercitationem ad. Et voluptatum perferendis ab corporis recusandae nisi necessitatibus. Rem possimus quo dolorem quidem deserunt iure quasi. Inventore est sit fugit et dolorem illum consequatur.', 2573.39, 137, 34, '2020-08-24 11:54:22', '2020-09-30 17:32:47', NULL),
	(120, 'Salchicha', 'Dicta laborum enim consequuntur voluptates itaque sit eos. Et id quas reprehenderit. Nihil nihil recusandae distinctio ut.', 3750.16, 185, 31, '2020-08-31 06:07:47', '2020-09-07 15:29:01', NULL),
	(121, 'Tocino', 'Modi explicabo amet voluptatum nesciunt animi et et. Omnis recusandae modi vel nobis atque vel provident. Facilis labore temporibus ut laudantium dolorum. Temporibus et quia temporibus eligendi rerum.', 4214.16, 29, 32, '2020-08-25 06:00:20', '2020-10-04 14:24:02', NULL),
	(122, 'Hongos', 'Necessitatibus quo culpa quam assumenda ab occaecati voluptas. Perferendis omnis nulla rerum voluptatem quam aperiam omnis.', 6157.41, 111, 6, '2020-08-20 21:48:39', '2020-09-18 14:19:19', NULL),
	(123, 'Mejillones', 'Consequatur ex ipsa voluptas dolorem architecto sed. Non quo reiciendis eos ullam. Et nihil libero non ut culpa ex. Voluptates cum eveniet iure numquam.', 4622.10, 54, 9, '2020-08-25 00:05:20', '2020-09-30 09:30:53', NULL),
	(124, 'Squash', 'Quis nemo provident et voluptatem quos quibusdam ut sapiente. Iusto in eligendi molestiae et. Nihil ipsam doloremque ducimus natus.', 2699.00, 81, 33, '2020-08-16 21:39:47', '2020-09-27 11:36:44', NULL),
	(125, 'Varios comestibles', 'Qui occaecati quis et impedit minima dolore eos. Aperiam suscipit commodi est sunt est nihil. Quibusdam quasi in et aut inventore aut cum. Fuga laudantium quidem occaecati voluptas. Odit illum laborum est.', 4673.19, 21, 18, '2020-08-18 19:14:00', '2020-09-09 12:15:39', NULL),
	(126, 'Mantequilla de maní', 'Reiciendis veniam rerum deleniti incidunt beatae. Quaerat optio delectus molestias repellendus quasi. Quo officiis tempora atque unde ducimus eum. Nulla omnis nemo est qui eius.', 7194.75, 193, 33, '2020-08-25 18:29:22', '2020-09-30 05:16:23', NULL),
	(127, 'Sellos', 'Facere explicabo rerum ut eveniet et et earum. Dicta cumque suscipit provident est. Unde numquam doloremque et libero magni et sunt.', 4096.94, 52, 25, '2020-08-28 04:23:25', '2020-10-03 06:07:34', NULL),
	(128, 'Pizza', 'Qui excepturi voluptatem quo quasi quia beatae. Temporibus voluptatum veniam qui nulla. Non qui quia animi suscipit ut nobis fugiat. Architecto sapiente id nihil nihil tenetur.', 1838.13, 67, 27, '2020-08-18 08:58:27', '2020-09-19 16:14:56', NULL),
	(129, 'Vitaminas', 'Et ut consectetur in officia. Et molestiae possimus ut rerum et adipisci. Qui sit voluptas vitae et dicta. Voluptatem corporis aut qui corrupti aut porro culpa aut.', 2815.71, 120, 12, '2020-08-17 10:15:51', '2020-10-02 18:29:23', NULL),
	(130, 'Coba', 'Et nesciunt sed nihil ea. Non id accusantium et voluptas sunt deserunt molestiae. Voluptatem pariatur voluptatum minima veniam maiores minus repellat. Sunt suscipit modi tempora tenetur eligendi. Harum possimus et sit optio possimus quia.', 9352.53, 93, 8, '2020-08-26 04:52:03', '2020-09-12 04:26:47', NULL),
	(131, 'Lechuga', 'Exercitationem quis excepturi sint aperiam repellat. Debitis nulla possimus quasi. Totam rerum in omnis dolor pariatur illum.', 7345.34, 77, 18, '2020-08-29 20:16:57', '2020-10-02 18:59:11', NULL),
	(132, 'Cosas de bebe', 'Neque magnam voluptatem corporis. Quia dolores distinctio voluptates reiciendis necessitatibus. Ipsam possimus esse fugit sapiente.', 9485.80, 193, 42, '2020-08-31 07:40:05', '2020-09-18 01:05:08', NULL),
	(133, 'Noche de espaguetis', 'Autem molestiae sed sed est rerum tempore praesentium. Quam ut enim hic molestiae perspiciatis. Quia saepe laudantium itaque praesentium aut illo ea. Quaerat enim incidunt eos. Labore aut dolor vero ipsa non nemo eius et.', 5170.08, 160, 13, '2020-08-31 15:52:01', '2020-09-01 13:26:34', NULL),
	(134, 'Shampoo Acondicionador', 'Eligendi facere deserunt doloremque. Quia rerum molestiae magni harum molestiae velit. Cupiditate minima animi sunt velit nihil et quia.', 6895.67, 61, 20, '2020-08-27 07:24:42', '2020-10-03 04:30:25', NULL),
	(135, 'Cerezas', 'Ut qui voluptas atque tempore dolore rerum quaerat reprehenderit. Id iusto at voluptatum autem corrupti neque. Repellat iure placeat ut ut et. Officiis vel enim quas distinctio.', 924.63, 124, 41, '2020-08-28 11:31:46', '2020-09-21 23:11:28', NULL),
	(136, 'Comidas envasadas Carne', 'Quas ut quas nemo et. Amet quas quos occaecati. Quo officiis animi sed blanditiis ad odio alias.', 7290.79, 32, 47, '2020-08-27 06:51:31', '2020-09-07 23:25:35', NULL),
	(137, 'Jamón', 'Voluptas laudantium et quis enim eligendi. Facere et nulla ut quaerat nam qui consequatur. Repudiandae dolore dolorem architecto dolores. Voluptatibus deleniti quidem debitis eos dolorem id dolorem.', 9376.84, 145, 38, '2020-08-24 22:54:25', '2020-10-05 13:35:30', NULL),
	(138, 'Repelente de insectos', 'Libero ex qui enim cupiditate. Quasi molestiae expedita fuga est minima mollitia ut.', 9566.74, 9, 19, '2020-08-17 02:43:35', '2020-09-02 08:41:45', NULL),
	(139, 'Vino tinto', 'Dolor vitae est maiores tenetur. Placeat laboriosam est et quibusdam. Vero aliquid temporibus porro voluptatum cupiditate. Hic ut fugit quibusdam.', 6767.13, 111, 46, '2020-08-27 13:39:13', '2020-09-14 08:44:36', NULL),
	(140, 'Mop head', 'Exercitationem neque minima consequuntur eligendi nihil ex explicabo. Accusantium modi tempore quos est nostrum tempora. Est et omnis velit sint ut voluptas iusto.', 8827.76, 45, 26, '2020-08-23 03:23:12', '2020-09-04 01:03:47', NULL),
	(141, 'Pan rebanado', 'Eius unde voluptas esse eos. Sit cupiditate dolores ut quia eos id ut. Reiciendis animi id id illo. Sequi consequatur nesciunt commodi quo voluptate.', 7318.28, 197, 30, '2020-08-18 06:37:31', '2020-09-08 07:33:41', NULL),
	(142, 'Bloc de notas', 'Esse non explicabo rerum animi et consectetur. Itaque consequuntur et eum laborum quasi.', 3412.60, 109, 3, '2020-08-18 15:03:44', '2020-09-06 18:08:26', NULL),
	(143, 'Suplementos', 'Voluptatem nam eos facilis et blanditiis voluptate. Atque pariatur quia dolorem fugiat sint vitae.', 3531.74, 127, 15, '2020-08-28 06:52:25', '2020-09-27 06:23:12', NULL),
	(144, 'Harina', 'Error pariatur laudantium repellat rerum soluta. Assumenda sit ea odio qui molestias. Quo corporis autem nihil.', 5918.97, 127, 2, '2020-08-21 09:48:18', '2020-09-07 20:08:43', NULL),
	(145, 'Maíz', 'Explicabo est delectus a ducimus dolorem consequuntur. Rerum ea quo suscipit repellat id. Et ab id ea quae quos id. Eum ex libero aut sint.', 8036.14, 52, 42, '2020-08-29 21:38:17', '2020-09-16 03:34:01', NULL),
	(146, 'Mezcla de pastel', 'Ipsa animi earum repellendus quod aperiam. Ut excepturi temporibus aut iste nesciunt hic porro. Deserunt iusto accusamus explicabo delectus ipsum. Rerum molestias repellat voluptatibus possimus labore non id.', 3498.98, 116, 33, '2020-08-27 17:00:23', '2020-09-04 01:22:32', NULL),
	(147, 'Olivos', 'Eum eum corporis incidunt qui et quod numquam. Adipisci est esse iure et quia. Quaerat architecto quibusdam assumenda est reprehenderit. Quo et sapiente nisi recusandae minima.', 3506.66, 176, 5, '2020-08-28 04:53:59', '2020-09-22 12:42:33', NULL),
	(148, 'Frijoles horneados', 'Officia hic officia dolore architecto sit incidunt. Deleniti ea expedita esse et incidunt. Cum id in et aut voluptatum quod. Cupiditate nam aut ut libero quia. Quis qui voluptatem dolorum voluptate neque sed.', 2579.76, 151, 18, '2020-08-22 03:17:24', '2020-09-12 00:14:57', NULL),
	(149, 'Zanahorias', 'Voluptatem voluptatum aut neque at explicabo minima nemo. Laborum dolores ex dolores quam. Et ipsum omnis sed corporis.', 302.88, 169, 24, '2020-08-20 00:38:36', '2020-09-04 13:47:46', NULL),
	(150, 'Aderezo para ensaladas', 'Voluptatum debitis distinctio fugiat nulla architecto quo consequatur. Esse id nemo provident saepe dolorum iste. Non earum nostrum omnis recusandae.', 4938.65, 152, 24, '2020-08-24 22:42:20', '2020-09-19 11:46:20', NULL),
	(151, 'Bolsas de basura', 'Non quis distinctio voluptatem commodi et aliquid quam aut. Sint voluptatem sit aliquid ab qui ab. Rerum et est amet sed nihil aut. Et temporibus quia iusto dolor.', 2482.37, 14, 12, '2020-08-27 09:52:12', '2020-09-28 18:22:50', NULL),
	(152, 'Limpiador de vidrio', 'Debitis deserunt eius alias fugiat delectus dolor molestiae doloremque. Repellat repellat dolor fugit voluptatem. Dolores voluptatem nihil sint sint. Rerum nam qui ullam sint porro iste accusamus.', 8296.50, 45, 9, '2020-08-18 02:31:00', '2020-09-06 03:20:04', NULL),
	(153, 'Espárragos', 'Ut molestiae et dolorem optio corrupti. Tenetur fugiat odit voluptatem voluptate. Ea quia rem ut repellendus. Amet aut maxime exercitationem sunt omnis cupiditate.', 2390.28, 170, 45, '2020-08-17 04:24:56', '2020-10-06 17:12:18', NULL),
	(154, 'Pimienta negra', 'Incidunt in nobis omnis enim distinctio. Necessitatibus perferendis cupiditate qui et inventore quasi qui eveniet. Et magni sunt sint debitis dignissimos in a. Et nihil hic dolores.', 6866.72, 9, 20, '2020-08-27 01:36:31', '2020-10-04 13:51:43', NULL),
	(155, 'Carcinógenos de levadura', 'Ratione enim error ipsum rerum voluptates fugiat quia. Exercitationem accusantium perferendis officia veritatis. Et earum natus laudantium quas quod sit est.', 5680.86, 40, 5, '2020-08-28 23:47:46', '2020-09-14 21:23:37', NULL),
	(156, 'Mostaza', 'Eveniet doloremque est quas nulla. Dolores doloremque debitis porro veniam adipisci debitis necessitatibus enim. Libero omnis reiciendis error earum rerum.', 2463.87, 79, 35, '2020-08-19 20:39:29', '2020-09-17 14:55:58', NULL),
	(157, 'Mayonesa', 'Velit voluptatem earum voluptatem provident rerum laudantium eius. Illo reiciendis aut dignissimos repellat et quia. Labore consequatur est expedita quam. Velit autem voluptatibus labore.', 4116.20, 18, 4, '2020-08-26 19:25:02', '2020-10-03 02:03:53', NULL),
	(158, 'Bálsamo labial', 'Nihil pariatur tenetur quam et dolor officia rerum. Et maiores consequatur fugiat adipisci. Est quo quis laborum nihil explicabo autem.', 593.74, 100, 21, '2020-08-24 07:18:31', '2020-09-16 09:55:53', NULL),
	(159, 'Jarabe', 'Quia molestias quo iure fugit eaque magnam tempora saepe. Accusamus aliquid id voluptatibus inventore eligendi quia totam velit. Doloribus suscipit temporibus repellat eos.', 8106.43, 174, 33, '2020-08-29 02:12:11', '2020-09-29 22:00:03', NULL),
	(160, 'Tonic', 'Labore amet veniam asperiores non quasi. Ipsam qui voluptatem reiciendis dolorem consectetur. Ut est reiciendis voluptas molestiae voluptatem nesciunt. Fuga eius provident necessitatibus placeat quae.', 6053.34, 123, 49, '2020-08-27 07:34:01', '2020-10-05 00:51:22', NULL),
	(161, 'Analgésico', 'Deserunt non molestias dolorum quia eligendi eligendi. Et atque voluptatem sint molestiae provident. Pariatur maiores voluptatum id exercitationem.', 7560.23, 133, 42, '2020-08-21 06:29:33', '2020-09-13 18:20:37', NULL),
	(162, 'Hisopos', 'Quia deleniti et et. Sed iure magnam dolor. Et harum tenetur necessitatibus. Repudiandae ut quis et et praesentium.', 1432.18, 183, 36, '2020-08-21 01:27:54', '2020-09-07 04:22:31', NULL),
	(163, 'Crema de afeitar', 'Et dignissimos illum repellendus ipsam. Voluptatem temporibus rem qui sint. Eum eligendi et minima quod facere officia. Sint in nihil hic saepe animi facilis.', 2429.80, 106, 45, '2020-08-26 03:01:33', '2020-09-03 03:47:57', NULL),
	(164, 'Perritos calientes', 'Qui cupiditate fugiat ut unde. Sequi unde aspernatur doloribus iste consequatur delectus rerum cum. Et officia est dolorum.', 798.62, 78, 32, '2020-08-28 19:35:49', '2020-09-05 13:13:56', NULL),
	(165, 'Patatas fritas', 'Eos quam laboriosam sunt. Consequatur sed dolore molestiae iste cum. Aut et commodi qui velit voluptas et. Aspernatur saepe voluptates sit sunt numquam voluptatem repellendus voluptas. Omnis dolorum in aut rerum et quo libero minima.', 3803.86, 1, 31, '2020-08-28 05:16:15', '2020-09-30 08:10:57', NULL),
	(166, 'Salmón', 'Minus reprehenderit eum perferendis fugiat deserunt. Consequatur sit quo possimus totam. Fugit quia repudiandae voluptates. Amet et deserunt velit commodi sunt architecto provident mollitia.', 4988.12, 84, 11, '2020-08-29 01:22:23', '2020-09-26 15:30:24', NULL),
	(167, 'Limones', 'Illo harum iure eum itaque. Dolores quibusdam facilis deserunt autem eum tempore. Quibusdam hic et non sit.', 7459.27, 178, 3, '2020-08-29 08:11:41', '2020-09-04 21:00:59', NULL),
	(168, 'Sorbete', 'Sint et officia sint. Sequi enim blanditiis quibusdam magnam dolorem possimus et blanditiis. Quia in quaerat expedita non. Veniam est molestiae qui quia dolorem ex accusantium.', 9728.28, 84, 27, '2020-08-29 12:31:50', '2020-09-25 00:10:04', NULL),
	(169, 'Atún', 'Voluptatum sit ipsum voluptatem quibusdam voluptatem quas occaecati. Error et minima nesciunt autem. Sit voluptatem totam et voluptatem quia et deserunt voluptas. Reprehenderit eos est reprehenderit maxime.', 1368.52, 121, 9, '2020-08-26 06:40:53', '2020-09-07 13:25:17', NULL),
	(170, 'Carne de almuerzo', 'Aut quibusdam velit vel cupiditate est laudantium. Voluptas sit earum aliquam in. Error eos aut ratione quod. Consequuntur id adipisci eum minima illum.', 9888.05, 85, 9, '2020-08-18 04:22:00', '2020-09-23 05:21:46', NULL),
	(171, 'Automotor', 'Totam magnam rerum omnis rerum. Perspiciatis vel consectetur dolorem qui dolorem. Exercitationem perspiciatis voluptas commodi sequi. Et dolores unde est omnis soluta nemo est.', 3504.06, 155, 36, '2020-08-17 11:42:12', '2020-09-11 09:23:18', NULL),
	(172, 'Alergia', 'Qui tenetur ipsum sint natus vero aliquid. Temporibus cum repellendus unde autem minima. Ea ab eos nisi id.', 7566.06, 101, 30, '2020-08-23 22:47:17', '2020-09-23 03:16:32', NULL),
	(173, 'Toallas de papel', 'Et vel rerum molestiae atque tempora. Mollitia laboriosam dolorem doloremque non. Eos quisquam ad molestiae quasi. Et quae blanditiis consequatur ea.', 3651.55, 150, 21, '2020-08-30 17:48:48', '2020-09-30 18:17:27', NULL),
	(174, 'Macarrones con queso', 'Placeat sint modi sed optio laboriosam. Sint suscipit hic voluptatem aut. Quisquam quasi placeat odit ut recusandae sit. Neque laudantium praesentium perspiciatis ea commodi reprehenderit vel. Et distinctio facilis ut provident iusto asperiores.', 8412.91, 65, 24, '2020-08-23 09:50:33', '2020-09-04 12:33:55', NULL),
	(175, 'Queso cottage', 'Eveniet iste dolorem delectus veritatis aut. Magnam et ipsum cum occaecati. Velit inventore sit doloremque vel assumenda vero rem. Est delectus quis ipsam sed magni eum tenetur.', 7899.07, 53, 5, '2020-08-22 07:48:38', '2020-09-15 11:37:56', NULL),
	(176, 'Whisky', 'Ut explicabo ea harum ut velit maiores hic. Ipsum veniam quod qui voluptatibus modi corrupti. Omnis dolor est neque id delectus quisquam.', 313.69, 189, 9, '2020-08-16 04:27:39', '2020-09-06 15:20:18', NULL),
	(177, 'Espinacas', 'In deserunt excepturi deserunt eius sit possimus nobis voluptas. Est molestiae qui eum voluptas distinctio. Officia esse dolore molestiae laudantium consequatur ut. Voluptate non vel nihil.', 268.53, 4, 33, '2020-08-24 20:34:16', '2020-09-05 14:50:20', NULL),
	(178, 'Papel de imprimir', 'Quisquam eius ut sint id doloribus sed. Id aut deleniti quis ducimus provident. Facilis eaque ea nam qui laboriosam exercitationem accusantium. Iste autem qui voluptatibus ipsa consequuntur.', 9625.79, 120, 35, '2020-08-20 07:43:40', '2020-09-18 08:55:12', NULL),
	(179, 'Pimiento rojo', 'Ipsam voluptatibus officia omnis ab. Quo maiores praesentium error quibusdam culpa minus. Quia minus sint consectetur modi eveniet et. Officiis eveniet quasi sapiente fugit similique laudantium commodi repudiandae. Et est incidunt dicta dolor natus quo nisi.', 686.02, 53, 19, '2020-08-25 16:52:09', '2020-09-20 05:55:20', NULL),
	(180, 'Cigarrillos', 'Et quae fugiat aut repudiandae reiciendis. Totam modi ut unde voluptatem exercitationem amet eveniet. Quis eos suscipit porro dolore accusamus corrupti ea.', 5275.48, 88, 8, '2020-08-30 23:02:36', '2020-09-30 11:32:31', NULL),
	(181, 'Bagels', 'Est omnis odit aspernatur unde reprehenderit ipsum ab sunt. Totam officia corrupti earum autem velit aut laudantium et. Perspiciatis veniam quia laudantium et.', 5645.21, 15, 37, '2020-08-22 00:53:50', '2020-09-04 23:09:18', NULL),
	(182, 'Café', 'Reiciendis enim et pariatur doloremque sunt aspernatur. Et quo iste neque maxime. Sunt quod adipisci consequuntur et porro labore qui. Ex consectetur quia repellat est ut.', 288.99, 97, 31, '2020-08-22 09:53:21', '2020-09-09 02:17:09', NULL),
	(183, 'Polvo de hornear', 'Nemo blanditiis similique error quo molestias enim aspernatur. Eos eos ab iusto id non quidem.', 2130.93, 100, 35, '2020-08-18 13:44:43', '2020-09-25 12:58:46', NULL),
	(184, 'Amianto', 'Voluptatibus vel sint voluptate. Soluta doloremque dicta assumenda iste.', 7270.64, 83, 34, '2020-08-26 11:04:57', '2020-09-26 09:44:12', NULL),
	(185, 'Feta', 'Nihil qui fuga eaque quidem ipsam. Eum accusamus ut beatae. Quibusdam quibusdam rerum ut sit.', 7439.82, 196, 5, '2020-08-29 21:53:25', '2020-09-26 21:11:13', NULL),
	(186, 'Cinta adhesiva', 'Non occaecati id et quam odit vitae. Cumque saepe et perferendis culpa voluptatem harum omnis. Non nemo in corporis nostrum laborum quasi. Dignissimos omnis quod saepe.', 7572.92, 95, 36, '2020-08-19 06:59:34', '2020-10-03 06:36:38', NULL),
	(187, 'Orégano', 'Assumenda quis veniam minima quas minus et magni. Id dignissimos maiores fugit consequatur sunt iste. Rerum reprehenderit ut nemo molestias architecto quis inventore. Dolor deleniti sed est sint accusantium nostrum molestias.', 2272.31, 172, 27, '2020-08-23 15:59:02', '2020-09-08 03:59:24', NULL),
	(188, 'Pastel', 'Illum ut dolorum qui doloribus. Distinctio fuga repudiandae minima deleniti rem. Eius quibusdam recusandae qui est dolores esse. Iste omnis nihil inventore illum et recusandae.', 2556.24, 72, 46, '2020-08-27 11:27:58', '2020-09-04 06:47:37', NULL),
	(189, 'Congelado', 'Rerum ex voluptatem esse qui. Quia aut officiis enim voluptatem reprehenderit qui. Sequi perferendis nulla voluptas eos.', 4448.65, 101, 16, '2020-08-28 08:33:08', '2020-09-25 02:38:47', NULL),
	(190, 'Comida', 'Sit fuga quibusdam nobis perferendis pariatur. Dolore sapiente ratione aut quisquam laudantium asperiores. Perferendis cupiditate dolores illum consequuntur repellendus numquam. In velit porro enim non architecto non iste. Error sed aut impedit velit ullam aut aliquam rerum.', 618.51, 121, 2, '2020-08-18 15:40:25', '2020-09-24 13:32:00', NULL),
	(191, 'Mascotas del ron', 'Minus officia veritatis quae. Quo et quo ullam rerum eaque odit. Voluptatem aut velit quo cum impedit itaque placeat. Eveniet ut et rerum voluptas dignissimos deleniti.', 8843.99, 151, 37, '2020-08-22 13:56:51', '2020-09-04 16:54:39', NULL),
	(192, 'Azúcar', 'Molestias nostrum eius deleniti. In itaque et esse alias in. Aliquid autem facere expedita rerum.', 2129.19, 38, 33, '2020-08-26 12:38:27', '2020-09-07 22:25:30', NULL),
	(193, 'Turquía', 'Et exercitationem dolores eveniet minima adipisci id. Odio recusandae qui quidem eveniet rerum similique. Tempore ipsam hic natus ut tempora atque dolor. Beatae sint consequuntur et et. Distinctio laudantium tempore dolorum a temporibus est nostrum.', 9240.76, 46, 37, '2020-08-22 11:27:53', '2020-09-21 14:18:36', NULL),
	(194, 'Bombillas', 'Expedita et perspiciatis qui totam. Amet eos unde ipsa provident quis sint debitis velit.', 578.74, 71, 40, '2020-08-26 00:40:48', '2020-09-04 09:08:40', NULL),
	(195, 'Salsa de soja', 'Ipsa rem et praesentium occaecati dolor atque. Quidem consectetur non maiores sit. Sequi veniam est officiis dolores unde iste quis.', 1733.72, 76, 13, '2020-08-21 18:49:49', '2020-09-04 07:04:31', NULL),
	(196, 'Perejil', 'Nostrum voluptas in sunt esse odit asperiores ea. Quasi repudiandae tempore ducimus vero repellat quia laudantium.', 9794.49, 25, 11, '2020-08-21 22:41:00', '2020-09-13 03:10:05', NULL),
	(197, 'Verduras', 'Possimus autem consequatur adipisci distinctio qui. Cupiditate et suscipit saepe repudiandae culpa. Suscipit quas occaecati recusandae. Officia totam tempora eos.', 8181.91, 100, 50, '2020-08-18 13:29:41', '2020-09-13 01:21:42', NULL),
	(198, 'Queso Cheddar', 'Quo et ratione quis est suscipit eos. Quidem enim quo itaque maiores eum. Repellendus expedita occaecati consequuntur ipsam dolores totam ad.', 1393.56, 86, 30, '2020-08-16 14:30:22', '2020-09-24 22:18:27', NULL),
	(199, 'Esponjas', 'Unde est voluptatem fugit odit iure voluptatem eos. Omnis aut facilis ullam harum esse. Placeat debitis aut quam perferendis beatae et eius. Dignissimos quas fuga molestiae animi. Eligendi ea accusamus sint ea eos enim.', 1673.12, 81, 14, '2020-08-19 06:46:23', '2020-10-03 11:00:53', NULL),
	(200, 'Miel', 'Voluptas ipsa quae quisquam qui recusandae incidunt aliquam. Laborum accusantium quis cum voluptas fugit eveniet. Quaerat architecto velit voluptate ipsam dicta voluptas atque.', 4213.15, 65, 12, '2020-08-20 05:51:21', '2020-09-09 20:57:14', NULL),
	(201, 'Patatas', 'Quia aut sed earum odit. Rerum impedit dignissimos odit dicta dolore velit. Consequatur dicta eos veniam. Sit enim nobis saepe a culpa voluptas.', 2980.73, 73, 48, '2020-08-17 03:55:31', '2020-09-16 12:04:16', NULL),
	(202, 'Limas', 'Sunt aliquam rem quae illo voluptatem culpa architecto. Quisquam praesentium est consectetur possimus. Earum et omnis consequatur. Ea non pariatur odit delectus consequatur accusantium.', 8504.48, 132, 38, '2020-08-18 00:12:59', '2020-09-18 00:01:09', NULL),
	(203, 'Bolígrafos', 'Voluptate soluta saepe aut delectus dolor delectus. Occaecati quae quo velit quas nemo. Dolore blanditiis rerum aut doloribus aliquam quae rerum.', 7075.34, 156, 36, '2020-08-16 12:29:01', '2020-09-10 23:39:31', NULL),
	(204, 'Panes listos para hornear', 'Aliquid consequatur velit ratione quis iusto modi cupiditate. Expedita explicabo rerum sit placeat quo ea possimus. Fugit ad ea quia praesentium placeat aut labore et.', 8314.07, 53, 6, '2020-08-26 08:49:50', '2020-09-12 00:29:41', NULL),
	(205, 'Comida para bebé', 'Eum id id natus et. Corporis vel necessitatibus cum et. Error sint minus porro enim. Occaecati perspiciatis aut nostrum cumque dolor animi.', 9910.81, 159, 26, '2020-08-20 12:09:59', '2020-09-24 02:16:16', NULL),
	(206, 'Radionúclidos', 'Ut animi modi reprehenderit quod debitis ea voluptatum. Voluptatem accusantium facere commodi aut. Quam velit non deserunt. Error vel quae et enim consequatur odit dolor quod.', 5065.78, 24, 37, '2020-08-19 02:23:58', '2020-09-24 18:10:36', NULL),
	(207, 'Champú para mascotas', 'Facere repellat nulla molestias necessitatibus exercitationem esse earum id. Commodi amet ea quaerat odio magnam. Ducimus voluptas non aperiam numquam eligendi magni.', 6909.20, 88, 50, '2020-08-31 13:16:28', '2020-10-04 05:45:44', NULL),
	(208, 'golosinas para gatos', 'Qui aut ullam iste earum dicta aut iste voluptas. Consequuntur enim aliquam reprehenderit vitae. Neque iusto at sint aperiam corporis quia velit. Praesentium est aut ad inventore voluptatem culpa. Laudantium velit asperiores quos aut fugit nostrum eum.', 251.40, 115, 22, '2020-08-18 15:51:37', '2020-09-15 04:41:23', NULL),
	(209, 'Ciruelas', 'Blanditiis optio amet modi voluptatem cupiditate et. Consequatur aut voluptas delectus enim sit ipsam deleniti. Deleniti eum consectetur repellendus similique voluptates quisquam.', 5266.92, 78, 23, '2020-08-24 18:29:43', '2020-09-21 09:18:01', NULL),
	(210, 'Pepinos', 'Quaerat et delectus necessitatibus. Mollitia voluptas quo in ut ipsa enim. Quis aut veritatis nihil autem ad facere. Ex est tempore iusto suscipit est.', 4941.55, 162, 15, '2020-08-17 09:34:21', '2020-09-14 22:07:25', NULL),
	(211, 'Aceite vegetal', 'Eos tenetur doloremque voluptatibus quam quo. Nisi quisquam consequatur architecto corporis consequuntur ut. Quisquam sapiente similique sunt consequatur tempore soluta sapiente accusamus. Itaque aut repellat qui accusamus velit mollitia veritatis. Sed quos veniam animi porro.', 2853.70, 41, 49, '2020-08-24 09:18:48', '2020-09-14 00:33:29', NULL),
	(212, 'Comida para perros', 'Neque rerum magni ad magnam. Eius debitis doloremque similique incidunt. Ea sint consequuntur delectus perferendis debitis vel sint. Tempora distinctio alias vero vel itaque veniam explicabo.', 2151.11, 21, 25, '2020-08-16 05:12:50', '2020-09-15 08:58:01', NULL),
	(213, 'Champán', 'Officia ad veniam hic sit id quia. Necessitatibus et non fuga cumque quidem non sit. Veniam magni vel fugiat voluptates. Sit alias sit ex non.', 6200.67, 181, 2, '2020-08-24 23:05:51', '2020-09-25 00:30:54', NULL),
	(214, 'Canela', 'Minima repellendus dolorem dolorem quis et a. Iusto tempora nisi aut numquam aut. Rem deserunt quo est nostrum assumenda pariatur.', 161.78, 1, 32, '2020-08-28 11:26:17', '2020-09-08 19:58:23', NULL),
	(215, 'Productos femeninos', 'Nulla enim ut laudantium fugit quidem. Tempora dolor magni sed sequi hic non fugiat. Nostrum alias molestias quasi ea aut voluptas. Temporibus sed consequatur laborum.', 2384.96, 85, 32, '2020-08-19 23:21:21', '2020-10-01 15:23:54', NULL),
	(216, 'Chispas de chocolate', 'Omnis quis at ipsum similique nobis. Aut recusandae corrupti ut et sint similique. Odio quis earum eius et.', 901.63, 19, 1, '2020-08-19 09:24:37', '2020-09-08 04:53:42', NULL),
	(217, 'Donuts', 'Distinctio provident veniam non dolores. Molestiae aspernatur cumque rerum iste hic. Voluptatum a non earum aut facilis sunt. Voluptas error dolor at.', 7969.36, 106, 39, '2020-08-22 00:32:09', '2020-09-12 20:45:04', NULL),
	(218, 'Tortillas', 'Suscipit et eaque aut qui. Ad reiciendis eos repellat necessitatibus at quia corrupti. Aut illo doloremque exercitationem. Doloremque quia ea ipsum at voluptatem corporis.', 8703.79, 91, 19, '2020-08-29 09:50:14', '2020-09-17 03:09:03', NULL),
	(219, 'Cerveza', 'Voluptas ipsum adipisci voluptatibus dolores aut dolorem reiciendis. Molestiae recusandae et officiis. Delectus fuga laudantium repudiandae exercitationem. Est est explicabo pariatur.', 3957.90, 118, 17, '2020-08-19 07:03:09', '2020-09-08 06:47:28', NULL),
	(220, 'Papel encerado', 'Vitae tenetur officia dolore consequatur. Sapiente rerum fuga voluptate quo iste sed. Laborum quidem dolorem omnis non est ut dolorem. Nihil voluptatum ut impedit.', 1212.02, 14, 28, '2020-08-20 10:17:40', '2020-09-13 18:17:06', NULL),
	(221, 'Plátanos', 'Animi autem non et quis dolorem quisquam et hic. Vel dolor ut similique illo. Velit saepe et facere perspiciatis vero quasi.', 9401.64, 159, 40, '2020-08-15 22:58:24', '2020-09-30 01:09:25', NULL),
	(222, 'lima', 'Neque et eos quo eligendi. Enim veritatis sunt corrupti nobis ut et. Autem voluptas quae quas et. Sapiente eius perferendis consequatur rerum aut dolor sed voluptate.', 3158.44, 73, 46, '2020-08-15 07:43:42', '2020-09-03 12:42:31', NULL),
	(223, 'Navajas', 'Animi dolorem beatae ipsam minus. Quia fuga est tempore voluptatem. Delectus nisi voluptatibus enim aut voluptas omnis odit. Omnis occaecati consectetur odit autem id est quisquam.', 7287.73, 176, 25, '2020-08-17 21:50:46', '2020-09-05 00:12:22', NULL),
	(224, 'Uvas', 'Saepe porro maiores ut omnis. Itaque corporis dolores sapiente maxime sint vel. Aut deserunt quia rerum rem.', 6274.53, 107, 38, '2020-08-23 04:01:00', '2020-10-02 22:26:27', NULL),
	(225, 'Curitas', 'Iusto assumenda et eligendi culpa maxime. Animi vero nemo optio sit repudiandae. Vero dolorem debitis voluptatem eaque quibusdam aliquam.', 2546.67, 63, 2, '2020-08-22 16:06:54', '2020-09-17 22:58:14', NULL),
	(226, 'Cocina de pretzels', 'Deserunt dolorum voluptatem voluptatem sequi esse. Quae ea accusantium voluptatibus expedita. Vel laudantium iste et magni dolorum veritatis libero.', 607.02, 76, 16, '2020-08-19 15:21:23', '2020-09-08 00:07:32', NULL),
	(227, 'sobres', 'Suscipit qui quia et sed saepe sit. Iure consectetur in maiores et nihil est rerum. Est consequatur facilis alias et.', 8219.12, 0, 40, '2020-08-25 10:58:55', '2020-10-03 07:03:40', NULL),
	(228, 'Depuradores', 'Fugiat id sit minima quam ut qui est. Assumenda iure fugit sequi quae. Aspernatur ab vel eligendi ipsam.', 6197.61, 161, 48, '2020-08-17 02:34:03', '2020-09-11 23:59:58', NULL),
	(229, 'Cebollas', 'Tenetur voluptatibus non temporibus maxime temporibus magnam. Nihil minima rerum labore suscipit dolor rerum. Quia accusamus perspiciatis est quia ipsum est optio. Molestiae corrupti et recusandae est.', 9173.08, 23, 23, '2020-08-29 01:40:56', '2020-09-04 13:59:49', NULL),
	(230, 'Carnes en conserva', 'Non minus molestiae ut veritatis at. Praesentium sequi voluptatem magnam et. Non eum saepe ipsum assumenda quasi maiores ut nisi. Enim nam enim ea atque.', 2419.08, 130, 23, '2020-08-15 21:11:04', '2020-09-06 00:18:52', NULL),
	(231, 'Tofu', 'Dolor et nostrum maiores magni. Nisi rerum dignissimos rerum. Nihil dicta ut culpa ipsam deserunt eos.', 7622.76, 196, 34, '2020-08-15 07:46:54', '2020-09-13 12:07:49', NULL),
	(232, 'CDR', 'Vel qui dicta possimus qui sit. Aliquid sequi nisi dolor similique reprehenderit eius quam. Temporibus ullam a unde.', 6073.72, 154, 31, '2020-08-27 21:47:40', '2020-09-22 16:43:45', NULL),
	(233, 'Arroz', 'Qui ullam qui perspiciatis quia. Iste sed ipsum molestiae. Aut nisi magni tempore id possimus. Voluptate voluptatibus quia animi et dignissimos.', 2287.98, 194, 22, '2020-08-20 00:32:40', '2020-09-16 21:10:58', NULL),
	(234, 'Paletas de hielo', 'Consequatur vel enim suscipit vel similique quaerat repellat fugiat. Soluta sint porro perspiciatis cumque rem quaerat. Qui at porro incidunt dolores.', 2366.21, 167, 1, '2020-08-28 07:10:04', '2020-09-25 00:38:49', NULL),
	(235, 'Cloruro de vinilo', 'Et quo laudantium est et ut. Quibusdam deserunt blanditiis veniam et esse libero deleniti. Sed adipisci saepe nostrum sed occaecati quis commodi et.', 672.63, 66, 29, '2020-08-17 13:58:03', '2020-09-20 23:04:07', NULL),
	(236, 'Frutas frescas', 'Consectetur qui quis voluptatem qui saepe assumenda. Sit mollitia nesciunt mollitia quas. Dolores tempore aut cum sed et nesciunt. Sint accusamus nisi est optio qui ab.', 1027.66, 142, 48, '2020-08-18 17:35:15', '2020-10-06 04:51:03', NULL),
	(237, 'Chile', 'Laboriosam dolore similique eveniet reprehenderit. Est adipisci nisi optio. Rerum sed nemo enim nulla.', 9730.74, 148, 30, '2020-08-24 05:40:47', '2020-09-25 14:10:41', NULL),
	(238, 'Jugo de limón', 'Repellendus adipisci minima eius quasi et qui excepturi nihil. Sit incidunt labore architecto et reiciendis eveniet. Amet qui architecto non eligendi velit ex. Ex voluptates magnam nostrum maiores.', 9203.58, 26, 37, '2020-08-17 19:41:42', '2020-09-16 07:14:28', NULL),
	(239, 'Detergente', 'Quis esse rem ut ea. Tempora eum sit qui nobis voluptas est qui. Nostrum totam inventore odio sit ut magnam ut explicabo. Ratione quisquam minus asperiores quo provident illum nam commodi.', 3894.85, 149, 27, '2020-08-25 04:28:16', '2020-09-08 19:17:17', NULL),
	(240, 'Té', 'Commodi nam doloribus aliquid. Sit quia perspiciatis velit. Numquam deserunt sunt qui. Quis nostrum quia molestias culpa numquam.', 7993.18, 100, 43, '2020-08-27 18:36:17', '2020-09-13 12:52:20', NULL),
	(241, 'Salsa de bistec', 'Nihil optio in perferendis est placeat ratione. Aliquid iusto dolorem quis. Voluptatem quas odio id nihil. Quam possimus praesentium quisquam similique ut cumque ipsa.', 9531.25, 22, 50, '2020-08-21 00:36:52', '2020-09-28 13:54:50', NULL),
	(242, 'Papas', 'Ut ea et earum sint expedita. Magnam molestiae quae ab et. Repellendus praesentium magnam et. Sed soluta soluta quibusdam et vel dolor.', 5167.58, 149, 25, '2020-08-28 21:12:55', '2020-09-16 03:27:47', NULL),
	(243, 'Arena para gatos', 'Voluptatibus consequatur impedit voluptatibus sed nihil quia natus deserunt. Expedita dolorem provident earum et labore dolorem. Corrupti officiis harum quibusdam repellat eum.', 8745.24, 186, 13, '2020-08-31 01:21:23', '2020-09-27 14:56:21', NULL),
	(244, 'Blanqueador', 'Quia sit rem tenetur aut. Aut ut eaque ut facilis velit et. Voluptatem ut nulla sit tempora suscipit veritatis. Molestiae et facilis animi eaque provident dolores.', 1365.92, 34, 46, '2020-08-16 08:15:41', '2020-09-20 11:33:41', NULL),
	(245, 'Jabón de manos', 'Dolor esse in quo molestiae. Occaecati veritatis qui esse culpa nihil rem maxime. Aut atque laudantium qui qui ipsam asperiores. Ut vitae pariatur modi.', 1809.21, 85, 41, '2020-08-16 11:26:24', '2020-10-04 04:39:03', NULL),
	(246, 'Sustituto de azúcar', 'Aliquid incidunt maiores reprehenderit veniam ut molestias autem. Mollitia molestiae totam sit quo. Et porro consequuntur at est molestiae qui recusandae. Autem sed quaerat maxime quis id.', 8555.62, 96, 13, '2020-08-16 18:21:02', '2020-09-18 06:09:55', NULL),
	(247, 'Mermelada', 'Autem architecto eos illo eius possimus. Unde quibusdam odio ipsa sint omnis ut velit. Et sed quidem in dolores deleniti.', 663.92, 166, 48, '2020-08-24 16:19:10', '2020-09-17 10:03:08', NULL),
	(248, 'Caldo', 'Veritatis quisquam quasi eum ipsum iusto ratione ut. Mollitia eveniet dolorum blanditiis corporis iste debitis. Hic earum id debitis. Sint tempore nobis at explicabo blanditiis.', 3581.14, 74, 40, '2020-08-21 05:30:54', '2020-09-30 20:31:46', NULL),
	(249, 'Cereal', 'Accusantium consequatur assumenda et sapiente. Et dolor temporibus molestiae sapiente odio amet. Alias aut facere totam ex impedit corrupti. Error enim sit harum. Corrupti magnam laudantium reprehenderit consequatur voluptatum voluptas.', 3784.56, 62, 46, '2020-08-16 21:50:20', '2020-09-17 18:58:00', NULL),
	(250, 'Mezcladores', 'Quibusdam autem dignissimos tenetur nisi omnis quia. Doloremque nam doloremque sed facilis consequatur. Neque consequatur et dolor aut.', 5752.53, 136, 42, '2020-08-31 17:44:06', '2020-10-04 18:44:04', NULL),
	(251, 'Pomelo', 'Voluptatem non enim quis vero est quo ut. Ut omnis aut porro libero aut. Omnis vel excepturi tempore quod. Architecto omnis velit velit exercitationem recusandae cumque optio velit.', 3072.24, 131, 42, '2020-08-31 00:59:11', '2020-09-18 06:29:04', NULL),
	(252, 'Ricotta', 'Asperiores quae sint libero unde. Incidunt voluptatum minus quam quia ab quia quas. Nihil qui repellat modi non aliquid. Recusandae omnis sint eligendi ut architecto est.', 375.15, 157, 8, '2020-08-29 21:58:54', '2020-09-23 06:34:23', NULL),
	(253, 'Nectarinas', 'Sed est dignissimos voluptatem sint. Quis eveniet ut minima rerum. Et neque suscipit assumenda rerum. Vel at cum eaque perspiciatis nisi.', 2164.17, 6, 36, '2020-08-28 09:41:06', '2020-10-01 02:52:24', NULL),
	(254, 'Medicamento', 'Velit vitae laborum et consequuntur rerum eos. Amet cupiditate necessitatibus provident voluptatum accusamus veniam. Cumque quod a reprehenderit nemo ipsa facere. Modi ut dolore non tempore quasi reiciendis omnis. Sit impedit velit neque sint.', 9858.91, 153, 50, '2020-08-25 08:26:02', '2020-09-04 05:26:45', NULL),
	(255, 'Salsa picante', 'Quibusdam et sint dolores voluptate dignissimos dicta consequatur. Consequuntur voluptate minima quia quo. Eligendi optio impedit fuga.', 6040.29, 85, 15, '2020-08-25 13:21:33', '2020-10-01 10:35:04', NULL),
	(256, 'Noche de pizza', 'Ea ducimus non consequuntur illum autem consequatur. Temporibus velit consequuntur ea cumque veniam suscipit. Sit similique iste omnis et voluptas perferendis quo. Quasi est dignissimos qui distinctio ratione. Qui aspernatur exercitationem voluptas sit autem sunt.', 6557.71, 38, 16, '2020-08-19 05:55:26', '2020-09-12 07:03:19', NULL),
	(257, 'Baterías', 'Velit facilis eum nostrum rem quis porro. Perferendis vero quis eligendi et incidunt vero. Exercitationem voluptas corrupti ratione veniam omnis animi aut. Laudantium id exercitationem voluptas. Excepturi nostrum cumque incidunt.', 2788.39, 68, 20, '2020-08-21 10:50:18', '2020-09-17 08:37:05', NULL),
	(258, 'Cerdo', 'Inventore dolorem reiciendis non iure molestiae voluptas. Itaque animi cumque dolores culpa sit in. Voluptatem et modi debitis provident enim eos recusandae aliquam.', 8065.20, 122, 25, '2020-08-17 07:11:53', '2020-10-03 19:27:32', NULL),
	(259, 'Barras de granola', 'Dolores aspernatur vel ea sit debitis voluptatem inventore. Voluptas magni amet voluptatem ut et doloribus adipisci fuga. Id nihil accusantium consequatur quae fuga sapiente. Nam facere deserunt qui assumenda velit qui.', 578.87, 6, 11, '2020-08-17 03:59:23', '2020-09-14 10:31:42', NULL),
	(260, 'Chips de maíz', 'Molestiae suscipit soluta aut consectetur dolore qui. Et dicta quos qui sit a illo non. Eum nesciunt molestiae iste esse omnis corrupti. Aut rerum non molestias sunt voluptatem quasi commodi aliquam. Eveniet esse incidunt ipsam soluta voluptas suscipit.', 6528.50, 22, 26, '2020-08-21 19:18:24', '2020-09-11 03:22:18', NULL),
	(261, 'Baby wash', 'Vel molestiae nihil ipsum molestias qui. Sunt iure rerum maiores non. Nisi quos beatae molestiae reprehenderit amet consequatur. Vel voluptatem odio accusamus porro mollitia.', 6846.84, 190, 12, '2020-08-18 11:17:22', '2020-09-22 22:55:30', NULL),
	(262, 'Ambientador', 'Quia quis repudiandae et sit. Autem enim voluptate dolores rem sequi est. Praesentium ipsam ut velit cumque consequatur. Quas sed quidem beatae exercitationem ut aut. Non qui eligendi sit delectus officia nihil.', 2372.53, 134, 32, '2020-08-27 21:57:49', '2020-09-17 08:56:50', NULL),
	(263, 'Vodka', 'Tempore pariatur cumque sunt distinctio et fugiat. Quod debitis fugiat quaerat ut et exercitationem. Fugit commodi vitae fugit deleniti doloremque delectus sint.', 468.63, 68, 33, '2020-08-18 11:50:05', '2020-09-09 22:31:45', NULL),
	(264, 'Pan fresco', 'Quis numquam atque itaque voluptas aut accusamus asperiores provident. Eaque omnis omnis reiciendis ut. Hic impedit alias laborum explicabo et occaecati odio.', 7547.60, 170, 15, '2020-08-31 04:30:37', '2020-10-02 00:57:45', NULL),
	(265, 'Tarjeta de felicitación', 'Nihil repellat omnis et. Neque sint in quia eveniet consequatur officiis. Debitis sed qui autem.', 7951.93, 94, 29, '2020-08-24 12:00:51', '2020-09-14 06:45:45', NULL),
	(266, 'Snacks de aceite de oliva', 'Repudiandae dolor optio sint ducimus tempora facilis facilis. Est dignissimos et illo repellat culpa sit. Ut velit cum aut asperiores illo impedit.', 2905.38, 165, 5, '2020-08-23 17:59:38', '2020-09-30 07:28:58', NULL),
	(267, 'Aspirina', 'Expedita aperiam optio ullam dicta. Harum voluptate doloremque est quas laudantium. Doloremque totam nihil quis ut. Id et iusto quidem incidunt. Et nobis qui vel deleniti velit blanditiis.', 537.45, 77, 15, '2020-08-31 04:56:39', '2020-09-08 07:52:02', NULL),
	(268, 'Otro b.c.', 'Ducimus nihil quaerat asperiores error quod quia. Alias dolore omnis cupiditate iure rerum deserunt a. Quidem officiis explicabo earum. Maiores perferendis eos ab rem.', 9306.00, 71, 32, '2020-08-29 07:11:10', '2020-09-10 15:56:33', NULL),
	(269, 'Vacuum bags', 'Rerum porro nesciunt labore. Et omnis rerum amet rerum consequuntur et sit consequuntur. At quas vel animi.', 3650.20, 108, 37, '2020-08-16 16:12:17', '2020-10-01 21:27:50', NULL),
	(270, 'Club soda', 'Aut libero voluptatum architecto enim. Sequi magni deleniti consequatur fugit iure voluptas dolore sint. Dicta ullam ad et quia repellat eos rerum.', 6464.89, 40, 39, '2020-08-27 07:07:01', '2020-09-10 04:41:11', NULL),
	(271, 'Salsa Worcestershire', 'Rem error distinctio nihil sit earum est quasi. Dolores autem dolores doloremque soluta. Voluptatem non repellat repudiandae sapiente. Molestiae eos et est natus et rerum.', 7985.86, 11, 32, '2020-08-15 21:14:39', '2020-09-19 21:46:06', NULL),
	(272, 'Gelatina', 'Molestias aut itaque impedit totam non recusandae. Saepe eos quis harum earum. Qui voluptas adipisci expedita. Itaque sint nostrum necessitatibus est.', 2624.78, 140, 28, '2020-08-19 21:25:01', '2020-09-21 01:42:12', NULL),
	(273, 'Fruta', 'Et neque ipsa quisquam sed doloremque facilis. Qui iste maxime ea. Expedita id iusto ad at.', 8417.26, 6, 44, '2020-08-20 12:30:35', '2020-09-21 13:27:23', NULL),
	(274, 'Material de oficina', 'Dolorem exercitationem occaecati sint neque laudantium et voluptas. Nihil voluptas numquam illo architecto tempora. Recusandae deserunt commodi quam quia nostrum mollitia.', 8490.83, 198, 49, '2020-08-15 06:00:34', '2020-09-20 09:31:42', NULL),
	(275, 'Ginebra', 'Vero nemo pariatur voluptatum cum fugiat. Numquam voluptates velit cumque ut. Quaerat animi sed unde officiis modi eos nihil.', 2877.82, 165, 13, '2020-08-24 03:30:27', '2020-09-25 17:07:57', NULL),
	(276, 'Yogur', 'Ut earum vel quia nemo eum. Sed libero eum aut eius.', 4092.83, 144, 47, '2020-08-21 12:41:47', '2020-09-26 07:20:01', NULL),
	(277, 'Salsa para pasta', 'Sed accusamus quia culpa nisi voluptatem nemo illum. Rerum quaerat totam non consectetur recusandae. Hic nihil qui aut aut.', 9723.70, 110, 50, '2020-08-20 13:47:03', '2020-09-10 16:25:41', NULL),
	(278, 'Rebanadas de sándwich', 'Et culpa id est. Ratione eligendi qui harum quasi corporis consequuntur et. Sint aut id quo sit. Quos eaque non eum eos doloremque.', 2100.84, 39, 44, '2020-08-17 20:30:50', '2020-09-06 15:09:13', NULL),
	(279, 'Acortamiento', 'Commodi architecto tempore aperiam praesentium quia. Cumque maxime velit rerum eveniet expedita maxime. Quos quo consequatur pariatur pariatur ab. Excepturi rerum et et qui dicta vel.', 2507.94, 141, 32, '2020-08-23 14:39:39', '2020-09-28 01:28:00', NULL),
	(280, 'Cilantro', 'Nihil quo itaque velit. Voluptatem quia aut libero dolorum ducimus. Suscipit minima est officiis alias aut sit tempore. Sed doloribus facere praesentium cumque voluptas illum.', 6104.62, 179, 39, '2020-08-27 09:24:26', '2020-09-13 18:57:50', NULL),
	(281, 'Gel', 'Natus illo eaque officiis earum sit sint. Dolor autem ea rerum enim. Blanditiis dolor consequatur quia exercitationem eius qui molestiae. Vel rerum exercitationem omnis cumque quos. Fuga nemo officia est dolorem error cupiditate quia voluptas.', 719.01, 118, 28, '2020-08-18 21:47:36', '2020-09-18 04:46:51', NULL),
	(282, 'Crema agria', 'Dolor dicta nihil voluptatem. Ratione voluptate maiores voluptatem. Dolor velit consequatur quis. Error quia culpa aut enim esse et.', 995.18, 158, 10, '2020-08-24 04:01:28', '2020-09-27 16:16:11', NULL),
	(283, 'Otras cosas médicas', 'Voluptatum sunt at maxime qui perferendis. Voluptas sed cupiditate esse id. Fugiat aliquam doloremque laboriosam perferendis et aliquam sunt.', 3520.14, 52, 7, '2020-08-29 13:02:37', '2020-10-01 19:15:23', NULL),
	(284, 'Langosta', 'Natus voluptatum saepe occaecati veritatis voluptas dolor labore. Delectus assumenda aliquid tempore. Nisi aspernatur vel reiciendis rerum excepturi. Ullam ut quae eveniet recusandae eos.', 6267.04, 186, 47, '2020-08-29 17:35:59', '2020-09-04 13:35:43', NULL),
	(285, 'Queso Mozzarella', 'Praesentium rerum numquam similique velit. Earum expedita culpa quaerat eius est. Consectetur dolorum voluptas deleniti nostrum id veritatis deserunt nisi. Autem facere quod ut.', 9810.80, 153, 34, '2020-08-27 07:30:00', '2020-09-16 21:56:26', NULL),
	(286, 'Periódico revista', 'Quisquam non nostrum sit dolor. Id atque voluptates laudantium aut. Velit quidem perferendis quia provident quasi necessitatibus ipsum ea.', 4930.28, 87, 3, '2020-08-15 09:14:20', '2020-10-01 13:50:23', NULL),
	(287, 'Tilapia', 'Ratione ex est aut nemo labore sunt consequatur. Quisquam quibusdam ut ut eius quaerat. Corporis ut nobis sit omnis.', 2534.37, 99, 12, '2020-08-19 09:06:35', '2020-09-30 02:49:36', NULL),
	(288, 'Melocotones', 'Excepturi nihil ipsam in est qui voluptatem dolorem necessitatibus. Beatae eos fugit odit magni enim quam. Delectus sit molestiae ut esse. Qui voluptates consequuntur a ea enim sit.', 2766.24, 174, 42, '2020-08-16 00:31:12', '2020-09-30 12:18:49', NULL),
	(289, 'Saborear', 'Minima error nobis ut ut illo eaque. Totam mollitia exercitationem dignissimos provident labore odit. Dignissimos doloremque deleniti a natus. Temporibus sit maiores explicabo et.', 7197.12, 184, 26, '2020-08-20 23:56:18', '2020-09-27 13:02:08', NULL),
	(290, 'Filtros', 'Dolorum enim fugit recusandae consequatur at. Est culpa sed voluptas id consequatur a. Eveniet distinctio ipsam necessitatibus eaque corrupti voluptate consequatur.', 4624.77, 15, 46, '2020-08-22 00:10:51', '2020-09-05 22:56:35', NULL),
	(291, 'Jugo', 'Voluptate eveniet est ex. Perferendis repudiandae accusantium quod ea delectus voluptatibus. Aut inventore voluptatem molestiae vero sit. Tempora inventore a alias cum officiis. Impedit aut aut animi omnis minus.', 6722.14, 184, 40, '2020-08-15 04:46:35', '2020-09-30 06:32:34', NULL),
	(292, 'Cangrejo', 'Est quia officiis illum inventore reprehenderit officia. Quia velit dolores sed velit facere.', 407.90, 1, 27, '2020-08-20 16:50:18', '2020-09-29 10:31:37', NULL),
	(293, 'spray para el cabello', 'Consequatur temporibus ducimus qui suscipit doloremque quis quaerat. Sunt ut enim iusto ad id. Dolorem quae odit at nobis.', 9607.31, 6, 10, '2020-08-30 08:00:16', '2020-09-22 04:45:37', NULL),
	(294, 'Gripe', 'Architecto est aut quasi. Voluptatem nihil quam voluptas nam dolorem. Necessitatibus distinctio quisquam qui tempore praesentium nisi.', 6593.02, 128, 50, '2020-08-22 14:45:52', '2020-09-21 19:58:56', NULL),
	(295, 'Decoraciones', 'Minus quas nulla ea officia et veritatis. Cumque tempore incidunt dolorum beatae sed eligendi. Qui sint consequatur aliquam quis laudantium cumque provident.', 372.99, 2, 48, '2020-08-18 07:09:19', '2020-09-30 10:25:12', NULL),
	(296, 'Seda floja', 'Et dolor voluptatum saepe tenetur dolorem recusandae vel. Minima voluptas earum enim sequi. Laborum earum et cupiditate recusandae. Rerum quas molestiae odit accusantium repellat. Repellat impedit modi sapiente reiciendis debitis pariatur reprehenderit.', 8841.50, 4, 43, '2020-08-28 17:36:10', '2020-09-12 04:01:30', NULL),
	(297, 'Camarón', 'Vel nulla dolores soluta enim eos omnis et velit. Dolorem commodi quisquam illum numquam ab voluptas.', 2079.21, 17, 12, '2020-08-27 11:43:33', '2020-09-13 19:35:28', NULL),
	(298, 'Margarina', 'Qui exercitationem assumenda repudiandae dicta. Et sunt temporibus ut sed aut et. At consequatur quae eius vel.', 1581.80, 64, 39, '2020-08-30 21:36:42', '2020-09-19 21:19:05', NULL),
	(299, 'Pan de pita', 'Commodi et voluptates inventore nemo id. In aliquam dignissimos in temporibus inventore aut odio. Est nesciunt praesentium laboriosam.', 713.66, 65, 17, '2020-08-29 01:34:34', '2020-09-09 00:23:36', NULL),
	(300, 'Caramelo', 'Provident asperiores fugiat cupiditate mollitia minima. Velit enim tenetur qui velit consequatur. Ipsa incidunt exercitationem explicabo dolorum nesciunt illum sapiente.', 9023.31, 128, 43, '2020-08-17 09:09:55', '2020-09-07 22:42:09', NULL);

--  estructura para tabla rumbabar.producto_venta
CREATE TABLE IF NOT EXISTS `producto_venta` (
  `ventaCantidad` smallint(5) unsigned NOT NULL,
  `ventaSubtotal` double(10,2) NOT NULL,
  `fk_producto` bigint(20) unsigned NOT NULL,
  `fk_venta` bigint(20) unsigned NOT NULL,
  `created_at` timestamp NULL DEFAULT NULL,
  `updated_at` timestamp NULL DEFAULT NULL,
  `deleted_at` timestamp NULL DEFAULT NULL,
  KEY `producto_venta_fk_producto_foreign` (`fk_producto`),
  KEY `producto_venta_fk_venta_foreign` (`fk_venta`),
  CONSTRAINT `producto_venta_fk_producto_foreign` FOREIGN KEY (`fk_producto`) REFERENCES `productos` (`ProductoId`),
  CONSTRAINT `producto_venta_fk_venta_foreign` FOREIGN KEY (`fk_venta`) REFERENCES `ventas` (`VentaId`)
) ENGINE=InnoDB;

--  datos para la tabla rumbabar.producto_venta: ~645 rows (aproximadamente)
DELETE FROM `producto_venta`;
INSERT INTO `producto_venta` (`ventaCantidad`, `ventaSubtotal`, `fk_producto`, `fk_venta`, `created_at`, `updated_at`, `deleted_at`) VALUES
	(139, 1246089.13, 1, 1, '2020-10-08 03:56:38', '2020-10-08 03:56:38', NULL),
	(33, 268743.42, 16, 1, '2020-10-08 03:56:38', '2020-10-08 03:56:38', NULL),
	(13, 79619.67, 86, 1, '2020-10-08 03:56:38', '2020-10-08 03:56:38', NULL),
	(10, 75602.30, 161, 1, '2020-10-08 03:56:38', '2020-10-08 03:56:38', NULL),
	(91, 723625.63, 265, 1, '2020-10-08 03:56:38', '2020-10-08 03:56:38', NULL),
	(137, 268413.14, 24, 2, '2020-10-08 03:56:38', '2020-10-08 03:56:38', NULL),
	(10, 54079.90, 33, 2, '2020-10-08 03:56:38', '2020-10-08 03:56:38', NULL),
	(1, 3597.41, 79, 2, '2020-10-08 03:56:38', '2020-10-08 03:56:38', NULL),
	(71, 127023.97, 89, 2, '2020-10-08 03:56:38', '2020-10-08 03:56:38', NULL),
	(59, 114785.09, 99, 2, '2020-10-08 03:56:38', '2020-10-08 03:56:38', NULL),
	(50, 467626.50, 130, 2, '2020-10-08 03:56:38', '2020-10-08 03:56:38', NULL),
	(80, 750147.20, 137, 2, '2020-10-08 03:56:38', '2020-10-08 03:56:38', NULL),
	(2, 8232.40, 157, 2, '2020-10-08 03:56:38', '2020-10-08 03:56:38', NULL),
	(4, 38429.24, 293, 2, '2020-10-08 03:56:38', '2020-10-08 03:56:38', NULL),
	(12, 103788.72, 46, 3, '2020-10-08 03:56:38', '2020-10-08 03:56:38', NULL),
	(37, 211339.19, 113, 3, '2020-10-08 03:56:38', '2020-10-08 03:56:38', NULL),
	(5, 20581.00, 157, 3, '2020-10-08 03:56:38', '2020-10-08 03:56:38', NULL),
	(63, 86216.76, 169, 3, '2020-10-08 03:56:38', '2020-10-08 03:56:38', NULL),
	(86, 852329.66, 205, 3, '2020-10-08 03:56:38', '2020-10-08 03:56:38', NULL),
	(9, 10908.18, 220, 3, '2020-10-08 03:56:38', '2020-10-08 03:56:38', NULL),
	(66, 527549.88, 240, 3, '2020-10-08 03:56:38', '2020-10-08 03:56:38', NULL),
	(33, 101383.92, 251, 3, '2020-10-08 03:56:38', '2020-10-08 03:56:38', NULL),
	(18, 94905.90, 71, 4, '2020-10-08 03:56:38', '2020-10-08 03:56:38', NULL),
	(78, 188688.24, 230, 4, '2020-10-08 03:56:38', '2020-10-08 03:56:38', NULL),
	(77, 391590.43, 30, 5, '2020-10-08 03:56:38', '2020-10-08 03:56:38', NULL),
	(33, 300916.11, 63, 5, '2020-10-08 03:56:38', '2020-10-08 03:56:38', NULL),
	(36, 243326.88, 68, 5, '2020-10-08 03:56:38', '2020-10-08 03:56:38', NULL),
	(47, 112093.12, 215, 5, '2020-10-08 03:56:38', '2020-10-08 03:56:38', NULL),
	(31, 252455.94, 16, 6, '2020-10-08 03:56:38', '2020-10-08 03:56:38', NULL),
	(4, 19139.28, 65, 6, '2020-10-08 03:56:38', '2020-10-08 03:56:38', NULL),
	(9, 61621.56, 261, 6, '2020-10-08 03:56:38', '2020-10-08 03:56:38', NULL),
	(62, 157130.94, 287, 6, '2020-10-08 03:56:38', '2020-10-08 03:56:38', NULL),
	(2, 4158.42, 297, 6, '2020-10-08 03:56:38', '2020-10-08 03:56:38', NULL),
	(39, 334582.56, 36, 7, '2020-10-08 03:56:39', '2020-10-08 03:56:39', NULL),
	(101, 683480.13, 139, 7, '2020-10-08 03:56:39', '2020-10-08 03:56:39', NULL),
	(14, 19509.84, 198, 7, '2020-10-08 03:56:39', '2020-10-08 03:56:39', NULL),
	(74, 449455.28, 232, 7, '2020-10-08 03:56:39', '2020-10-08 03:56:39', NULL),
	(43, 44189.38, 236, 7, '2020-10-08 03:56:39', '2020-10-08 03:56:39', NULL),
	(100, 409283.00, 276, 7, '2020-10-08 03:56:39', '2020-10-08 03:56:39', NULL),
	(179, 1121800.16, 284, 7, '2020-10-08 03:56:39', '2020-10-08 03:56:39', NULL),
	(4, 38940.56, 13, 8, '2020-10-08 03:56:39', '2020-10-08 03:56:39', NULL),
	(23, 76073.42, 31, 8, '2020-10-08 03:56:39', '2020-10-08 03:56:39', NULL),
	(90, 317856.60, 143, 8, '2020-10-08 03:56:39', '2020-10-08 03:56:39', NULL),
	(19, 115400.68, 232, 8, '2020-10-08 03:56:39', '2020-10-08 03:56:39', NULL),
	(69, 124835.49, 245, 8, '2020-10-08 03:56:39', '2020-10-08 03:56:39', NULL),
	(47, 22025.61, 263, 8, '2020-10-08 03:56:39', '2020-10-08 03:56:39', NULL),
	(78, 40480.44, 49, 9, '2020-10-08 03:56:39', '2020-10-08 03:56:39', NULL),
	(68, 567121.36, 108, 9, '2020-10-08 03:56:39', '2020-10-08 03:56:39', NULL),
	(17, 84798.04, 166, 9, '2020-10-08 03:56:39', '2020-10-08 03:56:39', NULL),
	(155, 543129.30, 171, 9, '2020-10-08 03:56:39', '2020-10-08 03:56:39', NULL),
	(40, 332562.80, 204, 9, '2020-10-08 03:56:39', '2020-10-08 03:56:39', NULL),
	(49, 329384.86, 291, 9, '2020-10-08 03:56:39', '2020-10-08 03:56:39', NULL),
	(32, 316536.64, 70, 10, '2020-10-08 03:56:39', '2020-10-08 03:56:39', NULL),
	(5, 38820.90, 106, 10, '2020-10-08 03:56:39', '2020-10-08 03:56:39', NULL),
	(4, 38266.96, 138, 10, '2020-10-08 03:56:39', '2020-10-08 03:56:39', NULL),
	(147, 1075787.16, 141, 10, '2020-10-08 03:56:39', '2020-10-08 03:56:39', NULL),
	(66, 39186.84, 158, 10, '2020-10-08 03:56:39', '2020-10-08 03:56:39', NULL),
	(28, 276865.40, 170, 10, '2020-10-08 03:56:39', '2020-10-08 03:56:39', NULL),
	(1, 161.78, 214, 10, '2020-10-08 03:56:39', '2020-10-08 03:56:39', NULL),
	(7, 66718.75, 241, 10, '2020-10-08 03:56:39', '2020-10-08 03:56:39', NULL),
	(28, 138047.84, 286, 10, '2020-10-08 03:56:39', '2020-10-08 03:56:39', NULL),
	(3, 3359.70, 5, 11, '2020-10-08 03:56:39', '2020-10-08 03:56:39', NULL),
	(86, 324923.48, 14, 11, '2020-10-08 03:56:39', '2020-10-08 03:56:39', NULL),
	(69, 555377.55, 41, 11, '2020-10-08 03:56:39', '2020-10-08 03:56:39', NULL),
	(22, 173848.18, 118, 11, '2020-10-08 03:56:39', '2020-10-08 03:56:39', NULL),
	(38, 196463.04, 133, 11, '2020-10-08 03:56:39', '2020-10-08 03:56:39', NULL),
	(3, 7447.11, 151, 11, '2020-10-08 03:56:39', '2020-10-08 03:56:39', NULL),
	(91, 737685.13, 159, 11, '2020-10-08 03:56:39', '2020-10-08 03:56:39', NULL),
	(14, 137122.86, 196, 11, '2020-10-08 03:56:39', '2020-10-08 03:56:39', NULL),
	(82, 580177.88, 203, 11, '2020-10-08 03:56:39', '2020-10-08 03:56:39', NULL),
	(6, 52222.74, 218, 11, '2020-10-08 03:56:39', '2020-10-08 03:56:39', NULL),
	(153, 348223.41, 7, 12, '2020-10-08 03:56:39', '2020-10-08 03:56:39', NULL),
	(11, 50981.15, 38, 12, '2020-10-08 03:56:39', '2020-10-08 03:56:39', NULL),
	(28, 221261.32, 118, 12, '2020-10-08 03:56:39', '2020-10-08 03:56:39', NULL),
	(63, 109224.36, 195, 12, '2020-10-08 03:56:39', '2020-10-08 03:56:39', NULL),
	(53, 279146.76, 209, 12, '2020-10-08 03:56:39', '2020-10-08 03:56:39', NULL),
	(52, 24368.76, 263, 12, '2020-10-08 03:56:39', '2020-10-08 03:56:39', NULL),
	(153, 1101159.36, 289, 12, '2020-10-08 03:56:39', '2020-10-08 03:56:39', NULL),
	(49, 442142.19, 300, 12, '2020-10-08 03:56:39', '2020-10-08 03:56:39', NULL),
	(103, 812826.56, 43, 13, '2020-10-08 03:56:39', '2020-10-08 03:56:39', NULL),
	(66, 404222.94, 86, 13, '2020-10-08 03:56:39', '2020-10-08 03:56:39', NULL),
	(110, 600961.90, 115, 13, '2020-10-08 03:56:39', '2020-10-08 03:56:39', NULL),
	(10, 73453.40, 131, 13, '2020-10-08 03:56:39', '2020-10-08 03:56:39', NULL),
	(4, 1074.12, 177, 13, '2020-10-08 03:56:39', '2020-10-08 03:56:39', NULL),
	(46, 111277.68, 230, 13, '2020-10-08 03:56:39', '2020-10-08 03:56:39', NULL),
	(22, 175849.96, 240, 13, '2020-10-08 03:56:39', '2020-10-08 03:56:39', NULL),
	(50, 302014.50, 255, 13, '2020-10-08 03:56:39', '2020-10-08 03:56:39', NULL),
	(64, 177039.36, 288, 13, '2020-10-08 03:56:39', '2020-10-08 03:56:39', NULL),
	(68, 283716.40, 56, 14, '2020-10-08 03:56:39', '2020-10-08 03:56:39', NULL),
	(29, 103853.06, 248, 14, '2020-10-08 03:56:39', '2020-10-08 03:56:39', NULL),
	(28, 161070.84, 250, 14, '2020-10-08 03:56:39', '2020-10-08 03:56:39', NULL),
	(10, 65285.00, 260, 14, '2020-10-08 03:56:39', '2020-10-08 03:56:39', NULL),
	(89, 161460.24, 40, 15, '2020-10-08 03:56:39', '2020-10-08 03:56:39', NULL),
	(111, 487342.17, 59, 15, '2020-10-08 03:56:39', '2020-10-08 03:56:39', NULL),
	(28, 276969.56, 70, 15, '2020-10-08 03:56:39', '2020-10-08 03:56:39', NULL),
	(32, 183219.84, 78, 15, '2020-10-08 03:56:39', '2020-10-08 03:56:39', NULL),
	(11, 71365.91, 93, 15, '2020-10-08 03:56:39', '2020-10-08 03:56:39', NULL),
	(154, 373659.44, 96, 15, '2020-10-08 03:56:39', '2020-10-08 03:56:39', NULL),
	(35, 291900.70, 108, 15, '2020-10-08 03:56:39', '2020-10-08 03:56:39', NULL),
	(130, 334540.70, 119, 15, '2020-10-08 03:56:39', '2020-10-08 03:56:39', NULL),
	(1, 161.78, 214, 15, '2020-10-08 03:56:39', '2020-10-08 03:56:39', NULL),
	(153, 1252129.05, 60, 16, '2020-10-08 03:56:39', '2020-10-08 03:56:39', NULL),
	(43, 167309.99, 80, 16, '2020-10-08 03:56:39', '2020-10-08 03:56:39', NULL),
	(13, 25435.67, 83, 16, '2020-10-08 03:56:39', '2020-10-08 03:56:39', NULL),
	(17, 145445.54, 246, 16, '2020-10-08 03:56:39', '2020-10-08 03:56:39', NULL),
	(63, 45297.63, 281, 16, '2020-10-08 03:56:39', '2020-10-08 03:56:39', NULL),
	(110, 283072.90, 119, 17, '2020-10-08 03:56:39', '2020-10-08 03:56:39', NULL),
	(12, 112522.08, 137, 17, '2020-10-08 03:56:39', '2020-10-08 03:56:39', NULL),
	(132, 39980.16, 149, 17, '2020-10-08 03:56:39', '2020-10-08 03:56:39', NULL),
	(103, 246198.84, 153, 17, '2020-10-08 03:56:39', '2020-10-08 03:56:39', NULL),
	(3, 23674.56, 43, 18, '2020-10-08 03:56:39', '2020-10-08 03:56:39', NULL),
	(40, 333600.80, 108, 18, '2020-10-08 03:56:39', '2020-10-08 03:56:39', NULL),
	(32, 193706.88, 160, 18, '2020-10-08 03:56:39', '2020-10-08 03:56:39', NULL),
	(30, 149643.60, 166, 18, '2020-10-08 03:56:39', '2020-10-08 03:56:39', NULL),
	(39, 379402.92, 168, 18, '2020-10-08 03:56:39', '2020-10-08 03:56:39', NULL),
	(111, 1100099.91, 205, 18, '2020-10-08 03:56:39', '2020-10-08 03:56:39', NULL),
	(6, 4035.78, 235, 18, '2020-10-08 03:56:39', '2020-10-08 03:56:39', NULL),
	(26, 68244.28, 272, 18, '2020-10-08 03:56:39', '2020-10-08 03:56:39', NULL),
	(132, 827249.28, 284, 18, '2020-10-08 03:56:39', '2020-10-08 03:56:39', NULL),
	(34, 66524.06, 83, 19, '2020-10-08 03:56:39', '2020-10-08 03:56:39', NULL),
	(74, 88775.58, 116, 19, '2020-10-08 03:56:39', '2020-10-08 03:56:39', NULL),
	(102, 804935.04, 43, 20, '2020-10-08 03:56:39', '2020-10-08 03:56:39', NULL),
	(152, 1243945.20, 60, 20, '2020-10-08 03:56:39', '2020-10-08 03:56:39', NULL),
	(102, 707891.22, 111, 20, '2020-10-08 03:56:39', '2020-10-08 03:56:39', NULL),
	(23, 96925.68, 121, 20, '2020-10-08 03:56:39', '2020-10-08 03:56:39', NULL),
	(55, 36994.65, 235, 20, '2020-10-08 03:56:39', '2020-10-08 03:56:39', NULL),
	(67, 458738.28, 261, 20, '2020-10-08 03:56:39', '2020-10-08 03:56:39', NULL),
	(9, 21352.77, 262, 20, '2020-10-08 03:56:39', '2020-10-08 03:56:39', NULL),
	(80, 156737.60, 24, 21, '2020-10-08 03:56:39', '2020-10-08 03:56:39', NULL),
	(18, 158350.86, 74, 21, '2020-10-08 03:56:39', '2020-10-08 03:56:39', NULL),
	(2, 13492.14, 90, 21, '2020-10-08 03:56:39', '2020-10-08 03:56:39', NULL),
	(42, 350280.84, 108, 21, '2020-10-08 03:56:39', '2020-10-08 03:56:39', NULL),
	(20, 84283.20, 121, 21, '2020-10-08 03:56:39', '2020-10-08 03:56:39', NULL),
	(98, 693383.32, 203, 21, '2020-10-08 03:56:39', '2020-10-08 03:56:39', NULL),
	(96, 602354.88, 224, 21, '2020-10-08 03:56:39', '2020-10-08 03:56:39', NULL),
	(28, 73493.84, 272, 21, '2020-10-08 03:56:39', '2020-10-08 03:56:39', NULL),
	(68, 489404.16, 289, 21, '2020-10-08 03:56:39', '2020-10-08 03:56:39', NULL),
	(35, 230755.70, 294, 21, '2020-10-08 03:56:39', '2020-10-08 03:56:39', NULL),
	(18, 155683.08, 46, 22, '2020-10-08 03:56:39', '2020-10-08 03:56:39', NULL),
	(132, 1243372.68, 85, 22, '2020-10-08 03:56:39', '2020-10-08 03:56:39', NULL),
	(19, 151086.67, 265, 22, '2020-10-08 03:56:39', '2020-10-08 03:56:39', NULL),
	(110, 477551.80, 15, 23, '2020-10-08 03:56:39', '2020-10-08 03:56:39', NULL),
	(25, 182269.75, 136, 23, '2020-10-08 03:56:39', '2020-10-08 03:56:39', NULL),
	(149, 101835.54, 58, 24, '2020-10-08 03:56:39', '2020-10-08 03:56:39', NULL),
	(10, 52725.50, 71, 24, '2020-10-08 03:56:39', '2020-10-08 03:56:39', NULL),
	(33, 277626.03, 174, 24, '2020-10-08 03:56:39', '2020-10-08 03:56:39', NULL),
	(48, 213535.20, 189, 24, '2020-10-08 03:56:39', '2020-10-08 03:56:39', NULL),
	(15, 103638.00, 207, 24, '2020-10-08 03:56:39', '2020-10-08 03:56:39', NULL),
	(4, 1005.60, 208, 24, '2020-10-08 03:56:39', '2020-10-08 03:56:39', NULL),
	(93, 368084.70, 219, 24, '2020-10-08 03:56:39', '2020-10-08 03:56:39', NULL),
	(45, 359693.10, 240, 24, '2020-10-08 03:56:39', '2020-10-08 03:56:39', NULL),
	(8, 3749.04, 263, 24, '2020-10-08 03:56:39', '2020-10-08 03:56:39', NULL),
	(100, 95507.00, 114, 25, '2020-10-08 03:56:39', '2020-10-08 03:56:39', NULL),
	(39, 252130.71, 270, 25, '2020-10-08 03:56:39', '2020-10-08 03:56:39', NULL),
	(113, 1013007.71, 1, 26, '2020-10-08 03:56:39', '2020-10-08 03:56:39', NULL),
	(7, 26258.47, 57, 26, '2020-10-08 03:56:39', '2020-10-08 03:56:39', NULL),
	(87, 56580.45, 105, 26, '2020-10-08 03:56:39', '2020-10-08 03:56:39', NULL),
	(63, 426329.19, 139, 26, '2020-10-08 03:56:39', '2020-10-08 03:56:39', NULL),
	(102, 527093.16, 242, 26, '2020-10-08 03:56:39', '2020-10-08 03:56:39', NULL),
	(2, 13057.00, 260, 26, '2020-10-08 03:56:39', '2020-10-08 03:56:39', NULL),
	(33, 320882.10, 277, 26, '2020-10-08 03:56:39', '2020-10-08 03:56:39', NULL),
	(82, 62302.78, 12, 27, '2020-10-08 03:56:39', '2020-10-08 03:56:39', NULL),
	(113, 426934.34, 14, 27, '2020-10-08 03:56:39', '2020-10-08 03:56:39', NULL),
	(22, 91790.60, 56, 27, '2020-10-08 03:56:39', '2020-10-08 03:56:39', NULL),
	(36, 34382.52, 114, 27, '2020-10-08 03:56:39', '2020-10-08 03:56:39', NULL),
	(2, 4258.38, 192, 27, '2020-10-08 03:56:39', '2020-10-08 03:56:39', NULL),
	(41, 144325.74, 283, 27, '2020-10-08 03:56:39', '2020-10-08 03:56:39', NULL),
	(12, 117729.60, 285, 27, '2020-10-08 03:56:39', '2020-10-08 03:56:39', NULL),
	(5, 42266.70, 98, 28, '2020-10-08 03:56:39', '2020-10-08 03:56:39', NULL),
	(11, 62097.31, 181, 28, '2020-10-08 03:56:39', '2020-10-08 03:56:39', NULL),
	(123, 896390.79, 223, 28, '2020-10-08 03:56:39', '2020-10-08 03:56:39', NULL),
	(71, 407304.99, 17, 29, '2020-10-08 03:56:39', '2020-10-08 03:56:39', NULL),
	(20, 11941.40, 34, 29, '2020-10-08 03:56:39', '2020-10-08 03:56:39', NULL),
	(56, 256089.68, 77, 29, '2020-10-08 03:56:39', '2020-10-08 03:56:39', NULL),
	(32, 68967.36, 92, 29, '2020-10-08 03:56:39', '2020-10-08 03:56:39', NULL),
	(94, 762004.42, 159, 29, '2020-10-08 03:56:39', '2020-10-08 03:56:39', NULL),
	(46, 137113.58, 201, 29, '2020-10-08 03:56:39', '2020-10-08 03:56:39', NULL),
	(38, 105958.82, 257, 29, '2020-10-08 03:56:39', '2020-10-08 03:56:39', NULL),
	(33, 135063.39, 276, 29, '2020-10-08 03:56:39', '2020-10-08 03:56:39', NULL),
	(125, 124397.50, 282, 29, '2020-10-08 03:56:39', '2020-10-08 03:56:39', NULL),
	(43, 32670.97, 12, 30, '2020-10-08 03:56:39', '2020-10-08 03:56:39', NULL),
	(94, 136977.74, 20, 30, '2020-10-08 03:56:39', '2020-10-08 03:56:39', NULL),
	(97, 190044.34, 24, 30, '2020-10-08 03:56:39', '2020-10-08 03:56:39', NULL),
	(146, 352441.08, 61, 30, '2020-10-08 03:56:39', '2020-10-08 03:56:39', NULL),
	(154, 46643.52, 149, 30, '2020-10-08 03:56:39', '2020-10-08 03:56:39', NULL),
	(28, 272391.84, 168, 30, '2020-10-08 03:56:39', '2020-10-08 03:56:39', NULL),
	(38, 351148.88, 193, 30, '2020-10-08 03:56:39', '2020-10-08 03:56:39', NULL),
	(3, 6453.33, 212, 30, '2020-10-08 03:56:39', '2020-10-08 03:56:39', NULL),
	(56, 489733.44, 243, 30, '2020-10-08 03:56:39', '2020-10-08 03:56:39', NULL),
	(31, 30850.58, 282, 30, '2020-10-08 03:56:39', '2020-10-08 03:56:39', NULL),
	(48, 275361.12, 17, 31, '2020-10-08 03:56:39', '2020-10-08 03:56:39', NULL),
	(54, 332500.14, 122, 31, '2020-10-08 03:56:39', '2020-10-08 03:56:39', NULL),
	(17, 78575.70, 123, 31, '2020-10-08 03:56:39', '2020-10-08 03:56:39', NULL),
	(32, 181787.52, 155, 31, '2020-10-08 03:56:39', '2020-10-08 03:56:39', NULL),
	(97, 354200.35, 173, 31, '2020-10-08 03:56:39', '2020-10-08 03:56:39', NULL),
	(15, 141024.60, 221, 31, '2020-10-08 03:56:39', '2020-10-08 03:56:39', NULL),
	(16, 146769.28, 229, 31, '2020-10-08 03:56:39', '2020-10-08 03:56:39', NULL),
	(92, 210494.16, 233, 31, '2020-10-08 03:56:39', '2020-10-08 03:56:39', NULL),
	(26, 38113.14, 55, 32, '2020-10-08 03:56:39', '2020-10-08 03:56:39', NULL),
	(8, 62113.44, 106, 32, '2020-10-08 03:56:39', '2020-10-08 03:56:39', NULL),
	(29, 216318.83, 167, 32, '2020-10-08 03:56:39', '2020-10-08 03:56:39', NULL),
	(78, 51785.76, 247, 32, '2020-10-08 03:56:39', '2020-10-08 03:56:39', NULL),
	(4, 32574.96, 16, 33, '2020-10-08 03:56:39', '2020-10-08 03:56:39', NULL),
	(10, 54079.90, 33, 33, '2020-10-08 03:56:39', '2020-10-08 03:56:39', NULL),
	(54, 16499.16, 94, 33, '2020-10-08 03:56:39', '2020-10-08 03:56:39', NULL),
	(85, 297845.10, 171, 33, '2020-10-08 03:56:39', '2020-10-08 03:56:39', NULL),
	(24, 41609.28, 195, 33, '2020-10-08 03:56:39', '2020-10-08 03:56:39', NULL),
	(45, 282353.85, 224, 33, '2020-10-08 03:56:39', '2020-10-08 03:56:39', NULL),
	(81, 295666.20, 269, 33, '2020-10-08 03:56:39', '2020-10-08 03:56:39', NULL),
	(1, 6050.13, 84, 34, '2020-10-08 03:56:39', '2020-10-08 03:56:39', NULL),
	(56, 445768.40, 100, 34, '2020-10-08 03:56:39', '2020-10-08 03:56:39', NULL),
	(15, 90591.75, 104, 34, '2020-10-08 03:56:39', '2020-10-08 03:56:39', NULL),
	(8, 79104.40, 170, 34, '2020-10-08 03:56:39', '2020-10-08 03:56:39', NULL),
	(55, 244675.75, 189, 34, '2020-10-08 03:56:39', '2020-10-08 03:56:39', NULL),
	(110, 1084480.10, 254, 34, '2020-10-08 03:56:39', '2020-10-08 03:56:39', NULL),
	(41, 354363.41, 8, 35, '2020-10-08 03:56:39', '2020-10-08 03:56:39', NULL),
	(139, 603451.82, 15, 35, '2020-10-08 03:56:39', '2020-10-08 03:56:39', NULL),
	(25, 109761.75, 59, 35, '2020-10-08 03:56:39', '2020-10-08 03:56:39', NULL),
	(14, 58998.24, 121, 35, '2020-10-08 03:56:39', '2020-10-08 03:56:39', NULL),
	(30, 84471.30, 129, 35, '2020-10-08 03:56:39', '2020-10-08 03:56:39', NULL),
	(54, 240227.10, 189, 35, '2020-10-08 03:56:39', '2020-10-08 03:56:39', NULL),
	(7, 57006.18, 16, 36, '2020-10-08 03:56:39', '2020-10-08 03:56:39', NULL),
	(4, 39405.08, 101, 36, '2020-10-08 03:56:39', '2020-10-08 03:56:39', NULL),
	(108, 381427.92, 143, 36, '2020-10-08 03:56:39', '2020-10-08 03:56:39', NULL),
	(14, 79032.94, 181, 36, '2020-10-08 03:56:39', '2020-10-08 03:56:39', NULL),
	(34, 278184.94, 197, 36, '2020-10-08 03:56:39', '2020-10-08 03:56:39', NULL),
	(5, 10755.55, 212, 36, '2020-10-08 03:56:39', '2020-10-08 03:56:39', NULL),
	(61, 382746.33, 224, 36, '2020-10-08 03:56:39', '2020-10-08 03:56:39', NULL),
	(128, 321016.32, 279, 36, '2020-10-08 03:56:39', '2020-10-08 03:56:39', NULL),
	(101, 183230.16, 40, 37, '2020-10-08 03:56:39', '2020-10-08 03:56:39', NULL),
	(7, 61580.89, 74, 37, '2020-10-08 03:56:39', '2020-10-08 03:56:39', NULL),
	(7, 25181.87, 79, 37, '2020-10-08 03:56:39', '2020-10-08 03:56:39', NULL),
	(35, 281264.90, 145, 37, '2020-10-08 03:56:39', '2020-10-08 03:56:39', NULL),
	(54, 441823.14, 197, 37, '2020-10-08 03:56:39', '2020-10-08 03:56:39', NULL),
	(65, 39456.30, 226, 37, '2020-10-08 03:56:39', '2020-10-08 03:56:39', NULL),
	(41, 211870.78, 242, 37, '2020-10-08 03:56:39', '2020-10-08 03:56:39', NULL),
	(10, 64648.90, 270, 37, '2020-10-08 03:56:39', '2020-10-08 03:56:39', NULL),
	(42, 376516.14, 1, 38, '2020-10-08 03:56:39', '2020-10-08 03:56:39', NULL),
	(1, 5272.55, 71, 38, '2020-10-08 03:56:39', '2020-10-08 03:56:39', NULL),
	(5, 8945.35, 89, 38, '2020-10-08 03:56:39', '2020-10-08 03:56:39', NULL),
	(40, 197546.00, 150, 38, '2020-10-08 03:56:39', '2020-10-08 03:56:39', NULL),
	(1, 8843.99, 191, 38, '2020-10-08 03:56:39', '2020-10-08 03:56:39', NULL),
	(16, 34417.76, 212, 38, '2020-10-08 03:56:39', '2020-10-08 03:56:39', NULL),
	(106, 996573.84, 221, 38, '2020-10-08 03:56:39', '2020-10-08 03:56:39', NULL),
	(14, 128850.12, 238, 38, '2020-10-08 03:56:39', '2020-10-08 03:56:39', NULL),
	(121, 366430.35, 21, 39, '2020-10-08 03:56:39', '2020-10-08 03:56:39', NULL),
	(75, 202425.00, 124, 39, '2020-10-08 03:56:39', '2020-10-08 03:56:39', NULL),
	(1, 9240.76, 193, 39, '2020-10-08 03:56:39', '2020-10-08 03:56:39', NULL),
	(11, 39392.54, 248, 39, '2020-10-08 03:56:39', '2020-10-08 03:56:39', NULL),
	(6, 3473.22, 259, 39, '2020-10-08 03:56:39', '2020-10-08 03:56:39', NULL),
	(37, 4787.80, 10, 40, '2020-10-08 03:56:39', '2020-10-08 03:56:39', NULL),
	(84, 481124.28, 103, 40, '2020-10-08 03:56:39', '2020-10-08 03:56:39', NULL),
	(21, 88497.36, 121, 40, '2020-10-08 03:56:39', '2020-10-08 03:56:39', NULL),
	(78, 480277.98, 122, 40, '2020-10-08 03:56:39', '2020-10-08 03:56:39', NULL),
	(43, 12426.57, 182, 40, '2020-10-08 03:56:39', '2020-10-08 03:56:39', NULL),
	(51, 115887.81, 187, 40, '2020-10-08 03:56:39', '2020-10-08 03:56:39', NULL),
	(43, 380291.57, 191, 40, '2020-10-08 03:56:39', '2020-10-08 03:56:39', NULL),
	(73, 101729.88, 198, 40, '2020-10-08 03:56:39', '2020-10-08 03:56:39', NULL),
	(48, 156093.12, 67, 41, '2020-10-08 03:56:39', '2020-10-08 03:56:39', NULL),
	(16, 29410.08, 128, 41, '2020-10-08 03:56:39', '2020-10-08 03:56:39', NULL),
	(83, 491274.51, 144, 41, '2020-10-08 03:56:39', '2020-10-08 03:56:39', NULL),
	(67, 644927.93, 178, 41, '2020-10-08 03:56:39', '2020-10-08 03:56:39', NULL),
	(66, 348181.68, 180, 41, '2020-10-08 03:56:39', '2020-10-08 03:56:39', NULL),
	(74, 523575.16, 203, 41, '2020-10-08 03:56:39', '2020-10-08 03:56:39', NULL),
	(76, 375557.80, 210, 41, '2020-10-08 03:56:39', '2020-10-08 03:56:39', NULL),
	(1, 8219.12, 227, 41, '2020-10-08 03:56:39', '2020-10-08 03:56:39', NULL),
	(115, 1119035.10, 237, 41, '2020-10-08 03:56:39', '2020-10-08 03:56:39', NULL),
	(93, 257260.32, 288, 41, '2020-10-08 03:56:39', '2020-10-08 03:56:39', NULL),
	(4, 21631.96, 33, 42, '2020-10-08 03:56:39', '2020-10-08 03:56:39', NULL),
	(138, 221989.56, 64, 42, '2020-10-08 03:56:39', '2020-10-08 03:56:39', NULL),
	(19, 83345.21, 82, 42, '2020-10-08 03:56:39', '2020-10-08 03:56:39', NULL),
	(19, 180230.20, 132, 42, '2020-10-08 03:56:39', '2020-10-08 03:56:39', NULL),
	(67, 405573.78, 160, 42, '2020-10-08 03:56:39', '2020-10-08 03:56:39', NULL),
	(26, 6536.40, 208, 42, '2020-10-08 03:56:39', '2020-10-08 03:56:39', NULL),
	(141, 322605.18, 233, 42, '2020-10-08 03:56:39', '2020-10-08 03:56:39', NULL),
	(8, 27417.60, 54, 43, '2020-10-08 03:56:39', '2020-10-08 03:56:39', NULL),
	(73, 691661.86, 66, 43, '2020-10-08 03:56:39', '2020-10-08 03:56:39', NULL),
	(58, 350288.10, 104, 43, '2020-10-08 03:56:39', '2020-10-08 03:56:39', NULL),
	(6, 35296.80, 112, 43, '2020-10-08 03:56:39', '2020-10-08 03:56:39', NULL),
	(8, 37385.52, 125, 43, '2020-10-08 03:56:39', '2020-10-08 03:56:39', NULL),
	(63, 177389.73, 129, 43, '2020-10-08 03:56:39', '2020-10-08 03:56:39', NULL),
	(37, 326627.12, 140, 43, '2020-10-08 03:56:39', '2020-10-08 03:56:39', NULL),
	(108, 33878.52, 176, 43, '2020-10-08 03:56:39', '2020-10-08 03:56:39', NULL),
	(59, 125724.87, 183, 43, '2020-10-08 03:56:39', '2020-10-08 03:56:39', NULL),
	(107, 1041659.98, 13, 44, '2020-10-08 03:56:39', '2020-10-08 03:56:39', NULL),
	(99, 345562.47, 25, 44, '2020-10-08 03:56:39', '2020-10-08 03:56:39', NULL),
	(20, 90356.40, 32, 44, '2020-10-08 03:56:39', '2020-10-08 03:56:39', NULL),
	(58, 86980.86, 35, 44, '2020-10-08 03:56:39', '2020-10-08 03:56:39', NULL),
	(64, 117640.32, 128, 44, '2020-10-08 03:56:39', '2020-10-08 03:56:39', NULL),
	(19, 96249.82, 206, 44, '2020-10-08 03:56:39', '2020-10-08 03:56:39', NULL),
	(40, 26556.80, 247, 44, '2020-10-08 03:56:39', '2020-10-08 03:56:39', NULL),
	(9, 41622.93, 290, 44, '2020-10-08 03:56:39', '2020-10-08 03:56:39', NULL),
	(17, 147486.22, 69, 45, '2020-10-08 03:56:39', '2020-10-08 03:56:39', NULL),
	(151, 45734.88, 149, 45, '2020-10-08 03:56:39', '2020-10-08 03:56:39', NULL),
	(1, 9566.74, 138, 46, '2020-10-08 03:56:39', '2020-10-08 03:56:39', NULL),
	(53, 95888.13, 245, 46, '2020-10-08 03:56:39', '2020-10-08 03:56:39', NULL),
	(36, 19348.20, 267, 46, '2020-10-08 03:56:39', '2020-10-08 03:56:39', NULL),
	(40, 345720.40, 8, 47, '2020-10-08 03:56:39', '2020-10-08 03:56:39', NULL),
	(49, 37229.71, 12, 47, '2020-10-08 03:56:39', '2020-10-08 03:56:39', NULL),
	(1, 5725.62, 78, 47, '2020-10-08 03:56:39', '2020-10-08 03:56:39', NULL),
	(20, 6110.80, 94, 47, '2020-10-08 03:56:39', '2020-10-08 03:56:39', NULL),
	(55, 95354.60, 195, 47, '2020-10-08 03:56:39', '2020-10-08 03:56:39', NULL),
	(106, 901474.88, 202, 47, '2020-10-08 03:56:39', '2020-10-08 03:56:39', NULL),
	(31, 257736.17, 204, 47, '2020-10-08 03:56:39', '2020-10-08 03:56:39', NULL),
	(54, 284413.68, 209, 47, '2020-10-08 03:56:39', '2020-10-08 03:56:39', NULL),
	(5, 2894.35, 259, 47, '2020-10-08 03:56:39', '2020-10-08 03:56:39', NULL),
	(40, 339349.20, 4, 48, '2020-10-08 03:56:39', '2020-10-08 03:56:39', NULL),
	(9, 79958.79, 6, 48, '2020-10-08 03:56:39', '2020-10-08 03:56:39', NULL),
	(23, 52939.79, 18, 48, '2020-10-08 03:56:39', '2020-10-08 03:56:39', NULL),
	(60, 593730.60, 109, 48, '2020-10-08 03:56:39', '2020-10-08 03:56:39', NULL),
	(104, 252699.20, 163, 48, '2020-10-08 03:56:39', '2020-10-08 03:56:39', NULL),
	(19, 138142.16, 184, 48, '2020-10-08 03:56:39', '2020-10-08 03:56:39', NULL),
	(7, 6311.41, 216, 48, '2020-10-08 03:56:39', '2020-10-08 03:56:39', NULL),
	(4, 36692.32, 229, 48, '2020-10-08 03:56:39', '2020-10-08 03:56:39', NULL),
	(36, 65131.56, 245, 48, '2020-10-08 03:56:39', '2020-10-08 03:56:39', NULL),
	(5, 32965.10, 294, 48, '2020-10-08 03:56:39', '2020-10-08 03:56:39', NULL),
	(138, 1089029.76, 43, 49, '2020-10-08 03:56:39', '2020-10-08 03:56:39', NULL),
	(6, 28467.36, 44, 49, '2020-10-08 03:56:39', '2020-10-08 03:56:39', NULL),
	(60, 568489.20, 66, 49, '2020-10-08 03:56:39', '2020-10-08 03:56:39', NULL),
	(36, 66172.68, 128, 49, '2020-10-08 03:56:39', '2020-10-08 03:56:39', NULL),
	(70, 514173.80, 131, 49, '2020-10-08 03:56:39', '2020-10-08 03:56:39', NULL),
	(30, 170425.80, 155, 49, '2020-10-08 03:56:39', '2020-10-08 03:56:39', NULL),
	(3, 6387.57, 192, 49, '2020-10-08 03:56:39', '2020-10-08 03:56:39', NULL),
	(5, 27039.95, 33, 50, '2020-10-08 03:56:39', '2020-10-08 03:56:39', NULL),
	(80, 643916.00, 41, 50, '2020-10-08 03:56:39', '2020-10-08 03:56:39', NULL),
	(17, 114904.36, 68, 50, '2020-10-08 03:56:39', '2020-10-08 03:56:39', NULL),
	(32, 316813.44, 102, 50, '2020-10-08 03:56:39', '2020-10-08 03:56:39', NULL),
	(87, 535694.67, 122, 50, '2020-10-08 03:56:39', '2020-10-08 03:56:39', NULL),
	(59, 108449.67, 128, 50, '2020-10-08 03:56:39', '2020-10-08 03:56:39', NULL),
	(64, 43048.32, 235, 50, '2020-10-08 03:56:39', '2020-10-08 03:56:39', NULL),
	(16, 152500.00, 241, 50, '2020-10-08 03:56:39', '2020-10-08 03:56:39', NULL),
	(116, 406772.56, 147, 51, '2020-10-08 03:56:39', '2020-10-08 03:56:39', NULL),
	(62, 217251.72, 171, 51, '2020-10-08 03:56:39', '2020-10-08 03:56:39', NULL),
	(100, 991081.00, 205, 51, '2020-10-08 03:56:39', '2020-10-08 03:56:39', NULL),
	(52, 164238.88, 222, 51, '2020-10-08 03:56:39', '2020-10-08 03:56:39', NULL),
	(36, 290347.20, 258, 51, '2020-10-08 03:56:39', '2020-10-08 03:56:39', NULL),
	(1, 407.90, 292, 51, '2020-10-08 03:56:39', '2020-10-08 03:56:39', NULL),
	(16, 72285.12, 32, 52, '2020-10-08 03:56:39', '2020-10-08 03:56:39', NULL),
	(2, 18803.28, 221, 52, '2020-10-08 03:56:39', '2020-10-08 03:56:39', NULL),
	(57, 221783.01, 80, 53, '2020-10-08 03:56:39', '2020-10-08 03:56:39', NULL),
	(50, 306229.50, 86, 53, '2020-10-08 03:56:39', '2020-10-08 03:56:39', NULL),
	(34, 249741.56, 131, 53, '2020-10-08 03:56:39', '2020-10-08 03:56:39', NULL),
	(1, 3803.86, 165, 53, '2020-10-08 03:56:39', '2020-10-08 03:56:39', NULL),
	(4, 30985.28, 87, 54, '2020-10-08 03:56:39', '2020-10-08 03:56:39', NULL),
	(38, 321226.92, 98, 54, '2020-10-08 03:56:39', '2020-10-08 03:56:39', NULL),
	(7, 12866.91, 128, 54, '2020-10-08 03:56:39', '2020-10-08 03:56:39', NULL),
	(64, 59176.32, 135, 54, '2020-10-08 03:56:39', '2020-10-08 03:56:39', NULL),
	(35, 308971.60, 140, 54, '2020-10-08 03:56:39', '2020-10-08 03:56:39', NULL),
	(69, 340766.85, 150, 54, '2020-10-08 03:56:39', '2020-10-08 03:56:39', NULL),
	(1, 2151.11, 212, 54, '2020-10-08 03:56:39', '2020-10-08 03:56:39', NULL),
	(11, 39392.54, 248, 54, '2020-10-08 03:56:39', '2020-10-08 03:56:39', NULL),
	(103, 692380.42, 291, 54, '2020-10-08 03:56:39', '2020-10-08 03:56:39', NULL),
	(13, 60963.24, 11, 55, '2020-10-08 03:56:39', '2020-10-08 03:56:39', NULL),
	(132, 192351.72, 20, 55, '2020-10-08 03:56:39', '2020-10-08 03:56:39', NULL),
	(1, 4673.19, 125, 55, '2020-10-08 03:56:39', '2020-10-08 03:56:39', NULL),
	(8, 54933.76, 154, 55, '2020-10-08 03:56:39', '2020-10-08 03:56:39', NULL),
	(104, 1011996.96, 237, 55, '2020-10-08 03:56:39', '2020-10-08 03:56:39', NULL),
	(125, 378543.75, 21, 56, '2020-10-08 03:56:39', '2020-10-08 03:56:39', NULL),
	(39, 15623.40, 62, 56, '2020-10-08 03:56:39', '2020-10-08 03:56:39', NULL),
	(150, 87187.50, 75, 56, '2020-10-08 03:56:39', '2020-10-08 03:56:39', NULL),
	(135, 1265873.40, 137, 56, '2020-10-08 03:56:39', '2020-10-08 03:56:39', NULL),
	(43, 325635.56, 186, 56, '2020-10-08 03:56:39', '2020-10-08 03:56:39', NULL),
	(44, 195740.60, 189, 56, '2020-10-08 03:56:39', '2020-10-08 03:56:39', NULL),
	(44, 406593.44, 193, 56, '2020-10-08 03:56:39', '2020-10-08 03:56:39', NULL),
	(59, 34145.66, 194, 56, '2020-10-08 03:56:39', '2020-10-08 03:56:39', NULL),
	(2, 17407.58, 218, 56, '2020-10-08 03:56:39', '2020-10-08 03:56:39', NULL),
	(79, 520848.58, 294, 56, '2020-10-08 03:56:39', '2020-10-08 03:56:39', NULL),
	(12, 100059.36, 3, 57, '2020-10-08 03:56:39', '2020-10-08 03:56:39', NULL),
	(25, 163942.75, 256, 57, '2020-10-08 03:56:39', '2020-10-08 03:56:39', NULL),
	(93, 632059.62, 39, 58, '2020-10-08 03:56:39', '2020-10-08 03:56:39', NULL),
	(101, 814203.42, 81, 58, '2020-10-08 03:56:39', '2020-10-08 03:56:39', NULL),
	(108, 32998.32, 94, 58, '2020-10-08 03:56:39', '2020-10-08 03:56:39', NULL),
	(98, 483987.70, 150, 58, '2020-10-08 03:56:39', '2020-10-08 03:56:39', NULL),
	(26, 62147.28, 153, 58, '2020-10-08 03:56:39', '2020-10-08 03:56:39', NULL),
	(23, 25757.70, 5, 59, '2020-10-08 03:56:39', '2020-10-08 03:56:39', NULL),
	(26, 224718.26, 8, 59, '2020-10-08 03:56:39', '2020-10-08 03:56:39', NULL),
	(182, 1467178.44, 81, 59, '2020-10-08 03:56:39', '2020-10-08 03:56:39', NULL),
	(148, 287935.48, 99, 59, '2020-10-08 03:56:39', '2020-10-08 03:56:39', NULL),
	(115, 857816.05, 167, 59, '2020-10-08 03:56:39', '2020-10-08 03:56:39', NULL),
	(104, 919774.96, 191, 59, '2020-10-08 03:56:39', '2020-10-08 03:56:39', NULL),
	(52, 241001.80, 38, 60, '2020-10-08 03:56:39', '2020-10-08 03:56:39', NULL),
	(22, 39106.32, 73, 60, '2020-10-08 03:56:39', '2020-10-08 03:56:39', NULL),
	(49, 14971.46, 94, 60, '2020-10-08 03:56:39', '2020-10-08 03:56:39', NULL),
	(9, 47093.76, 97, 60, '2020-10-08 03:56:39', '2020-10-08 03:56:39', NULL),
	(26, 215709.00, 152, 60, '2020-10-08 03:56:39', '2020-10-08 03:56:39', NULL),
	(111, 837783.60, 264, 60, '2020-10-08 03:56:39', '2020-10-08 03:56:39', NULL),
	(3, 1612.35, 267, 60, '2020-10-08 03:56:39', '2020-10-08 03:56:39', NULL),
	(68, 613585.08, 300, 60, '2020-10-08 03:56:39', '2020-10-08 03:56:39', NULL),
	(57, 289878.63, 30, 61, '2020-10-08 03:56:39', '2020-10-08 03:56:39', NULL),
	(72, 443333.52, 122, 61, '2020-10-08 03:56:39', '2020-10-08 03:56:39', NULL),
	(6, 21024.36, 171, 61, '2020-10-08 03:56:39', '2020-10-08 03:56:39', NULL),
	(9, 26826.57, 201, 61, '2020-10-08 03:56:39', '2020-10-08 03:56:39', NULL),
	(2, 12080.58, 255, 61, '2020-10-08 03:56:39', '2020-10-08 03:56:39', NULL),
	(147, 1006485.48, 261, 61, '2020-10-08 03:56:39', '2020-10-08 03:56:39', NULL),
	(123, 810941.46, 294, 61, '2020-10-08 03:56:39', '2020-10-08 03:56:39', NULL),
	(33, 23550.78, 299, 61, '2020-10-08 03:56:39', '2020-10-08 03:56:39', NULL),
	(31, 177837.39, 17, 62, '2020-10-08 03:56:39', '2020-10-08 03:56:39', NULL),
	(3, 16223.97, 33, 62, '2020-10-08 03:56:39', '2020-10-08 03:56:39', NULL),
	(23, 227510.71, 70, 62, '2020-10-08 03:56:39', '2020-10-08 03:56:39', NULL),
	(3, 21226.02, 203, 62, '2020-10-08 03:56:39', '2020-10-08 03:56:39', NULL),
	(12, 45414.72, 249, 62, '2020-10-08 03:56:39', '2020-10-08 03:56:39', NULL),
	(88, 47283.28, 37, 63, '2020-10-08 03:56:39', '2020-10-08 03:56:39', NULL),
	(35, 68848.50, 53, 63, '2020-10-08 03:56:39', '2020-10-08 03:56:39', NULL),
	(88, 386361.36, 59, 63, '2020-10-08 03:56:39', '2020-10-08 03:56:39', NULL),
	(30, 208203.30, 111, 63, '2020-10-08 03:56:39', '2020-10-08 03:56:39', NULL),
	(36, 298674.00, 152, 63, '2020-10-08 03:56:39', '2020-10-08 03:56:39', NULL),
	(34, 268568.38, 175, 63, '2020-10-08 03:56:39', '2020-10-08 03:56:39', NULL),
	(101, 239625.53, 262, 63, '2020-10-08 03:56:39', '2020-10-08 03:56:39', NULL),
	(124, 1118890.44, 300, 63, '2020-10-08 03:56:39', '2020-10-08 03:56:39', NULL),
	(2, 10545.10, 71, 64, '2020-10-08 03:56:39', '2020-10-08 03:56:39', NULL),
	(16, 41174.24, 119, 64, '2020-10-08 03:56:39', '2020-10-08 03:56:39', NULL),
	(14, 19122.88, 244, 64, '2020-10-08 03:56:39', '2020-10-08 03:56:39', NULL),
	(9, 22341.33, 151, 65, '2020-10-08 03:56:39', '2020-10-08 03:56:39', NULL),
	(48, 114733.44, 153, 65, '2020-10-08 03:56:39', '2020-10-08 03:56:39', NULL),
	(12, 77578.68, 270, 65, '2020-10-08 03:56:39', '2020-10-08 03:56:39', NULL),
	(18, 9671.58, 37, 66, '2020-10-08 03:56:39', '2020-10-08 03:56:39', NULL),
	(36, 150202.80, 56, 66, '2020-10-08 03:56:39', '2020-10-08 03:56:39', NULL),
	(16, 60019.36, 57, 66, '2020-10-08 03:56:39', '2020-10-08 03:56:39', NULL),
	(17, 6810.20, 62, 66, '2020-10-08 03:56:39', '2020-10-08 03:56:39', NULL),
	(30, 171768.60, 78, 66, '2020-10-08 03:56:39', '2020-10-08 03:56:39', NULL),
	(25, 95192.75, 88, 66, '2020-10-08 03:56:39', '2020-10-08 03:56:39', NULL),
	(12, 70593.60, 112, 66, '2020-10-08 03:56:39', '2020-10-08 03:56:39', NULL),
	(74, 543555.16, 131, 66, '2020-10-08 03:56:39', '2020-10-08 03:56:39', NULL),
	(23, 121336.04, 180, 66, '2020-10-08 03:56:39', '2020-10-08 03:56:39', NULL),
	(47, 168313.58, 248, 66, '2020-10-08 03:56:39', '2020-10-08 03:56:39', NULL),
	(45, 438081.30, 13, 67, '2020-10-08 03:56:39', '2020-10-08 03:56:39', NULL),
	(2, 2758.58, 22, 67, '2020-10-08 03:56:39', '2020-10-08 03:56:39', NULL),
	(10, 19230.30, 29, 67, '2020-10-08 03:56:39', '2020-10-08 03:56:39', NULL),
	(111, 75864.06, 58, 67, '2020-10-08 03:56:39', '2020-10-08 03:56:39', NULL),
	(106, 854510.52, 81, 67, '2020-10-08 03:56:39', '2020-10-08 03:56:39', NULL),
	(14, 57626.80, 157, 67, '2020-10-08 03:56:39', '2020-10-08 03:56:39', NULL),
	(67, 265179.30, 219, 67, '2020-10-08 03:56:39', '2020-10-08 03:56:39', NULL),
	(11, 50872.47, 290, 67, '2020-10-08 03:56:39', '2020-10-08 03:56:39', NULL),
	(12, 3969.72, 2, 68, '2020-10-08 03:56:39', '2020-10-08 03:56:39', NULL),
	(61, 523321.44, 36, 68, '2020-10-08 03:56:39', '2020-10-08 03:56:39', NULL),
	(35, 146689.55, 45, 68, '2020-10-08 03:56:39', '2020-10-08 03:56:39', NULL),
	(11, 46355.76, 121, 68, '2020-10-08 03:56:39', '2020-10-08 03:56:39', NULL),
	(2, 13534.26, 139, 68, '2020-10-08 03:56:39', '2020-10-08 03:56:39', NULL),
	(56, 555005.36, 205, 68, '2020-10-08 03:56:39', '2020-10-08 03:56:39', NULL),
	(67, 16843.80, 208, 68, '2020-10-08 03:56:39', '2020-10-08 03:56:39', NULL),
	(0, 0.00, 227, 68, '2020-10-08 03:56:39', '2020-10-08 03:56:39', NULL),
	(2, 18407.16, 238, 68, '2020-10-08 03:56:39', '2020-10-08 03:56:39', NULL),
	(5, 18922.80, 249, 68, '2020-10-08 03:56:39', '2020-10-08 03:56:39', NULL),
	(64, 37200.00, 75, 69, '2020-10-08 03:56:39', '2020-10-08 03:56:39', NULL),
	(25, 197476.75, 175, 69, '2020-10-08 03:56:39', '2020-10-08 03:56:39', NULL),
	(12, 10819.56, 216, 69, '2020-10-08 03:56:39', '2020-10-08 03:56:39', NULL),
	(139, 1267495.13, 63, 70, '2020-10-08 03:56:39', '2020-10-08 03:56:39', NULL),
	(43, 407417.26, 66, 70, '2020-10-08 03:56:39', '2020-10-08 03:56:39', NULL),
	(12, 37386.48, 76, 70, '2020-10-08 03:56:39', '2020-10-08 03:56:39', NULL),
	(140, 339690.40, 96, 70, '2020-10-08 03:56:39', '2020-10-08 03:56:39', NULL),
	(62, 524107.08, 98, 70, '2020-10-08 03:56:39', '2020-10-08 03:56:39', NULL),
	(7, 17376.59, 151, 70, '2020-10-08 03:56:39', '2020-10-08 03:56:39', NULL),
	(32, 265488.00, 152, 70, '2020-10-08 03:56:39', '2020-10-08 03:56:39', NULL),
	(37, 19885.65, 267, 70, '2020-10-08 03:56:39', '2020-10-08 03:56:39', NULL),
	(6, 50902.38, 4, 71, '2020-10-08 03:56:39', '2020-10-08 03:56:39', NULL),
	(106, 853188.70, 41, 71, '2020-10-08 03:56:39', '2020-10-08 03:56:39', NULL),
	(4, 2075.92, 49, 71, '2020-10-08 03:56:39', '2020-10-08 03:56:39', NULL),
	(153, 88931.25, 75, 71, '2020-10-08 03:56:39', '2020-10-08 03:56:39', NULL),
	(8, 73926.08, 193, 71, '2020-10-08 03:56:39', '2020-10-08 03:56:39', NULL),
	(55, 208150.80, 249, 71, '2020-10-08 03:56:39', '2020-10-08 03:56:39', NULL),
	(144, 414406.08, 275, 71, '2020-10-08 03:56:39', '2020-10-08 03:56:39', NULL),
	(23, 198789.23, 8, 72, '2020-10-08 03:56:39', '2020-10-08 03:56:39', NULL),
	(21, 110723.55, 71, 72, '2020-10-08 03:56:39', '2020-10-08 03:56:39', NULL),
	(3, 22843.08, 91, 72, '2020-10-08 03:56:39', '2020-10-08 03:56:39', NULL),
	(145, 1154221.75, 100, 72, '2020-10-08 03:56:39', '2020-10-08 03:56:39', NULL),
	(8, 19079.68, 215, 72, '2020-10-08 03:56:39', '2020-10-08 03:56:39', NULL),
	(2, 17407.58, 218, 72, '2020-10-08 03:56:39', '2020-10-08 03:56:39', NULL),
	(16, 147257.28, 238, 72, '2020-10-08 03:56:39', '2020-10-08 03:56:39', NULL),
	(14, 51102.80, 269, 72, '2020-10-08 03:56:39', '2020-10-08 03:56:39', NULL),
	(8, 42180.40, 71, 73, '2020-10-08 03:56:39', '2020-10-08 03:56:39', NULL),
	(5, 44138.80, 140, 73, '2020-10-08 03:56:39', '2020-10-08 03:56:39', NULL),
	(42, 176952.30, 200, 73, '2020-10-08 03:56:39', '2020-10-08 03:56:39', NULL),
	(62, 438671.08, 203, 73, '2020-10-08 03:56:39', '2020-10-08 03:56:39', NULL),
	(63, 42375.69, 235, 74, '2020-10-08 03:56:39', '2020-10-08 03:56:39', NULL),
	(24, 17256.24, 281, 74, '2020-10-08 03:56:39', '2020-10-08 03:56:39', NULL),
	(42, 363006.42, 8, 75, '2020-10-08 03:56:39', '2020-10-08 03:56:39', NULL),
	(35, 132236.30, 14, 75, '2020-10-08 03:56:39', '2020-10-08 03:56:39', NULL),
	(6, 47311.86, 107, 75, '2020-10-08 03:56:39', '2020-10-08 03:56:39', NULL),
	(65, 77978.55, 116, 75, '2020-10-08 03:56:39', '2020-10-08 03:56:39', NULL),
	(11, 104843.75, 241, 75, '2020-10-08 03:56:39', '2020-10-08 03:56:39', NULL),
	(6, 56848.92, 66, 76, '2020-10-08 03:56:39', '2020-10-08 03:56:39', NULL),
	(33, 19593.42, 158, 76, '2020-10-08 03:56:39', '2020-10-08 03:56:39', NULL),
	(37, 275992.99, 167, 76, '2020-10-08 03:56:39', '2020-10-08 03:56:39', NULL),
	(34, 23324.68, 179, 76, '2020-10-08 03:56:39', '2020-10-08 03:56:39', NULL),
	(13, 7891.26, 226, 76, '2020-10-08 03:56:39', '2020-10-08 03:56:39', NULL),
	(95, 577003.40, 232, 76, '2020-10-08 03:56:39', '2020-10-08 03:56:39', NULL),
	(60, 513337.20, 246, 76, '2020-10-08 03:56:39', '2020-10-08 03:56:39', NULL),
	(9, 61621.56, 261, 76, '2020-10-08 03:56:39', '2020-10-08 03:56:39', NULL),
	(9, 64774.08, 289, 76, '2020-10-08 03:56:39', '2020-10-08 03:56:39', NULL),
	(185, 362455.70, 24, 77, '2020-10-08 03:56:39', '2020-10-08 03:56:39', NULL),
	(49, 95872.91, 83, 77, '2020-10-08 03:56:39', '2020-10-08 03:56:39', NULL),
	(38, 24713.30, 105, 77, '2020-10-08 03:56:39', '2020-10-08 03:56:39', NULL),
	(5, 21331.45, 110, 77, '2020-10-08 03:56:39', '2020-10-08 03:56:39', NULL),
	(53, 143047.00, 124, 77, '2020-10-08 03:56:39', '2020-10-08 03:56:39', NULL),
	(80, 109481.60, 169, 77, '2020-10-08 03:56:39', '2020-10-08 03:56:39', NULL),
	(29, 19894.58, 179, 77, '2020-10-08 03:56:39', '2020-10-08 03:56:39', NULL),
	(0, 0.00, 227, 77, '2020-10-08 03:56:39', '2020-10-08 03:56:39', NULL),
	(140, 850320.80, 232, 77, '2020-10-08 03:56:39', '2020-10-08 03:56:39', NULL),
	(32, 24313.28, 12, 78, '2020-10-08 03:56:39', '2020-10-08 03:56:39', NULL),
	(19, 119304.04, 27, 78, '2020-10-08 03:56:39', '2020-10-08 03:56:39', NULL),
	(67, 159792.32, 215, 78, '2020-10-08 03:56:39', '2020-10-08 03:56:39', NULL),
	(18, 131179.14, 223, 78, '2020-10-08 03:56:39', '2020-10-08 03:56:39', NULL),
	(49, 172486.86, 283, 78, '2020-10-08 03:56:39', '2020-10-08 03:56:39', NULL),
	(79, 531049.06, 291, 78, '2020-10-08 03:56:39', '2020-10-08 03:56:39', NULL),
	(2, 19214.62, 293, 78, '2020-10-08 03:56:39', '2020-10-08 03:56:39', NULL),
	(29, 61796.97, 183, 79, '2020-10-08 03:56:39', '2020-10-08 03:56:39', NULL),
	(1, 8841.50, 296, 79, '2020-10-08 03:56:39', '2020-10-08 03:56:39', NULL),
	(21, 113567.79, 33, 80, '2020-10-08 03:56:39', '2020-10-08 03:56:39', NULL),
	(33, 137685.90, 56, 80, '2020-10-08 03:56:39', '2020-10-08 03:56:39', NULL),
	(11, 39571.51, 79, 80, '2020-10-08 03:56:39', '2020-10-08 03:56:39', NULL),
	(16, 33613.44, 278, 80, '2020-10-08 03:56:39', '2020-10-08 03:56:39', NULL),
	(89, 866427.46, 13, 81, '2020-10-08 03:56:39', '2020-10-08 03:56:39', NULL),
	(2, 12558.32, 27, 81, '2020-10-08 03:56:39', '2020-10-08 03:56:39', NULL),
	(28, 72054.92, 119, 81, '2020-10-08 03:56:39', '2020-10-08 03:56:39', NULL),
	(32, 220661.44, 134, 81, '2020-10-08 03:56:39', '2020-10-08 03:56:39', NULL),
	(28, 203577.92, 184, 81, '2020-10-08 03:56:39', '2020-10-08 03:56:39', NULL),
	(91, 261881.62, 275, 81, '2020-10-08 03:56:39', '2020-10-08 03:56:39', NULL),
	(33, 86785.05, 28, 82, '2020-10-08 03:56:39', '2020-10-08 03:56:39', NULL),
	(56, 458295.60, 60, 82, '2020-10-08 03:56:39', '2020-10-08 03:56:39', NULL),
	(19, 182890.01, 178, 82, '2020-10-08 03:56:39', '2020-10-08 03:56:39', NULL),
	(6, 3473.22, 259, 82, '2020-10-08 03:56:39', '2020-10-08 03:56:39', NULL),
	(79, 628202.47, 265, 82, '2020-10-08 03:56:39', '2020-10-08 03:56:39', NULL),
	(46, 175154.66, 88, 83, '2020-10-08 03:56:39', '2020-10-08 03:56:39', NULL),
	(72, 673382.16, 130, 83, '2020-10-08 03:56:39', '2020-10-08 03:56:39', NULL),
	(66, 499359.96, 172, 83, '2020-10-08 03:56:39', '2020-10-08 03:56:39', NULL),
	(42, 12137.58, 182, 83, '2020-10-08 03:56:39', '2020-10-08 03:56:39', NULL),
	(87, 658844.04, 186, 83, '2020-10-08 03:56:39', '2020-10-08 03:56:39', NULL),
	(5, 12781.20, 188, 83, '2020-10-08 03:56:39', '2020-10-08 03:56:39', NULL),
	(12, 110076.96, 229, 83, '2020-10-08 03:56:39', '2020-10-08 03:56:39', NULL),
	(88, 699769.84, 265, 83, '2020-10-08 03:56:39', '2020-10-08 03:56:39', NULL),
	(4, 35366.00, 296, 83, '2020-10-08 03:56:39', '2020-10-08 03:56:39', NULL),
	(67, 280805.71, 45, 84, '2020-10-08 03:56:39', '2020-10-08 03:56:39', NULL),
	(35, 327338.55, 130, 84, '2020-10-08 03:56:39', '2020-10-08 03:56:39', NULL),
	(14, 19159.28, 169, 84, '2020-10-08 03:56:39', '2020-10-08 03:56:39', NULL),
	(8, 17033.52, 192, 84, '2020-10-08 03:56:39', '2020-10-08 03:56:39', NULL),
	(84, 343797.72, 276, 84, '2020-10-08 03:56:39', '2020-10-08 03:56:39', NULL),
	(144, 1036385.28, 289, 84, '2020-10-08 03:56:39', '2020-10-08 03:56:39', NULL),
	(11, 50872.47, 290, 84, '2020-10-08 03:56:39', '2020-10-08 03:56:39', NULL),
	(31, 108468.38, 146, 85, '2020-10-08 03:56:39', '2020-10-08 03:56:39', NULL),
	(63, 161043.12, 188, 85, '2020-10-08 03:56:39', '2020-10-08 03:56:39', NULL),
	(104, 411621.60, 219, 85, '2020-10-08 03:56:39', '2020-10-08 03:56:39', NULL),
	(19, 124041.50, 260, 85, '2020-10-08 03:56:39', '2020-10-08 03:56:39', NULL),
	(23, 7608.63, 2, 86, '2020-10-08 03:56:39', '2020-10-08 03:56:39', NULL),
	(110, 747597.40, 39, 86, '2020-10-08 03:56:39', '2020-10-08 03:56:39', NULL),
	(11, 57998.05, 71, 86, '2020-10-08 03:56:39', '2020-10-08 03:56:39', NULL),
	(11, 64710.80, 112, 86, '2020-10-08 03:56:39', '2020-10-08 03:56:39', NULL),
	(21, 59129.91, 129, 86, '2020-10-08 03:56:39', '2020-10-08 03:56:39', NULL),
	(21, 14406.42, 179, 86, '2020-10-08 03:56:39', '2020-10-08 03:56:39', NULL),
	(85, 193146.35, 187, 86, '2020-10-08 03:56:39', '2020-10-08 03:56:39', NULL),
	(41, 117001.70, 211, 86, '2020-10-08 03:56:39', '2020-10-08 03:56:39', NULL),
	(51, 251444.28, 286, 86, '2020-10-08 03:56:39', '2020-10-08 03:56:39', NULL),
	(32, 50617.60, 298, 86, '2020-10-08 03:56:39', '2020-10-08 03:56:39', NULL),
	(19, 24780.18, 26, 87, '2020-10-08 03:56:39', '2020-10-08 03:56:39', NULL),
	(14, 4045.86, 182, 87, '2020-10-08 03:56:39', '2020-10-08 03:56:39', NULL),
	(81, 53777.52, 247, 87, '2020-10-08 03:56:39', '2020-10-08 03:56:39', NULL),
	(59, 40324.14, 58, 88, '2020-10-08 03:56:39', '2020-10-08 03:56:39', NULL),
	(68, 389481.56, 103, 88, '2020-10-08 03:56:39', '2020-10-08 03:56:39', NULL),
	(18, 120726.00, 117, 88, '2020-10-08 03:56:39', '2020-10-08 03:56:39', NULL),
	(73, 684509.32, 137, 88, '2020-10-08 03:56:39', '2020-10-08 03:56:39', NULL),
	(21, 194055.96, 193, 88, '2020-10-08 03:56:39', '2020-10-08 03:56:39', NULL),
	(65, 552791.20, 202, 88, '2020-10-08 03:56:39', '2020-10-08 03:56:39', NULL),
	(33, 94172.10, 211, 88, '2020-10-08 03:56:39', '2020-10-08 03:56:39', NULL),
	(15, 9105.30, 226, 88, '2020-10-08 03:56:39', '2020-10-08 03:56:39', NULL),
	(29, 89094.96, 251, 88, '2020-10-08 03:56:39', '2020-10-08 03:56:39', NULL),
	(5, 10820.85, 253, 88, '2020-10-08 03:56:39', '2020-10-08 03:56:39', NULL),
	(60, 108849.60, 40, 89, '2020-10-08 03:56:39', '2020-10-08 03:56:39', NULL),
	(3, 20105.85, 48, 89, '2020-10-08 03:56:39', '2020-10-08 03:56:39', NULL),
	(52, 348764.00, 117, 89, '2020-10-08 03:56:39', '2020-10-08 03:56:39', NULL),
	(88, 52249.12, 158, 89, '2020-10-08 03:56:39', '2020-10-08 03:56:39', NULL),
	(14, 35787.36, 188, 89, '2020-10-08 03:56:39', '2020-10-08 03:56:39', NULL),
	(1, 161.78, 214, 89, '2020-10-08 03:56:39', '2020-10-08 03:56:39', NULL),
	(98, 780997.28, 217, 89, '2020-10-08 03:56:40', '2020-10-08 03:56:40', NULL),
	(1, 1212.02, 220, 89, '2020-10-08 03:56:40', '2020-10-08 03:56:40', NULL),
	(52, 217938.76, 45, 90, '2020-10-08 03:56:40', '2020-10-08 03:56:40', NULL),
	(18, 120726.00, 117, 90, '2020-10-08 03:56:40', '2020-10-08 03:56:40', NULL),
	(6, 41200.32, 154, 90, '2020-10-08 03:56:40', '2020-10-08 03:56:40', NULL),
	(72, 497462.40, 207, 90, '2020-10-08 03:56:40', '2020-10-08 03:56:40', NULL),
	(120, 284703.60, 262, 90, '2020-10-08 03:56:40', '2020-10-08 03:56:40', NULL),
	(8, 67626.72, 98, 91, '2020-10-08 03:56:40', '2020-10-08 03:56:40', NULL),
	(32, 234184.96, 141, 91, '2020-10-08 03:56:40', '2020-10-08 03:56:40', NULL),
	(47, 294550.88, 284, 91, '2020-10-08 03:56:40', '2020-10-08 03:56:40', NULL),
	(103, 200387.53, 99, 92, '2020-10-08 03:56:40', '2020-10-08 03:56:40', NULL),
	(74, 728993.98, 101, 92, '2020-10-08 03:56:40', '2020-10-08 03:56:40', NULL),
	(49, 244417.88, 166, 92, '2020-10-08 03:56:40', '2020-10-08 03:56:40', NULL),
	(65, 157240.20, 230, 92, '2020-10-08 03:56:40', '2020-10-08 03:56:40', NULL),
	(118, 339582.76, 275, 92, '2020-10-08 03:56:40', '2020-10-08 03:56:40', NULL),
	(110, 1069607.00, 277, 92, '2020-10-08 03:56:40', '2020-10-08 03:56:40', NULL),
	(142, 107890.18, 12, 93, '2020-10-08 03:56:40', '2020-10-08 03:56:40', NULL),
	(65, 116289.55, 89, 93, '2020-10-08 03:56:40', '2020-10-08 03:56:40', NULL),
	(33, 273784.50, 152, 93, '2020-10-08 03:56:40', '2020-10-08 03:56:40', NULL),
	(17, 135479.12, 217, 93, '2020-10-08 03:56:40', '2020-10-08 03:56:40', NULL),
	(2, 4328.34, 253, 93, '2020-10-08 03:56:40', '2020-10-08 03:56:40', NULL),
	(29, 60924.36, 278, 93, '2020-10-08 03:56:40', '2020-10-08 03:56:40', NULL),
	(107, 1013805.74, 66, 94, '2020-10-08 03:56:40', '2020-10-08 03:56:40', NULL),
	(47, 391980.94, 108, 94, '2020-10-08 03:56:40', '2020-10-08 03:56:40', NULL),
	(72, 528864.48, 131, 94, '2020-10-08 03:56:40', '2020-10-08 03:56:40', NULL),
	(1, 3803.86, 165, 94, '2020-10-08 03:56:40', '2020-10-08 03:56:40', NULL),
	(8, 78355.92, 196, 94, '2020-10-08 03:56:40', '2020-10-08 03:56:40', NULL),
	(1, 8219.12, 227, 94, '2020-10-08 03:56:40', '2020-10-08 03:56:40', NULL),
	(58, 461211.94, 265, 94, '2020-10-08 03:56:40', '2020-10-08 03:56:40', NULL),
	(21, 98479.08, 11, 95, '2020-10-08 03:56:40', '2020-10-08 03:56:40', NULL),
	(53, 96150.48, 40, 95, '2020-10-08 03:56:40', '2020-10-08 03:56:40', NULL),
	(12, 94826.28, 118, 95, '2020-10-08 03:56:40', '2020-10-08 03:56:40', NULL),
	(29, 271223.37, 130, 95, '2020-10-08 03:56:40', '2020-10-08 03:56:40', NULL),
	(34, 234452.78, 134, 95, '2020-10-08 03:56:40', '2020-10-08 03:56:40', NULL),
	(23, 225273.27, 196, 95, '2020-10-08 03:56:40', '2020-10-08 03:56:40', NULL),
	(109, 112014.94, 236, 95, '2020-10-08 03:56:40', '2020-10-08 03:56:40', NULL),
	(63, 539004.06, 246, 95, '2020-10-08 03:56:40', '2020-10-08 03:56:40', NULL),
	(2, 5576.78, 257, 95, '2020-10-08 03:56:40', '2020-10-08 03:56:40', NULL),
	(3, 27918.00, 268, 95, '2020-10-08 03:56:40', '2020-10-08 03:56:40', NULL),
	(33, 75957.09, 18, 96, '2020-10-08 03:56:40', '2020-10-08 03:56:40', NULL),
	(109, 58566.79, 37, 96, '2020-10-08 03:56:40', '2020-10-08 03:56:40', NULL),
	(1, 3799.71, 52, 96, '2020-10-08 03:56:40', '2020-10-08 03:56:40', NULL),
	(27, 225180.54, 108, 96, '2020-10-08 03:56:40', '2020-10-08 03:56:40', NULL),
	(17, 71640.72, 121, 96, '2020-10-08 03:56:40', '2020-10-08 03:56:40', NULL),
	(2, 13733.44, 154, 96, '2020-10-08 03:56:40', '2020-10-08 03:56:40', NULL),
	(1, 3803.86, 165, 96, '2020-10-08 03:56:40', '2020-10-08 03:56:40', NULL),
	(38, 283452.26, 167, 96, '2020-10-08 03:56:40', '2020-10-08 03:56:40', NULL),
	(72, 44532.72, 190, 96, '2020-10-08 03:56:40', '2020-10-08 03:56:40', NULL),
	(19, 114765.51, 255, 96, '2020-10-08 03:56:40', '2020-10-08 03:56:40', NULL),
	(4, 3039.16, 12, 97, '2020-10-08 03:56:40', '2020-10-08 03:56:40', NULL),
	(19, 11344.33, 34, 97, '2020-10-08 03:56:40', '2020-10-08 03:56:40', NULL),
	(20, 81938.80, 127, 97, '2020-10-08 03:56:40', '2020-10-08 03:56:40', NULL),
	(24, 181585.44, 172, 97, '2020-10-08 03:56:40', '2020-10-08 03:56:40', NULL),
	(101, 739146.28, 141, 98, '2020-10-08 03:56:40', '2020-10-08 03:56:40', NULL),
	(129, 128378.22, 282, 98, '2020-10-08 03:56:40', '2020-10-08 03:56:40', NULL),
	(53, 63582.51, 116, 99, '2020-10-08 03:56:40', '2020-10-08 03:56:40', NULL),
	(142, 339419.76, 153, 99, '2020-10-08 03:56:40', '2020-10-08 03:56:40', NULL),
	(3, 805.59, 177, 99, '2020-10-08 03:56:40', '2020-10-08 03:56:40', NULL),
	(83, 200783.64, 230, 99, '2020-10-08 03:56:40', '2020-10-08 03:56:40', NULL),
	(48, 387129.60, 258, 99, '2020-10-08 03:56:40', '2020-10-08 03:56:40', NULL),
	(151, 1470006.14, 13, 100, '2020-10-08 03:56:40', '2020-10-08 03:56:40', NULL),
	(75, 486585.75, 93, 100, '2020-10-08 03:56:40', '2020-10-08 03:56:40', NULL),
	(58, 402526.38, 111, 100, '2020-10-08 03:56:40', '2020-10-08 03:56:40', NULL),
	(103, 634213.23, 122, 100, '2020-10-08 03:56:40', '2020-10-08 03:56:40', NULL),
	(24, 110930.40, 123, 100, '2020-10-08 03:56:40', '2020-10-08 03:56:40', NULL),
	(165, 1230779.55, 167, 100, '2020-10-08 03:56:40', '2020-10-08 03:56:40', NULL),
	(83, 603463.12, 184, 100, '2020-10-08 03:56:40', '2020-10-08 03:56:40', NULL),
	(128, 127383.04, 282, 100, '2020-10-08 03:56:40', '2020-10-08 03:56:40', NULL),
	(63, 174273.12, 288, 100, '2020-10-08 03:56:40', '2020-10-08 03:56:40', NULL);

--  estructura para tabla rumbabar.proveedores
CREATE TABLE IF NOT EXISTS `proveedores` (
  `ProveedorId` bigint(20) unsigned NOT NULL AUTO_INCREMENT,
  `ProveedorNombre` varchar(255) NOT NULL,
  `ProveedorNit` varchar(255) NOT NULL,
  `created_at` timestamp NULL DEFAULT NULL,
  `updated_at` timestamp NULL DEFAULT NULL,
  `deleted_at` timestamp NULL DEFAULT NULL,
  PRIMARY KEY (`ProveedorId`)
) ENGINE=InnoDB;

--  datos para la tabla rumbabar.proveedores: ~50 rows (aproximadamente)
DELETE FROM `proveedores`;
INSERT INTO `proveedores` (`ProveedorId`, `ProveedorNombre`, `ProveedorNit`, `created_at`, `updated_at`, `deleted_at`) VALUES
	(1, 'Méndez-Arriaga y Asoc.', '915.893.391-2', '2020-08-19 10:38:09', '2020-09-29 17:52:05', NULL),
	(2, 'Tamayo y Aguirre', '561.885.238-1', '2020-08-26 02:39:08', '2020-10-03 04:25:15', NULL),
	(3, 'Grupo Valle e Hija', '854.135.778-8', '2020-08-15 15:21:30', '2020-10-01 01:24:27', NULL),
	(4, 'Asociación Valadez-Grijalva', '459.298.819-6', '2020-08-18 12:40:13', '2020-09-22 01:05:57', NULL),
	(5, 'Empresa Villalpando', '909.930.747-6', '2020-08-19 11:41:41', '2020-09-20 01:07:01', NULL),
	(6, 'Trejo, Zamora y Castaño SRL', '918.709.207-3', '2020-08-23 16:55:07', '2020-09-13 18:36:48', NULL),
	(7, 'Vicente y Andrés', '806.201.696-4', '2020-08-22 01:03:22', '2020-09-20 08:17:30', NULL),
	(8, 'Roca y Baca', '697.617.408-3', '2020-08-23 09:47:55', '2020-09-18 01:21:57', NULL),
	(9, 'Viajes Llamas', '529.544.455-2', '2020-08-31 13:13:05', '2020-09-10 18:55:51', NULL),
	(10, 'Nájera de Benítez y Asoc.', '822.262.622-5', '2020-08-21 08:14:38', '2020-09-17 15:13:07', NULL),
	(11, 'Rendón-Olivárez SRL', '195.070.973-1', '2020-08-15 22:26:26', '2020-10-05 08:20:44', NULL),
	(12, 'Beltrán-Villanueva S. de H.', '442.409.123-6', '2020-08-17 14:54:58', '2020-10-03 23:19:16', NULL),
	(13, 'Calvo, Tapia y Rael S. de H.', '058.526.371-7', '2020-08-30 19:14:43', '2020-09-19 03:57:54', NULL),
	(14, 'Campos y Briones', '291.534.282-0', '2020-08-27 23:14:43', '2020-09-19 07:18:25', NULL),
	(15, 'Madrigal y Montenegro e Hijos', '407.856.185-2', '2020-08-23 21:20:05', '2020-09-30 18:44:37', NULL),
	(16, 'Grupo Negrón-Juárez', '302.198.677-7', '2020-08-25 20:07:09', '2020-09-30 21:03:11', NULL),
	(17, 'Godoy, Baeza y Montaño e Hijo', '411.516.323-5', '2020-08-20 22:05:55', '2020-09-14 01:52:27', NULL),
	(18, 'Iglesias-Ordóñez e Hija', '102.902.817-2', '2020-08-25 10:27:28', '2020-09-24 14:11:05', NULL),
	(19, 'Viajes Arredondo e Hijos', '221.049.260-5', '2020-08-18 05:07:16', '2020-10-01 06:46:12', NULL),
	(20, 'Villagómez, Escobar y Moya e Hijos', '546.292.866-4', '2020-08-30 02:32:03', '2020-09-17 16:31:18', NULL),
	(21, 'Rentería de Ocampo', '518.682.967-1', '2020-08-20 12:05:16', '2020-09-16 03:47:34', NULL),
	(22, 'Herrera de Palomo', '669.264.745-9', '2020-08-20 05:06:47', '2020-10-01 23:41:18', NULL),
	(23, 'Marrero-Abeyta e Hijo', '396.413.283-9', '2020-08-15 09:54:16', '2020-09-11 09:45:12', NULL),
	(24, 'Valles de Perea e Hija', '880.776.997-3', '2020-08-15 12:59:51', '2020-10-02 06:21:28', NULL),
	(25, 'Viajes Del Río-Mayorga', '657.280.825-0', '2020-08-17 13:30:33', '2020-09-11 21:07:27', NULL),
	(26, 'Rosario de Tejeda e Hijos', '244.694.792-8', '2020-08-29 07:37:55', '2020-10-01 03:22:36', NULL),
	(27, 'Ortíz, Casanova y Olivares e Hijo', '257.426.613-0', '2020-08-16 22:20:16', '2020-10-04 20:07:15', NULL),
	(28, 'Arribas y Bustos SA', '922.086.083-9', '2020-08-25 05:59:21', '2020-09-06 06:49:00', NULL),
	(29, 'Gallardo-Andreu e Hijo', '252.285.877-5', '2020-08-16 15:20:51', '2020-10-02 14:49:38', NULL),
	(30, 'Air Cisneros-Cruz', '922.034.424-3', '2020-08-19 06:23:08', '2020-10-06 22:20:29', NULL),
	(31, 'Berríos, Sandoval y Yáñez e Hijos', '115.143.401-6', '2020-08-17 14:28:11', '2020-10-02 19:05:32', NULL),
	(32, 'Arguello, Botello y Vigil y Asoc.', '932.014.142-2', '2020-08-29 17:57:58', '2020-09-18 19:47:23', NULL),
	(33, 'Empresa Merino-Cabello', '568.220.243-0', '2020-08-30 06:44:09', '2020-09-12 09:56:33', NULL),
	(34, 'Gestora Osorio-Luján', '762.473.419-6', '2020-08-28 21:17:12', '2020-09-11 01:49:37', NULL),
	(35, 'Manzano y Luevano', '445.804.127-9', '2020-08-17 02:55:45', '2020-09-10 15:11:46', NULL),
	(36, 'Lira, Adorno y Vera SA', '582.609.668-9', '2020-08-31 18:51:18', '2020-10-02 20:02:45', NULL),
	(37, 'Girón y Madrid', '725.282.452-1', '2020-08-19 15:38:05', '2020-09-10 18:18:10', NULL),
	(38, 'Asensio y Guerrero e Hijo', '384.513.930-2', '2020-08-20 16:47:24', '2020-09-03 14:29:47', NULL),
	(39, 'Bustos, Zepeda y Tórrez y Asoc.', '082.965.064-5', '2020-08-27 20:25:52', '2020-09-26 12:21:57', NULL),
	(40, 'Global Lorenzo-Villar', '538.417.773-8', '2020-08-19 22:26:32', '2020-09-26 13:14:10', NULL),
	(41, 'Air Bañuelos-Delatorre', '770.043.638-9', '2020-08-25 23:48:14', '2020-09-26 21:41:20', NULL),
	(42, 'Rubio y Gálvez e Hijos', '119.069.417-2', '2020-08-31 13:19:32', '2020-09-25 15:30:10', NULL),
	(43, 'Malave-Escudero S. de H.', '256.650.582-1', '2020-08-17 19:15:27', '2020-09-03 19:17:03', NULL),
	(44, 'Flores de Barragán', '702.409.950-3', '2020-08-23 12:36:05', '2020-09-26 17:26:42', NULL),
	(45, 'Air Zamudio-Alicea', '298.781.968-6', '2020-08-25 11:16:55', '2020-09-22 15:15:27', NULL),
	(46, 'Espinal-Cordero e Hija', '251.153.999-5', '2020-08-27 03:13:13', '2020-09-07 12:53:55', NULL),
	(47, 'Viajes Estrada', '746.621.827-4', '2020-08-15 16:57:07', '2020-09-23 18:33:19', NULL),
	(48, 'Tijerina-Ybarra e Hijo', '738.751.418-5', '2020-08-20 06:16:02', '2020-09-30 06:53:29', NULL),
	(49, 'Empresa Rey SRL', '509.858.675-8', '2020-08-18 04:26:53', '2020-09-15 20:53:21', NULL),
	(50, 'Fajardo de Balderas y Asoc.', '474.183.765-5', '2020-08-20 12:36:10', '2020-09-30 00:00:34', NULL);

--  estructura para tabla rumbabar.roles
CREATE TABLE IF NOT EXISTS `roles` (
  `RolId` bigint(20) unsigned NOT NULL AUTO_INCREMENT,
  `RolNombre` varchar(255) NOT NULL,
  `created_at` timestamp NULL DEFAULT NULL,
  `updated_at` timestamp NULL DEFAULT NULL,
  `deleted_at` timestamp NULL DEFAULT NULL,
  PRIMARY KEY (`RolId`)
) ENGINE=InnoDB;

--  datos para la tabla rumbabar.roles: ~4 rows (aproximadamente)
DELETE FROM `roles`;
INSERT INTO `roles` (`RolId`, `RolNombre`, `created_at`, `updated_at`, `deleted_at`) VALUES
	(1, 'Programador', NULL, NULL, NULL),
	(2, 'Administrador', NULL, NULL, NULL),
	(3, 'Usuario', NULL, NULL, NULL),
	(4, 'Suplente', NULL, NULL, NULL);

--  estructura para tabla rumbabar.usuarios
CREATE TABLE IF NOT EXISTS `usuarios` (
  `UsuarioId` bigint(20) unsigned NOT NULL AUTO_INCREMENT,
  `UsuarioName` varchar(255) NOT NULL,
  `UsuarioEmail` varchar(255) NOT NULL,
  `email_verified_at` timestamp NULL DEFAULT NULL,
  `UsuarioPassword` varchar(255) NOT NULL,
  `fk_rol` bigint(20) unsigned NOT NULL,
  `remember_token` varchar(100) DEFAULT NULL,
  `created_at` timestamp NULL DEFAULT NULL,
  `updated_at` timestamp NULL DEFAULT NULL,
  `deleted_at` timestamp NULL DEFAULT NULL,
  PRIMARY KEY (`UsuarioId`),
  UNIQUE KEY `usuarios_usuarioemail_unique` (`UsuarioEmail`),
  KEY `usuarios_fk_rol_foreign` (`fk_rol`),
  CONSTRAINT `usuarios_fk_rol_foreign` FOREIGN KEY (`fk_rol`) REFERENCES `roles` (`RolId`)
) ENGINE=InnoDB;

--  datos para la tabla rumbabar.usuarios: ~5 rows (aproximadamente)
DELETE FROM `usuarios`;
INSERT INTO `usuarios` (`UsuarioId`, `UsuarioName`, `UsuarioEmail`, `email_verified_at`, `UsuarioPassword`, `fk_rol`, `remember_token`, `created_at`, `updated_at`, `deleted_at`) VALUES
	(1, 'yolanda.vazquez', 'yolanda.vazquez@yahoo.com', NULL, '$2y$10$92IXUNpkjO0rOQ5byMi.Ye4oKoEa3Ro9llC/.og/at2.uheWG/igi', 4, NULL, '2020-08-29 03:22:22', '2020-09-05 07:33:05', NULL),
	(2, 'medrano.natalia', 'medrano.natalia@hispavista.com', NULL, '$2y$10$92IXUNpkjO0rOQ5byMi.Ye4oKoEa3Ro9llC/.og/at2.uheWG/igi', 3, NULL, '2020-08-22 02:16:58', '2020-09-27 15:08:55', NULL),
	(3, 'rbanuelos', 'rbanuelos@gmail.com', NULL, '$2y$10$92IXUNpkjO0rOQ5byMi.Ye4oKoEa3Ro9llC/.og/at2.uheWG/igi', 3, NULL, '2020-08-25 03:14:35', '2020-09-18 12:32:10', NULL),
	(4, 'adrian79', 'adrian79@hispavista.com', NULL, '$2y$10$92IXUNpkjO0rOQ5byMi.Ye4oKoEa3Ro9llC/.og/at2.uheWG/igi', 4, NULL, '2020-08-20 06:08:23', '2020-09-01 09:45:49', NULL),
	(5, 'briones.ander', 'briones.ander@latinmail.com', NULL, '$2y$10$92IXUNpkjO0rOQ5byMi.Ye4oKoEa3Ro9llC/.og/at2.uheWG/igi', 1, NULL, '2020-08-20 01:54:00', '2020-09-05 00:49:55', NULL);

--  estructura para tabla rumbabar.ventas
CREATE TABLE IF NOT EXISTS `ventas` (
  `VentaId` bigint(20) unsigned NOT NULL AUTO_INCREMENT,
  `VentaSaldo` double(10,2) NOT NULL,
  `VentaTotal` double(10,2) NOT NULL,
  `fk_user` bigint(20) unsigned NOT NULL,
  `fk_mesa` bigint(20) unsigned NOT NULL,
  `fk_cliente` bigint(20) unsigned NOT NULL,
  `created_at` timestamp NULL DEFAULT NULL,
  `updated_at` timestamp NULL DEFAULT NULL,
  `deleted_at` timestamp NULL DEFAULT NULL,
  PRIMARY KEY (`VentaId`),
  KEY `ventas_fk_user_foreign` (`fk_user`),
  KEY `ventas_fk_mesa_foreign` (`fk_mesa`),
  KEY `ventas_fk_cliente_foreign` (`fk_cliente`),
  CONSTRAINT `ventas_fk_cliente_foreign` FOREIGN KEY (`fk_cliente`) REFERENCES `clientes` (`ClienteId`),
  CONSTRAINT `ventas_fk_mesa_foreign` FOREIGN KEY (`fk_mesa`) REFERENCES `mesas` (`MesaId`),
  CONSTRAINT `ventas_fk_user_foreign` FOREIGN KEY (`fk_user`) REFERENCES `usuarios` (`UsuarioId`)
) ENGINE=InnoDB;

--  datos para la tabla rumbabar.ventas: ~100 rows (aproximadamente)
DELETE FROM `ventas`;
INSERT INTO `ventas` (`VentaId`, `VentaSaldo`, `VentaTotal`, `fk_user`, `fk_mesa`, `fk_cliente`, `created_at`, `updated_at`, `deleted_at`) VALUES
	(1, 14961.75, 59847.00, 4, 15, 78, '2020-08-26 06:15:29', '2020-09-06 04:48:34', NULL),
	(2, 4204.80, 21024.00, 5, 3, 84, '2020-08-23 02:53:39', '2020-09-30 00:13:34', NULL),
	(3, 6940.20, 69402.00, 3, 14, 5, '2020-08-28 16:03:00', '2020-09-30 20:47:34', NULL),
	(4, 1463.29, 10243.00, 3, 7, 22, '2020-08-18 15:16:14', '2020-09-14 02:56:58', NULL),
	(5, 7231.00, 21693.00, 1, 1, 60, '2020-08-16 01:35:08', '2020-09-24 15:40:01', NULL),
	(6, 10402.20, 52011.00, 3, 8, 59, '2020-08-21 12:21:24', '2020-09-14 20:40:48', NULL),
	(7, 74822.00, 74822.00, 2, 12, 74, '2020-08-28 15:17:22', '2020-09-27 20:19:04', NULL),
	(8, 145.00, 1450.00, 5, 4, 59, '2020-08-22 09:13:09', '2020-09-28 19:47:56', NULL),
	(9, 574.38, 4595.00, 4, 9, 72, '2020-08-16 11:44:58', '2020-09-03 06:01:21', NULL),
	(10, 621.38, 4971.00, 5, 7, 44, '2020-08-18 21:55:15', '2020-09-28 10:23:48', NULL),
	(11, 3684.25, 29474.00, 5, 4, 59, '2020-08-26 04:02:17', '2020-09-18 05:33:15', NULL),
	(12, 3280.12, 26241.00, 3, 13, 45, '2020-08-22 06:29:01', '2020-10-01 09:43:22', NULL),
	(13, 18447.50, 73790.00, 4, 9, 53, '2020-08-21 03:59:17', '2020-09-05 11:40:12', NULL),
	(14, 45162.00, 90324.00, 5, 7, 45, '2020-08-28 23:10:20', '2020-09-20 16:18:00', NULL),
	(15, 7456.75, 59654.00, 2, 14, 100, '2020-08-30 23:11:53', '2020-09-17 23:52:04', NULL),
	(16, 7326.50, 43959.00, 2, 10, 73, '2020-08-25 00:49:43', '2020-09-20 01:42:21', NULL),
	(17, 384.50, 3076.00, 3, 11, 56, '2020-08-18 11:12:02', '2020-09-30 01:09:48', NULL),
	(18, 15996.00, 31992.00, 2, 8, 7, '2020-08-27 19:35:40', '2020-09-26 23:27:19', NULL),
	(19, 2326.62, 18613.00, 1, 13, 48, '2020-08-24 18:53:11', '2020-09-27 20:05:12', NULL),
	(20, 88412.00, 88412.00, 3, 1, 4, '2020-08-21 05:35:12', '2020-09-26 02:30:49', NULL),
	(21, 3675.10, 36751.00, 2, 10, 26, '2020-08-17 10:06:15', '2020-09-15 09:32:55', NULL),
	(22, 18748.20, 93741.00, 1, 15, 60, '2020-08-26 02:27:47', '2020-10-05 09:47:21', NULL),
	(23, 12969.75, 51879.00, 5, 9, 86, '2020-08-29 20:23:09', '2020-09-23 07:22:34', NULL),
	(24, 3230.89, 29078.00, 5, 14, 18, '2020-08-20 17:00:03', '2020-09-01 21:08:17', NULL),
	(25, 12461.50, 74769.00, 5, 14, 24, '2020-08-16 12:21:34', '2020-09-06 09:06:37', NULL),
	(26, 19905.20, 99526.00, 3, 3, 67, '2020-08-20 14:01:53', '2020-09-10 04:12:41', NULL),
	(27, 483.00, 4347.00, 3, 7, 38, '2020-08-27 19:33:03', '2020-09-07 00:59:33', NULL),
	(28, 4219.50, 16878.00, 3, 13, 4, '2020-08-21 05:50:02', '2020-09-28 04:05:35', NULL),
	(29, 13634.29, 95440.00, 4, 5, 20, '2020-08-27 04:02:28', '2020-09-30 07:41:05', NULL),
	(30, 4847.29, 33931.00, 1, 4, 24, '2020-08-25 22:36:48', '2020-09-11 00:43:32', NULL),
	(31, 6541.00, 32705.00, 4, 8, 86, '2020-08-15 20:15:59', '2020-09-26 22:22:00', NULL),
	(32, 4739.67, 28438.00, 3, 12, 65, '2020-08-19 15:09:16', '2020-09-04 03:33:34', NULL),
	(33, 13879.80, 69399.00, 5, 12, 57, '2020-08-25 10:50:19', '2020-09-13 00:09:42', NULL),
	(34, 9780.50, 97805.00, 3, 14, 93, '2020-08-31 12:24:30', '2020-09-29 09:31:16', NULL),
	(35, 3297.12, 26377.00, 4, 3, 13, '2020-08-24 20:43:59', '2020-09-15 14:25:26', NULL),
	(36, 13386.00, 66930.00, 4, 14, 16, '2020-08-23 17:12:37', '2020-09-16 19:55:38', NULL),
	(37, 953.67, 5722.00, 3, 1, 13, '2020-08-22 09:23:20', '2020-09-28 00:32:27', NULL),
	(38, 7690.22, 69212.00, 3, 8, 96, '2020-08-31 10:05:26', '2020-09-12 03:50:53', NULL),
	(39, 7902.11, 71119.00, 2, 11, 49, '2020-08-24 16:35:37', '2020-09-12 16:18:53', NULL),
	(40, 9934.00, 69538.00, 5, 2, 11, '2020-08-24 14:56:48', '2020-09-09 03:01:11', NULL),
	(41, 2848.56, 25637.00, 4, 10, 43, '2020-08-26 09:34:10', '2020-09-17 22:25:47', NULL),
	(42, 14035.29, 98247.00, 5, 15, 79, '2020-08-30 12:27:50', '2020-09-14 12:14:55', NULL),
	(43, 22908.75, 91635.00, 3, 15, 65, '2020-08-19 11:57:35', '2020-09-15 06:25:15', NULL),
	(44, 71262.00, 71262.00, 3, 8, 50, '2020-08-23 14:25:02', '2020-09-16 15:45:38', NULL),
	(45, 2116.44, 19048.00, 3, 15, 78, '2020-08-28 01:29:18', '2020-09-12 02:25:21', NULL),
	(46, 13582.80, 67914.00, 3, 11, 28, '2020-08-26 06:34:40', '2020-09-05 10:19:56', NULL),
	(47, 28397.33, 85192.00, 2, 12, 44, '2020-08-19 16:20:20', '2020-09-27 04:39:55', NULL),
	(48, 2559.00, 15354.00, 1, 13, 30, '2020-08-28 20:12:46', '2020-09-02 21:26:30', NULL),
	(49, 5095.00, 50950.00, 1, 9, 75, '2020-08-29 11:12:30', '2020-09-26 22:30:56', NULL),
	(50, 19825.50, 79302.00, 5, 5, 69, '2020-08-31 23:24:20', '2020-09-02 12:08:16', NULL),
	(51, 6261.83, 37571.00, 2, 1, 92, '2020-08-19 13:43:49', '2020-09-18 12:43:31', NULL),
	(52, 862.50, 5175.00, 3, 12, 96, '2020-08-17 08:56:34', '2020-09-15 11:05:30', NULL),
	(53, 12871.50, 25743.00, 4, 5, 29, '2020-08-17 19:52:27', '2020-10-05 06:11:15', NULL),
	(54, 10469.00, 41876.00, 3, 9, 85, '2020-08-16 10:41:20', '2020-09-22 05:39:46', NULL),
	(55, 18195.00, 54585.00, 4, 15, 81, '2020-08-17 00:08:23', '2020-09-08 14:01:27', NULL),
	(56, 5287.00, 37009.00, 2, 7, 74, '2020-08-23 12:13:44', '2020-10-01 06:07:10', NULL),
	(57, 9325.80, 46629.00, 4, 2, 78, '2020-08-30 00:24:13', '2020-09-15 06:45:19', NULL),
	(58, 4663.00, 13989.00, 1, 7, 26, '2020-08-18 07:05:32', '2020-09-17 18:33:42', NULL),
	(59, 5756.70, 57567.00, 1, 11, 8, '2020-08-27 13:56:16', '2020-09-03 18:45:41', NULL),
	(60, 16067.60, 80338.00, 3, 10, 52, '2020-08-16 11:01:23', '2020-09-20 06:49:06', NULL),
	(61, 9454.00, 85086.00, 2, 7, 31, '2020-08-26 21:05:42', '2020-09-12 02:21:39', NULL),
	(62, 8922.00, 80298.00, 4, 4, 91, '2020-08-24 06:52:00', '2020-10-06 20:07:11', NULL),
	(63, 8869.88, 70959.00, 5, 2, 32, '2020-08-22 07:26:41', '2020-09-14 02:28:48', NULL),
	(64, 12341.33, 74048.00, 2, 6, 8, '2020-08-29 01:05:59', '2020-09-27 07:46:56', NULL),
	(65, 21512.00, 21512.00, 4, 6, 69, '2020-08-26 04:46:59', '2020-09-23 10:16:04', NULL),
	(66, 48715.00, 97430.00, 4, 14, 43, '2020-08-16 08:03:01', '2020-09-11 14:19:22', NULL),
	(67, 2630.50, 26305.00, 2, 2, 26, '2020-08-26 14:44:46', '2020-09-26 02:45:55', NULL),
	(68, 10903.71, 76326.00, 3, 12, 42, '2020-08-15 10:29:31', '2020-09-10 15:35:22', NULL),
	(69, 29948.33, 89845.00, 3, 6, 61, '2020-08-26 12:55:17', '2020-09-18 20:15:40', NULL),
	(70, 11541.67, 69250.00, 5, 15, 63, '2020-08-26 14:30:14', '2020-09-24 21:17:38', NULL),
	(71, 12841.60, 64208.00, 2, 14, 4, '2020-08-16 05:52:04', '2020-09-04 13:20:51', NULL),
	(72, 6788.80, 33944.00, 3, 14, 29, '2020-08-15 01:34:22', '2020-10-01 21:23:35', NULL),
	(73, 2184.75, 8739.00, 2, 14, 75, '2020-08-19 04:29:49', '2020-09-19 05:21:45', NULL),
	(74, 8769.56, 78926.00, 4, 15, 45, '2020-08-21 10:38:26', '2020-09-18 17:02:59', NULL),
	(75, 5256.60, 26283.00, 4, 3, 15, '2020-08-29 08:41:05', '2020-10-06 23:34:10', NULL),
	(76, 13967.50, 83805.00, 4, 12, 99, '2020-08-24 19:33:09', '2020-10-04 17:29:23', NULL),
	(77, 20292.00, 20292.00, 1, 15, 50, '2020-08-17 14:01:33', '2020-09-02 10:57:15', NULL),
	(78, 7185.25, 57482.00, 2, 8, 25, '2020-08-21 13:05:42', '2020-09-26 16:48:15', NULL),
	(79, 16493.75, 65975.00, 4, 3, 97, '2020-08-26 09:50:19', '2020-09-14 02:03:06', NULL),
	(80, 7334.89, 66014.00, 2, 9, 40, '2020-08-24 08:31:40', '2020-09-24 14:13:53', NULL),
	(81, 28236.33, 84709.00, 2, 14, 19, '2020-08-24 01:18:13', '2020-09-18 09:34:44', NULL),
	(82, 18720.50, 74882.00, 1, 4, 90, '2020-08-19 02:17:49', '2020-09-12 22:17:46', NULL),
	(83, 5599.56, 50396.00, 5, 15, 46, '2020-08-25 21:39:46', '2020-09-26 16:36:58', NULL),
	(84, 36809.00, 73618.00, 4, 4, 48, '2020-08-24 02:42:43', '2020-09-27 01:57:52', NULL),
	(85, 20317.00, 81268.00, 2, 1, 65, '2020-08-18 15:23:22', '2020-09-28 09:56:12', NULL),
	(86, 2956.88, 23655.00, 3, 10, 43, '2020-08-28 00:19:38', '2020-10-04 23:49:08', NULL),
	(87, 13636.83, 81821.00, 2, 3, 96, '2020-08-22 05:24:56', '2020-09-29 06:12:07', NULL),
	(88, 10578.00, 74046.00, 3, 13, 31, '2020-08-21 12:05:02', '2020-09-11 16:18:10', NULL),
	(89, 15286.17, 91717.00, 1, 6, 84, '2020-08-20 10:07:08', '2020-09-18 03:49:26', NULL),
	(90, 11846.67, 35540.00, 3, 3, 93, '2020-08-15 00:54:54', '2020-09-14 14:59:53', NULL),
	(91, 10788.89, 97100.00, 4, 15, 86, '2020-08-22 07:00:34', '2020-10-02 12:19:08', NULL),
	(92, 2715.78, 24442.00, 5, 1, 26, '2020-08-16 06:18:00', '2020-09-14 22:16:22', NULL),
	(93, 5274.83, 31649.00, 1, 10, 16, '2020-08-31 13:39:45', '2020-09-07 09:05:53', NULL),
	(94, 27884.50, 55769.00, 2, 8, 99, '2020-08-20 19:26:25', '2020-09-18 06:22:03', NULL),
	(95, 7968.44, 71716.00, 3, 12, 97, '2020-08-27 02:08:25', '2020-09-07 05:10:17', NULL),
	(96, 11938.75, 47755.00, 4, 7, 54, '2020-08-31 10:05:50', '2020-09-30 01:48:12', NULL),
	(97, 2974.62, 23797.00, 3, 11, 80, '2020-08-25 13:31:17', '2020-09-17 13:39:33', NULL),
	(98, 6463.33, 19390.00, 5, 13, 7, '2020-08-26 01:04:43', '2020-10-01 18:31:50', NULL),
	(99, 13728.00, 96096.00, 2, 9, 32, '2020-08-28 19:49:56', '2020-10-03 00:11:11', NULL),
	(100, 4571.67, 41145.00, 2, 5, 84, '2020-08-22 16:43:19', '2020-09-03 14:07:03', NULL);


DROP PROCEDURE IF EXISTS SelectAllClientes;
CREATE PROCEDURE SelectAllClientes()
	SELECT * FROM clientes;

DROP PROCEDURE IF EXISTS SelectAllCompras;
CREATE PROCEDURE SelectAllCompras()
	SELECT * FROM compras;

DROP PROCEDURE IF EXISTS SelectAllProductos;
CREATE PROCEDURE SelectAllProductos()
	SELECT * FROM productos;

DROP PROCEDURE IF EXISTS SelectAllProveedores;
CREATE PROCEDURE SelectAllProveedores()
	SELECT * FROM proveedores;

DROP PROCEDURE IF EXISTS SelectAllRoles;
CREATE PROCEDURE SelectAllRoles()
	SELECT * FROM roles;

DROP PROCEDURE IF EXISTS SelectAllMesas;
CREATE PROCEDURE SelectAllMesas()
	SELECT * FROM mesas;

DROP PROCEDURE IF EXISTS SelectAllPermisos;
CREATE PROCEDURE SelectAllPermisos()
	SELECT * FROM permisos;

DROP PROCEDURE IF EXISTS SelectAllUsuarios;
CREATE PROCEDURE SelectAllUsuarios()
	SELECT * FROM usuarios;

DROP PROCEDURE IF EXISTS SelectAllVentas;
CREATE PROCEDURE SelectAllVentas()
	SELECT * FROM ventas;

DROP PROCEDURE IF EXISTS SelectClienteEspecifico;
CREATE PROCEDURE SelectClienteEspecifico(id INT)
	SELECT * FROM `rumbabar`.`clientes` WHERE `ClienteId` = id;


DROP PROCEDURE IF EXISTS SelectCompraEspecifico;
CREATE PROCEDURE SelectCompraEspecifico(id INT)
	SELECT * FROM `rumbabar`.`compras` WHERE `CompraId` = id;


DROP PROCEDURE IF EXISTS SelectMesaEspecifico;
CREATE PROCEDURE SelectMesaEspecifico(id INT)
	SELECT * FROM `rumbabar`.`mesas` WHERE `MesaId` = id;


DROP PROCEDURE IF EXISTS SelectPermisoEspecifico;
CREATE PROCEDURE SelectPermisoEspecifico(id INT)
	SELECT * FROM `rumbabar`.`permisos` WHERE `PermisoId` = id;


DROP PROCEDURE IF EXISTS SelectProductoEspecifico;
CREATE PROCEDURE SelectProductoEspecifico(id INT)
	SELECT * FROM `rumbabar`.`productos` WHERE `ProductoId` = id;


DROP PROCEDURE IF EXISTS SelectProveedorEspecifico;
CREATE PROCEDURE SelectProveedorEspecifico(id INT)
	SELECT * FROM `rumbabar`.`proveedores` WHERE `ProveedorId` = id;


DROP PROCEDURE IF EXISTS SelectRolEspecifico;
CREATE PROCEDURE SelectRolEspecifico(id INT)
	SELECT * FROM `rumbabar`.`roles` WHERE `RolId` = id;


DROP PROCEDURE IF EXISTS SelectUsuarioEspecifico;
CREATE PROCEDURE SelectUsuarioEspecifico(id INT)
	SELECT * FROM `rumbabar`.`usuarios` WHERE `UsuarioId` = id;


DROP PROCEDURE IF EXISTS SelectVentaEspecifico;
CREATE PROCEDURE SelectVentaEspecifico(id INT)
	SELECT * FROM `rumbabar`.`ventas` WHERE `VentaId` = id;


DROP PROCEDURE IF EXISTS BorrarClienteEspecifico;
CREATE PROCEDURE BorrarClienteEspecifico(id INT)
	DELETE FROM `rumbabar`.`clientes` WHERE `ClienteId` = id;


DROP PROCEDURE IF EXISTS BorrarCompraEspecifico;
CREATE PROCEDURE BorrarCompraEspecifico(id INT)
	DELETE FROM `rumbabar`.`compras` WHERE `CompraId` = id;


DROP PROCEDURE IF EXISTS BorrarMesaEspecifico;
CREATE PROCEDURE BorrarMesaEspecifico(id INT)
	DELETE FROM `rumbabar`.`mesas` WHERE `MesaId` = id;


DROP PROCEDURE IF EXISTS BorrarPermisoEspecifico;
CREATE PROCEDURE BorrarPermisoEspecifico(id INT)
	DELETE FROM `rumbabar`.`permisos` WHERE `PermisoId` = id;


DROP PROCEDURE IF EXISTS BorrarProductoEspecifico;
CREATE PROCEDURE BorrarProductoEspecifico(id INT)
	DELETE FROM `rumbabar`.`productos` WHERE `ProductoId` = id;


DROP PROCEDURE IF EXISTS BorrarProveedorEspecifico;
CREATE PROCEDURE BorrarProveedorEspecifico(id INT)
	DELETE FROM `rumbabar`.`proveedores` WHERE `ProveedorId` = id;


DROP PROCEDURE IF EXISTS BorrarRolEspecifico;
CREATE PROCEDURE BorrarRolEspecifico(id INT)
	DELETE FROM `rumbabar`.`roles` WHERE `RolId` = id;


DROP PROCEDURE IF EXISTS BorrarUsuarioEspecifico;
CREATE PROCEDURE BorrarUsuarioEspecifico(id INT)
	DELETE FROM `rumbabar`.`usuarios` WHERE `UsuarioId` = id;


DROP PROCEDURE IF EXISTS BorrarVentaEspecifico;
CREATE PROCEDURE BorrarVentaEspecifico(id INT)
	DELETE FROM `rumbabar`.`ventas` WHERE `VentaId` = id;


DROP PROCEDURE IF EXISTS SelectAllUsuariosConRoles;
CREATE PROCEDURE SelectAllUsuariosConRoles()
SELECT * FROM `rumbabar`.`usuarios` INNER JOIN `rumbabar`.`roles` ON `usuarios`.`fk_rol` = `roles`.`RolId`;

DROP PROCEDURE IF EXISTS SelectAllRolesConPivot;
CREATE PROCEDURE SelectAllRolesConPivot()
SELECT * FROM `rumbabar`.`roles`, `rumbabar`.`permiso_rol` WHERE `roles`.`RolId`=`permiso_rol`.`fk_rol`;

DROP PROCEDURE IF EXISTS SelectAllRolesConPermisos;
CREATE PROCEDURE SelectAllRolesConPermisos()
SELECT * FROM `rumbabar`.`roles`, `rumbabar`.`permiso_rol`, `rumbabar`.`permisos` WHERE `roles`.`RolId`=`permiso_rol`.`fk_rol` AND `permisos`.`PermisoId`=`permiso_rol`.`fk_permiso`;

DROP PROCEDURE IF EXISTS SelectAllRolesConPermisos2;
CREATE PROCEDURE SelectAllRolesConPermisos2()
SELECT * FROM ((`rumbabar`.`roles` INNER JOIN `rumbabar`.`permiso_rol` ON `roles`.`RolId`=`permiso_rol`.`fk_rol`) INNER JOIN `rumbabar`.`permisos` ON `permisos`.`PermisoId`=`permiso_rol`.`fk_permiso`);

DROP PROCEDURE IF EXISTS SelectAllUsuariosConPermisos;
CREATE PROCEDURE SelectAllUsuariosConPermisos()
SELECT `usuarios`.`UsuarioName`, `permisos`.`PermisoNombre` FROM (`rumbabar`.`usuarios` INNER JOIN `rumbabar`.`permiso_rol` ON `usuarios`.`fk_rol` = `permiso_rol`.`fk_rol`) INNER JOIN `rumbabar`.`permisos` ON `permisos`.`PermisoId` = `permiso_rol`.`fk_permiso`;

DROP PROCEDURE IF EXISTS SelectProductoConProveedor;
CREATE PROCEDURE SelectProductoConProveedor(nombre varchar(255))
SELECT * FROM (SELECT * FROM `rumbabar`.`productos` WHERE `productos`.`ProductoNombre` LIKE concat('%',nombre,'%')) AS `producto` INNER JOIN `rumbabar`.`proveedores` ON `producto`.`fk_proveedor` = `proveedores`.`ProveedorId`;

DROP PROCEDURE IF EXISTS BuscarProductoPorNombre;
CREATE PROCEDURE BuscarProductoPorNombre(nombre varchar(255))
SELECT * FROM `rumbabar`.`productos` WHERE `productos`.`ProductoNombre` LIKE concat('%',nombre,'%');

DROP PROCEDURE IF EXISTS FiltrarVentasPorRangoFechas;
CREATE PROCEDURE FiltrarVentasPorRangoFechas(fechaInicio DATE, fechaFin DATE)
SELECT * FROM `rumbabar`.`ventas` WHERE `ventas`.`updated_at` BETWEEN fechaInicio AND fechaFin;

DROP PROCEDURE IF EXISTS FiltrarVentasPorFecha;
CREATE PROCEDURE FiltrarVentasPorFecha(fecha DATE)
SELECT * FROM `rumbabar`.`ventas` WHERE `ventas`.`updated_at` LIKE concat('%',fecha,'%');

DROP PROCEDURE IF EXISTS SelectVentaConProductos;
CREATE PROCEDURE SelectVentaConProductos(venta INT)
SELECT `ventas`.`VentaId`, `ventas`.`VentaSaldo`, `ventas`.`VentaTotal`, `ventas`.`fk_user`, `ventas`.`fk_mesa`, `ventas`.`fk_cliente`, `productos`.`ProductoId`, `productos`.`ProductoNombre`, `productos`.`ProductoPrecio`, `productos`.`ProductoCantidad` FROM ((`rumbabar`.`ventas` INNER JOIN `rumbabar`.`producto_venta` ON `ventas`.`VentaId`=`producto_venta`.`fk_venta`) INNER JOIN `rumbabar`.`productos` ON `productos`.`ProductoId`=`producto_venta`.`fk_producto`) WHERE `ventas`.`VentaId` = venta;

DROP PROCEDURE IF EXISTS FiltrarVentaPorMesa;
CREATE PROCEDURE FiltrarVentaPorMesa(venta INT)
SELECT `MesaId`,`VentaTotal` FROM `mesas`,`ventas` WHERE `MesaId`=`VentaId`

DROP PROCEDURE IF EXISTS BuscarUsuarioPorId;
CREATE PROCEDURE BuscarUsuarioPorId(Id INT);
SELECT `UsuarioName` FROM `usuarios` WHERE `UsuarioId`=1;

DROP PROCEDURE IF EXISTS BuscarVentasTotalesPorProductos;
CREATE PROCEDURE BuscarVentasTotalesPorProductos(venta INT);
SELECT `ProductoId`,`ProductoNombre`,`VentaTotal` FROM `productos`,`ventas` WHERE `ProductoId`=`VentaId`

DROP PROCEDURE IF EXISTS FiltrarProductosPorAscencencia;
CREATE PROCEDURE FiltrarProductosPorAscencencia (productos VARCHAR(100));
SELECT `ProductoId`,`ProductoNombre`,`ProductoPrecio` FROM `productos` ORDER BY `ProductoNombre` ASC

DELIMITER $$

DROP TRIGGER IF EXISTS auditoria_clientes_create;$$

CREATE TRIGGER auditoria_clientes_create
    AFTER INSERT ON `rumbabar`.`clientes` FOR EACH ROW
    BEGIN
		INSERT INTO `rumbabar`.`auditoria_clientes` (
			`auditoria_clientes`.`audi_ClienteId`,
			`auditoria_clientes`.`audi_nuevo_ClienteNombre`,
			`auditoria_clientes`.`audi_nuevo_ClienteDocumento`,
			`auditoria_clientes`.`created_at`,
			`auditoria_clientes`.`audi_usuarios_operacion`
		) VALUES (
				NEW.ClienteId,
				NEW.ClienteNombre,
				NEW.ClienteDocumento,
				NEW.created_at,
				"INSERT"
			);
    END;$$

DROP TRIGGER IF EXISTS auditoria_clientes_update;$$

CREATE TRIGGER auditoria_clientes_update
    AFTER UPDATE ON `rumbabar`.`clientes` FOR EACH ROW
    BEGIN
		INSERT INTO `rumbabar`.`auditoria_clientes` (
			`auditoria_clientes`.`audi_ClienteId`,
			`auditoria_clientes`.`audi_nuevo_ClienteNombre`,
			`auditoria_clientes`.`audi_nuevo_ClienteDocumento`,
			`auditoria_clientes`.`audi_anterior_ClienteNombre`,
			`auditoria_clientes`.`audi_anterior_ClienteDocumento`,
			`auditoria_clientes`.`updated_at`,
			`auditoria_clientes`.`audi_clientes_operacion`
		) VALUES (
				OLD.ClienteId,
				NEW.ClienteNombre,
				NEW.ClienteDocumento,
				OLD.ClienteNombre,
				OLD.ClienteDocumento,
				NEW.updated_at,
				"UPDATE"
			);
    END;$$

DROP TRIGGER IF EXISTS auditoria_clientes_delete;$$

CREATE TRIGGER auditoria_clientes_delete
    AFTER DELETE ON `rumbabar`.`clientes` FOR EACH ROW
    BEGIN
		INSERT INTO `rumbabar`.`auditoria_clientes` (
			`auditoria_clientes`.`audi_ClienteId`,
			`auditoria_clientes`.`audi_anterior_ClienteNombre`,
			`auditoria_clientes`.`audi_anterior_ClienteDocumento`,
			`auditoria_clientes`.`updated_at`,
			`auditoria_clientes`.`audi_clientes_operacion`
		) VALUES (
				OLD.ClienteId,
				OLD.ClienteNombre,
				OLD.ClienteDocumento,
				OLD.deleted_at,
				"DELETE"
			);
    END;$$

DROP TRIGGER IF EXISTS auditoria_compra_producto_create;$$

CREATE TRIGGER auditoria_compra_producto_create
    AFTER INSERT ON `rumbabar`.`compra_producto` FOR EACH ROW
    BEGIN
		INSERT INTO `rumbabar`.`auditoria_compra_producto` (
			`auditoria_compra_producto`.`audi_nuevo_compraCantidad`,
			`auditoria_compra_producto`.`audi_nuevo_compraSubtotal`,
			`auditoria_compra_producto`.`audi_nuevo_fk_producto`,
			`auditoria_compra_producto`.`audi_nuevo_fk_compra`,
			`auditoria_compra_producto`.`created_at`,
			`auditoria_compra_producto`.`audi_usuarios_operacion`
		) VALUES (
				NEW.compraCantidad,
				NEW.compraSubtotal,
				NEW.fk_producto,
				NEW.fk_compra,
				NEW.created_at,
				"INSERT"
			);
    END;$$

DROP TRIGGER IF EXISTS auditoria_compra_producto_update;$$

CREATE TRIGGER auditoria_compra_producto_update
    AFTER UPDATE ON `rumbabar`.`compra_producto` FOR EACH ROW
    BEGIN
		INSERT INTO `rumbabar`.`auditoria_compra_producto` (
			`auditoria_compra_producto`.`audi_nuevo_compraCantidad`,
			`auditoria_compra_producto`.`audi_nuevo_compraSubtotal`,
			`auditoria_compra_producto`.`audi_nuevo_fk_producto`,
			`auditoria_compra_producto`.`audi_nuevo_fk_compra`,
			`auditoria_compra_producto`.`audi_anterior_compraCantidad`,
			`auditoria_compra_producto`.`audi_anterior_compraSubtotal`,
			`auditoria_compra_producto`.`audi_anterior_fk_producto`,
			`auditoria_compra_producto`.`audi_anterior_fk_compra`,
			`auditoria_compra_producto`.`updated_at`,
			`auditoria_compra_producto`.`audi_compra_producto_operacion`
		) VALUES (
				NEW.compraCantidad,
				NEW.compraSubtotal,
				NEW.fk_producto,
				NEW.fk_compra,
				OLD.compraCantidad,
				OLD.compraSubtotal,
				OLD.fk_producto,
				OLD.fk_compra,
				NEW.updated_at,
				"UPDATE"
			);
    END;$$

DROP TRIGGER IF EXISTS auditoria_compra_producto_delete;$$

CREATE TRIGGER auditoria_compra_producto_delete
    AFTER DELETE ON `rumbabar`.`compra_producto` FOR EACH ROW
    BEGIN
		INSERT INTO `rumbabar`.`auditoria_compra_producto` (
			`auditoria_compra_producto`.`audi_anterior_compraCantidad`,
			`auditoria_compra_producto`.`audi_anterior_compraSubtotal`,
			`auditoria_compra_producto`.`audi_anterior_fk_producto`,
			`auditoria_compra_producto`.`audi_anterior_fk_compra`,
			`auditoria_compra_producto`.`updated_at`,
			`auditoria_compra_producto`.`audi_compra_producto_operacion`
		) VALUES (
				OLD.compraCantidad,
				OLD.compraSubtotal,
				OLD.fk_producto,
				OLD.fk_compra,
				OLD.deleted_at,
				"DELETE"
			);
    END;$$

DROP TRIGGER IF EXISTS auditoria_mesas_create;$$

CREATE TRIGGER auditoria_mesas_create
    AFTER INSERT ON `rumbabar`.`mesas` FOR EACH ROW
    BEGIN
		INSERT INTO `rumbabar`.`auditoria_mesas` (
			`auditoria_mesas`.`audi_MesaId`,
			`auditoria_mesas`.`audi_nuevo_MesaPuestos`,
			`auditoria_mesas`.`created_at`,
			`auditoria_mesas`.`audi_usuarios_operacion`
		) VALUES (
				NEW.MesaId,
				NEW.MesaPuestos,
				NEW.created_at,
				"INSERT"
			);
    END;$$

DROP TRIGGER IF EXISTS auditoria_mesas_update;$$

CREATE TRIGGER auditoria_mesas_update
    AFTER UPDATE ON `rumbabar`.`mesas` FOR EACH ROW
    BEGIN
		INSERT INTO `rumbabar`.`auditoria_mesas` (
			`auditoria_mesas`.`audi_MesaId`,
			`auditoria_mesas`.`audi_nuevo_MesaPuestos`,
			`auditoria_mesas`.`audi_anterior_MesaPuestos`,
			`auditoria_mesas`.`updated_at`,
			`auditoria_mesas`.`audi_mesas_operacion`
		) VALUES (
				OLD.MesaId,
				NEW.MesaPuestos,
				OLD.MesaPuestos,
				NEW.updated_at,
				"UPDATE"
			);
    END;$$

DROP TRIGGER IF EXISTS auditoria_mesas_delete;$$

CREATE TRIGGER auditoria_mesas_delete
    AFTER DELETE ON `rumbabar`.`mesas` FOR EACH ROW
    BEGIN
		INSERT INTO `rumbabar`.`auditoria_mesas` (
			`auditoria_mesas`.`audi_MesaId`,
			`auditoria_mesas`.`audi_anterior_MesaPuestos`,
			`auditoria_mesas`.`updated_at`,
			`auditoria_mesas`.`audi_mesas_operacion`
		) VALUES (
				OLD.MesaId,
				OLD.MesaPuestos,
				OLD.deleted_at,
				"DELETE"
			);
    END;$$

DROP TRIGGER IF EXISTS auditoria_permisos_create;$$

CREATE TRIGGER auditoria_permisos_create
    AFTER INSERT ON `rumbabar`.`permisos` FOR EACH ROW
    BEGIN
		INSERT INTO `rumbabar`.`auditoria_permisos` (
			`auditoria_permisos`.`audi_PermisoId`,
			`auditoria_permisos`.`audi_nuevo_PermisoNombre`,
			`auditoria_permisos`.`created_at`,
			`auditoria_permisos`.`audi_usuarios_operacion`
		) VALUES (
				NEW.PermisoId,
				NEW.PermisoNombre,
				NEW.created_at,
				"INSERT"
			);
    END;$$

DROP TRIGGER IF EXISTS auditoria_permisos_update;$$

CREATE TRIGGER auditoria_permisos_update
    AFTER UPDATE ON `rumbabar`.`permisos` FOR EACH ROW
    BEGIN
		INSERT INTO `rumbabar`.`auditoria_permisos` (
			`auditoria_permisos`.`audi_PermisoId`,
			`auditoria_permisos`.`audi_nuevo_PermisoNombre`,
			`auditoria_permisos`.`audi_anterior_PermisoNombre`,
			`auditoria_permisos`.`updated_at`,
			`auditoria_permisos`.`audi_permisos_operacion`
		) VALUES (
				OLD.PermisoId,
				NEW.PermisoNombre,
				OLD.PermisoNombre,
				NEW.updated_at,
				"UPDATE"
			);
    END;$$

DROP TRIGGER IF EXISTS auditoria_permisos_delete;$$

CREATE TRIGGER auditoria_permisos_delete
    AFTER DELETE ON `rumbabar`.`permisos` FOR EACH ROW
    BEGIN
		INSERT INTO `rumbabar`.`auditoria_permisos` (
			`auditoria_permisos`.`audi_PermisoId`,
			`auditoria_permisos`.`audi_anterior_PermisoNombre`,
			`auditoria_permisos`.`updated_at`,
			`auditoria_permisos`.`audi_permisos_operacion`
		) VALUES (
				OLD.PermisoId,
				OLD.PermisoNombre,
				OLD.deleted_at,
				"DELETE"
			);
    END;$$

DROP TRIGGER IF EXISTS auditoria_permiso_rol_create;$$

CREATE TRIGGER auditoria_permiso_rol_create
    AFTER INSERT ON `rumbabar`.`permiso_rol` FOR EACH ROW
    BEGIN
		INSERT INTO `rumbabar`.`auditoria_permiso_rol` (
			`auditoria_permiso_rol`.`audi_nuevo_fk_permiso`,
			`auditoria_permiso_rol`.`audi_nuevo_fk_rol`,
			`auditoria_permiso_rol`.`created_at`,
			`auditoria_permiso_rol`.`audi_usuarios_operacion`
		) VALUES (
				NEW.fk_permiso,
				NEW.fk_rol,
				NEW.created_at,
				"INSERT"
			);
    END;$$

DROP TRIGGER IF EXISTS auditoria_permiso_rol_update;$$

CREATE TRIGGER auditoria_permiso_rol_update
    AFTER UPDATE ON `rumbabar`.`permiso_rol` FOR EACH ROW
    BEGIN
		INSERT INTO `rumbabar`.`auditoria_permiso_rol` (
			`auditoria_permiso_rol`.`audi_nuevo_fk_permiso`,
			`auditoria_permiso_rol`.`audi_nuevo_fk_rol`,
			`auditoria_permiso_rol`.`audi_anterior_fk_permiso`,
			`auditoria_permiso_rol`.`audi_anterior_fk_rol`,
			`auditoria_permiso_rol`.`updated_at`,
			`auditoria_permiso_rol`.`audi_permiso_rol_operacion`
		) VALUES (
				NEW.fk_permiso,
				NEW.fk_rol,
				OLD.fk_permiso,
				OLD.fk_rol,
				NEW.updated_at,
				"UPDATE"
			);
    END;$$

DROP TRIGGER IF EXISTS auditoria_permiso_rol_delete;$$

CREATE TRIGGER auditoria_permiso_rol_delete
    AFTER DELETE ON `rumbabar`.`permiso_rol` FOR EACH ROW
    BEGIN
		INSERT INTO `rumbabar`.`auditoria_permiso_rol` (
			`auditoria_permiso_rol`.`audi_anterior_fk_permiso`,
			`auditoria_permiso_rol`.`audi_anterior_fk_rol`,
			`auditoria_permiso_rol`.`updated_at`,
			`auditoria_permiso_rol`.`audi_permiso_rol_operacion`
		) VALUES (
				OLD.fk_permiso,
				OLD.fk_rol,
				OLD.deleted_at,
				"DELETE"
			);
    END;$$

DROP TRIGGER IF EXISTS auditoria_productos_create;$$

CREATE TRIGGER auditoria_productos_create
    AFTER INSERT ON `rumbabar`.`productos` FOR EACH ROW
    BEGIN
		INSERT INTO `rumbabar`.`auditoria_productos` (
			`auditoria_productos`.`audi_nuevo_ProductoNombre`,
			`auditoria_productos`.`audi_nuevo_ProductoDescripcion`,
			`auditoria_productos`.`audi_nuevo_ProductoPrecio`,
			`auditoria_productos`.`audi_nuevo_ProductoCantidad`,
			`auditoria_productos`.`audi_nuevo_fk_proveedor`,
			`auditoria_productos`.`created_at`,
			`auditoria_productos`.`audi_usuarios_operacion`
		) VALUES (
				NEW.ProductoNombre,
				NEW.ProductoDescripcion,
				NEW.ProductoPrecio,
				NEW.ProductoCantidad,
				NEW.fk_proveedor,
				NEW.created_at,
				"INSERT"
			);
    END;$$

DROP TRIGGER IF EXISTS auditoria_productos_update;$$

CREATE TRIGGER auditoria_productos_update
    AFTER UPDATE ON `rumbabar`.`productos` FOR EACH ROW
    BEGIN
		INSERT INTO `rumbabar`.`auditoria_productos` (
			`auditoria_productos`.`audi_nuevo_ProductoNombre`,
			`auditoria_productos`.`audi_nuevo_ProductoDescripcion`,
			`auditoria_productos`.`audi_nuevo_ProductoPrecio`,
			`auditoria_productos`.`audi_nuevo_ProductoCantidad`,
			`auditoria_productos`.`audi_nuevo_fk_proveedor`,
			`auditoria_productos`.`audi_anterior_ProductoNombre`,
			`auditoria_productos`.`audi_anterior_ProductoDescripcion`,
			`auditoria_productos`.`audi_anterior_ProductoPrecio`,
			`auditoria_productos`.`audi_anterior_ProductoCantidad`,
			`auditoria_productos`.`audi_anterior_fk_proveedor`,
			`auditoria_productos`.`updated_at`,
			`auditoria_productos`.`audi_productos_operacion`
		) VALUES (
				NEW.ProductoNombre,
				NEW.ProductoDescripcion,
				NEW.ProductoPrecio,
				NEW.ProductoCantidad,
				NEW.fk_proveedor,
				OLD.ProductoNombre,
				OLD.ProductoDescripcion,
				OLD.ProductoPrecio,
				OLD.ProductoCantidad,
				OLD.fk_proveedor,
				NEW.updated_at,
				"UPDATE"
			);
    END;$$

DROP TRIGGER IF EXISTS auditoria_productos_delete;$$

CREATE TRIGGER auditoria_productos_delete
    AFTER DELETE ON `rumbabar`.`productos` FOR EACH ROW
    BEGIN
		INSERT INTO `rumbabar`.`auditoria_productos` (
			`auditoria_productos`.`audi_anterior_ProductoNombre`,
			`auditoria_productos`.`audi_anterior_ProductoDescripcion`,
			`auditoria_productos`.`audi_anterior_ProductoPrecio`,
			`auditoria_productos`.`audi_anterior_ProductoCantidad`,
			`auditoria_productos`.`audi_anterior_fk_proveedor`,
			`auditoria_productos`.`updated_at`,
			`auditoria_productos`.`audi_productos_operacion`
		) VALUES (
				OLD.ProductoNombre,
				OLD.ProductoDescripcion,
				OLD.ProductoPrecio,
				OLD.ProductoCantidad,
				OLD.fk_proveedor,
				OLD.deleted_at,
				"DELETE"
			);
    END;$$

DROP TRIGGER IF EXISTS auditoria_producto_venta_create;$$

CREATE TRIGGER auditoria_producto_venta_create
    AFTER INSERT ON `rumbabar`.`producto_venta` FOR EACH ROW
    BEGIN
		INSERT INTO `rumbabar`.`auditoria_producto_venta` (
			`auditoria_producto_venta`.`audi_nuevo_ventaCantidad`,
			`auditoria_producto_venta`.`audi_nuevo_ventaSubtotal`,
			`auditoria_producto_venta`.`audi_nuevo_fk_producto`,
			`auditoria_producto_venta`.`audi_nuevo_fk_venta`,
			`auditoria_producto_venta`.`created_at`,
			`auditoria_producto_venta`.`audi_usuarios_operacion`
		) VALUES (
				NEW.ventaCantidad,
				NEW.ventaSubtotal,
				NEW.fk_producto,
				NEW.fk_venta,
				NEW.created_at,
				"INSERT"
			);
    END;$$

DROP TRIGGER IF EXISTS auditoria_producto_venta_update;$$

CREATE TRIGGER auditoria_producto_venta_update
    AFTER UPDATE ON `rumbabar`.`producto_venta` FOR EACH ROW
    BEGIN
		INSERT INTO `rumbabar`.`auditoria_producto_venta` (
			`auditoria_producto_venta`.`audi_nuevo_ventaCantidad`,
			`auditoria_producto_venta`.`audi_nuevo_ventaSubtotal`,
			`auditoria_producto_venta`.`audi_nuevo_fk_producto`,
			`auditoria_producto_venta`.`audi_nuevo_fk_venta`,
			`auditoria_producto_venta`.`audi_anterior_ventaCantidad`,
			`auditoria_producto_venta`.`audi_anterior_ventaSubtotal`,
			`auditoria_producto_venta`.`audi_anterior_fk_producto`,
			`auditoria_producto_venta`.`audi_anterior_fk_venta`,
			`auditoria_producto_venta`.`updated_at`,
			`auditoria_producto_venta`.`audi_producto_venta_operacion`
		) VALUES (
				NEW.ventaCantidad,
				NEW.ventaSubtotal,
				NEW.fk_producto,
				NEW.fk_venta,
				OLD.ventaCantidad,
				OLD.ventaSubtotal,
				OLD.fk_producto,
				OLD.fk_venta,
				NEW.updated_at,
				"UPDATE"
			);
    END;$$

DROP TRIGGER IF EXISTS auditoria_producto_venta_delete;$$

CREATE TRIGGER auditoria_producto_venta_delete
    AFTER DELETE ON `rumbabar`.`producto_venta` FOR EACH ROW
    BEGIN
		INSERT INTO `rumbabar`.`auditoria_producto_venta` (
			`auditoria_producto_venta`.`audi_anterior_ventaCantidad`,
			`auditoria_producto_venta`.`audi_anterior_ventaSubtotal`,
			`auditoria_producto_venta`.`audi_anterior_fk_producto`,
			`auditoria_producto_venta`.`audi_anterior_fk_venta`,
			`auditoria_producto_venta`.`updated_at`,
			`auditoria_producto_venta`.`audi_producto_venta_operacion`
		) VALUES (
				OLD.ventaCantidad,
				OLD.ventaSubtotal,
				OLD.fk_producto,
				OLD.fk_venta,
				OLD.deleted_at,
				"DELETE"
			);
    END;$$

DROP TRIGGER IF EXISTS auditoria_proveedores_create;$$

CREATE TRIGGER auditoria_proveedores_create
    AFTER INSERT ON `rumbabar`.`proveedores` FOR EACH ROW
    BEGIN
		INSERT INTO `rumbabar`.`auditoria_proveedores` (
			`auditoria_proveedores`.`audi_ProveedorID`,
			`auditoria_proveedores`.`audi_nuevo_ProveedorNombre`,
			`auditoria_proveedores`.`audi_nuevo_ProveedorNit`,
			`auditoria_proveedores`.`created_at`,
			`auditoria_proveedores`.`audi_usuarios_operacion`
		) VALUES (
				NEW.ProveedorId,
				NEW.ProveedorNombre,
				NEW.ProveedorNit,
				NEW.created_at,
				"INSERT"
			);
    END;$$

DROP TRIGGER IF EXISTS auditoria_proveedores_update;$$

CREATE TRIGGER auditoria_proveedores_update
    AFTER UPDATE ON `rumbabar`.`proveedores` FOR EACH ROW
    BEGIN
		INSERT INTO `rumbabar`.`auditoria_proveedores` (
			`auditoria_proveedores`.`audi_ProveedorID`,
			`auditoria_proveedores`.`audi_nuevo_ProveedorNombre`,
			`auditoria_proveedores`.`audi_nuevo_ProveedorNit`,
			`auditoria_proveedores`.`audi_anterior_ProveedorNombre`,
			`auditoria_proveedores`.`audi_anterior_ProveedorNit`,
			`auditoria_proveedores`.`updated_at`,
			`auditoria_proveedores`.`audi_proveedores_operacion`
		) VALUES (
				OLD.ProveedorId,
				NEW.ProveedorNombre,
				NEW.ProveedorNit,
				OLD.ProveedorNombre,
				OLD.ProveedorNit,
				NEW.updated_at,
				"UPDATE"
			);
    END;$$

DROP TRIGGER IF EXISTS auditoria_proveedores_delete;$$

CREATE TRIGGER auditoria_proveedores_delete
    AFTER DELETE ON `rumbabar`.`proveedores` FOR EACH ROW
    BEGIN
		INSERT INTO `rumbabar`.`auditoria_proveedores` (
			`auditoria_proveedores`.`audi_ProveedorID`,
			`auditoria_proveedores`.`audi_anterior_ProveedorNombre`,
			`auditoria_proveedores`.`audi_anterior_ProveedorNit`,
			`auditoria_proveedores`.`updated_at`,
			`auditoria_proveedores`.`audi_proveedores_operacion`
		) VALUES (
				OLD.ProveedorId,
				OLD.ProveedorNombre,
				OLD.ProveedorNit,
				OLD.deleted_at,
				"DELETE"
			);
    END;$$

DROP TRIGGER IF EXISTS auditoria_roles_create;$$

CREATE TRIGGER auditoria_roles_create
    AFTER INSERT ON `rumbabar`.`roles` FOR EACH ROW
    BEGIN
		INSERT INTO `rumbabar`.`auditoria_roles` (
			`auditoria_roles`.`audi_RolId`,
			`auditoria_roles`.`audi_nuevo_RolNombre`,
			`auditoria_roles`.`created_at`,
			`auditoria_roles`.`audi_usuarios_operacion`
		) VALUES (
				NEW.RolId,
				NEW.RolNombre,
				NEW.created_at,
				"INSERT"
			);
    END;$$

DROP TRIGGER IF EXISTS auditoria_roles_update;$$

CREATE TRIGGER auditoria_roles_update
    AFTER UPDATE ON `rumbabar`.`roles` FOR EACH ROW
    BEGIN
		INSERT INTO `rumbabar`.`auditoria_roles` (
			`auditoria_roles`.`audi_RolId`,
			`auditoria_roles`.`audi_nuevo_RolNombre`,
			`auditoria_roles`.`audi_anterior_RolNombre`,
			`auditoria_roles`.`updated_at`,
			`auditoria_roles`.`audi_roles_operacion`
		) VALUES (
				OLD.RolId,
				NEW.RolNombre,
				OLD.RolNombre,
				NEW.updated_at,
				"UPDATE"
			);
    END;$$

DROP TRIGGER IF EXISTS auditoria_roles_delete;$$

CREATE TRIGGER auditoria_roles_delete
    AFTER DELETE ON `rumbabar`.`roles` FOR EACH ROW
    BEGIN
		INSERT INTO `rumbabar`.`auditoria_roles` (
			`auditoria_roles`.`audi_RolId`,
			`auditoria_roles`.`audi_anterior_RolNombre`,
			`auditoria_roles`.`updated_at`,
			`auditoria_roles`.`audi_roles_operacion`
		) VALUES (
				OLD.RolId,
				OLD.RolNombre,
				OLD.deleted_at,
				"DELETE"
			);
    END;$$

DROP TRIGGER IF EXISTS auditoria_usuarios_create;$$

CREATE TRIGGER auditoria_usuarios_create
    AFTER INSERT ON `rumbabar`.`usuarios` FOR EACH ROW
    BEGIN
		INSERT INTO `rumbabar`.`auditoria_usuarios` (
			`auditoria_usuarios`.`audi_UsuarioId`,
			`auditoria_usuarios`.`audi_nuevo_UsuarioName`,
			`auditoria_usuarios`.`audi_nuevo_UsuarioEmail`,
			`auditoria_usuarios`.`audi_nuevo_UsuarioPassword`,
			`auditoria_usuarios`.`audi_nuevo_fk_rol`,
			`auditoria_usuarios`.`created_at`,
			`auditoria_usuarios`.`audi_usuarios_operacion`
		) VALUES (
				NEW.UsuarioId,
				NEW.UsuarioName,
				NEW.UsuarioEmail,
				NEW.UsuarioPassword,
				NEW.fk_rol,
				NEW.created_at,
				"INSERT"
			);
    END;$$

DROP TRIGGER IF EXISTS auditoria_usuarios_update;$$

CREATE TRIGGER auditoria_usuarios_update
    AFTER UPDATE ON `rumbabar`.`usuarios` FOR EACH ROW
    BEGIN
		INSERT INTO `rumbabar`.`auditoria_usuarios` (
			`auditoria_usuarios`.`audi_UsuarioId`,
			`auditoria_usuarios`.`audi_nuevo_UsuarioName`,
			`auditoria_usuarios`.`audi_nuevo_UsuarioEmail`,
			`auditoria_usuarios`.`audi_nuevo_UsuarioPassword`,
			`auditoria_usuarios`.`audi_nuevo_fk_rol`,
			`auditoria_usuarios`.`audi_anterior_UsuarioName`,
			`auditoria_usuarios`.`audi_anterior_UsuarioEmail`,
			`auditoria_usuarios`.`audi_anterior_UsuarioPassword`,
			`auditoria_usuarios`.`audi_anterior_fk_rol`,
			`auditoria_usuarios`.`updated_at`,
			`auditoria_usuarios`.`audi_usuarios_operacion`
		) VALUES (
				OLD.UsuarioId,
				NEW.UsuarioName,
				NEW.UsuarioEmail,
				NEW.UsuarioPassword,
				NEW.fk_rol,
				OLD.UsuarioName,
				OLD.UsuarioEmail,
				OLD.UsuarioPassword,
				OLD.fk_rol,
				NEW.updated_at,
				"UPDATE"
			);
    END;$$

DROP TRIGGER IF EXISTS auditoria_usuarios_delete;$$

CREATE TRIGGER auditoria_usuarios_delete
    AFTER DELETE ON `rumbabar`.`usuarios` FOR EACH ROW
    BEGIN
		INSERT INTO `rumbabar`.`auditoria_usuarios` (
			`auditoria_usuarios`.`audi_UsuarioId`,
			`auditoria_usuarios`.`audi_anterior_RolNombre`,
			`auditoria_usuarios`.`updated_at`,
			`auditoria_usuarios`.`audi_usuarios_operacion`
		) VALUES (
				OLD.UsuarioId,
				OLD.UsuarioName,
				OLD.UsuarioEmail,
				OLD.UsuarioPassword,
				OLD.fk_rol,
				OLD.deleted_at,
				"DELETE"
			);
    END;$$


DELIMITER ;