-- --------------------------------------------------------
-- Host:                         localhost
-- Versión del servidor:         5.7.24 - MySQL Community Server (GPL)
-- SO del servidor:              Win64
-- HeidiSQL Versión:             9.5.0.5332
-- --------------------------------------------------------

/*!40101 SET @OLD_CHARACTER_SET_CLIENT=@@CHARACTER_SET_CLIENT */;
/*!40101 SET NAMES utf8 */;
/*!50503 SET NAMES utf8mb4 */;
/*!40014 SET @OLD_FOREIGN_KEY_CHECKS=@@FOREIGN_KEY_CHECKS, FOREIGN_KEY_CHECKS=0 */;
/*!40101 SET @OLD_SQL_MODE=@@SQL_MODE, SQL_MODE='NO_AUTO_VALUE_ON_ZERO' */;


-- Volcando estructura de base de datos para rumbabar
CREATE DATABASE IF NOT EXISTS `rumbabar` /*!40100 DEFAULT CHARACTER SET utf8mb4 COLLATE utf8mb4_unicode_ci */;
USE `rumbabar`;

-- Volcando estructura para tabla rumbabar.auditoria_clientes
CREATE TABLE IF NOT EXISTS `auditoria_clientes` (
  `audi_clientes_id` bigint(20) unsigned NOT NULL AUTO_INCREMENT,
  `audi_ClienteId` bigint(20) unsigned NOT NULL,
  `audi_nuevo_ClienteNombre` varchar(255) COLLATE utf8mb4_unicode_ci NOT NULL,
  `audi_nuevo_ClienteDocumento` varchar(255) COLLATE utf8mb4_unicode_ci NOT NULL,
  `audi_anterior_ClienteNombre` varchar(255) COLLATE utf8mb4_unicode_ci NOT NULL,
  `audi_anterior_ClienteDocumento` varchar(255) COLLATE utf8mb4_unicode_ci NOT NULL,
  `created_at` timestamp NULL DEFAULT NULL,
  `updated_at` timestamp NULL DEFAULT NULL,
  PRIMARY KEY (`audi_clientes_id`)
) ENGINE=InnoDB DEFAULT CHARSET=utf8mb4 COLLATE=utf8mb4_unicode_ci;

-- Volcando datos para la tabla rumbabar.auditoria_clientes: ~0 rows (aproximadamente)
DELETE FROM `auditoria_clientes`;
/*!40000 ALTER TABLE `auditoria_clientes` DISABLE KEYS */;
/*!40000 ALTER TABLE `auditoria_clientes` ENABLE KEYS */;

-- Volcando estructura para tabla rumbabar.auditoria_compra_producto
CREATE TABLE IF NOT EXISTS `auditoria_compra_producto` (
  `audi_compra_producto_id` bigint(20) unsigned NOT NULL AUTO_INCREMENT,
  `audi_nuevo_compraCantidad` smallint(5) unsigned NOT NULL,
  `audi_nuevo_compraSubtotal` double(10,2) NOT NULL,
  `audi_nuevo_fk_producto` bigint(20) unsigned NOT NULL,
  `audi_nuevo_fk_compra` bigint(20) unsigned NOT NULL,
  `audi_anterior_compraCantidad` smallint(5) unsigned NOT NULL,
  `audi_anterior_compraSubtotal` double(10,2) NOT NULL,
  `audi_anterior_fk_producto` bigint(20) unsigned NOT NULL,
  `audi_anterior_fk_compra` bigint(20) unsigned NOT NULL,
  `created_at` timestamp NULL DEFAULT NULL,
  `updated_at` timestamp NULL DEFAULT NULL,
  PRIMARY KEY (`audi_compra_producto_id`)
) ENGINE=InnoDB DEFAULT CHARSET=utf8mb4 COLLATE=utf8mb4_unicode_ci;

-- Volcando datos para la tabla rumbabar.auditoria_compra_producto: ~0 rows (aproximadamente)
DELETE FROM `auditoria_compra_producto`;
/*!40000 ALTER TABLE `auditoria_compra_producto` DISABLE KEYS */;
/*!40000 ALTER TABLE `auditoria_compra_producto` ENABLE KEYS */;

-- Volcando estructura para tabla rumbabar.auditoria_mesas
CREATE TABLE IF NOT EXISTS `auditoria_mesas` (
  `audi_mesas_id` bigint(20) unsigned NOT NULL AUTO_INCREMENT,
  `audi_MesaId` bigint(20) unsigned NOT NULL,
  `audi_nuevo_MesaPuestos` tinyint(3) unsigned NOT NULL,
  `audi_anterior_MesaPuestos` tinyint(3) unsigned NOT NULL,
  `created_at` timestamp NULL DEFAULT NULL,
  `updated_at` timestamp NULL DEFAULT NULL,
  PRIMARY KEY (`audi_mesas_id`)
) ENGINE=InnoDB DEFAULT CHARSET=utf8mb4 COLLATE=utf8mb4_unicode_ci;

-- Volcando datos para la tabla rumbabar.auditoria_mesas: ~0 rows (aproximadamente)
DELETE FROM `auditoria_mesas`;
/*!40000 ALTER TABLE `auditoria_mesas` DISABLE KEYS */;
/*!40000 ALTER TABLE `auditoria_mesas` ENABLE KEYS */;

-- Volcando estructura para tabla rumbabar.auditoria_permisos
CREATE TABLE IF NOT EXISTS `auditoria_permisos` (
  `audi_permisos_id` bigint(20) unsigned NOT NULL AUTO_INCREMENT,
  `audi_PermisoId` bigint(20) unsigned NOT NULL,
  `audi_nuevo_PermisoNombre` varchar(255) COLLATE utf8mb4_unicode_ci NOT NULL,
  `audi_anterior_PermisoNombre` varchar(255) COLLATE utf8mb4_unicode_ci NOT NULL,
  `created_at` timestamp NULL DEFAULT NULL,
  `updated_at` timestamp NULL DEFAULT NULL,
  PRIMARY KEY (`audi_permisos_id`)
) ENGINE=InnoDB DEFAULT CHARSET=utf8mb4 COLLATE=utf8mb4_unicode_ci;

-- Volcando datos para la tabla rumbabar.auditoria_permisos: ~0 rows (aproximadamente)
DELETE FROM `auditoria_permisos`;
/*!40000 ALTER TABLE `auditoria_permisos` DISABLE KEYS */;
/*!40000 ALTER TABLE `auditoria_permisos` ENABLE KEYS */;

-- Volcando estructura para tabla rumbabar.auditoria_permiso_rol
CREATE TABLE IF NOT EXISTS `auditoria_permiso_rol` (
  `audi_permiso_rol_id` bigint(20) unsigned NOT NULL AUTO_INCREMENT,
  `audi_nuevo_fk_permiso` bigint(20) unsigned NOT NULL,
  `audi_nuevo_fk_rol` bigint(20) unsigned NOT NULL,
  `audi_anterior_fk_permiso` bigint(20) unsigned NOT NULL,
  `audi_anterior_fk_rol` bigint(20) unsigned NOT NULL,
  `created_at` timestamp NULL DEFAULT NULL,
  `updated_at` timestamp NULL DEFAULT NULL,
  PRIMARY KEY (`audi_permiso_rol_id`)
) ENGINE=InnoDB DEFAULT CHARSET=utf8mb4 COLLATE=utf8mb4_unicode_ci;

-- Volcando datos para la tabla rumbabar.auditoria_permiso_rol: ~0 rows (aproximadamente)
DELETE FROM `auditoria_permiso_rol`;
/*!40000 ALTER TABLE `auditoria_permiso_rol` DISABLE KEYS */;
/*!40000 ALTER TABLE `auditoria_permiso_rol` ENABLE KEYS */;

-- Volcando estructura para tabla rumbabar.auditoria_productos
CREATE TABLE IF NOT EXISTS `auditoria_productos` (
  `audi_productos_id` bigint(20) unsigned NOT NULL AUTO_INCREMENT,
  `audi_ProductoId` bigint(20) unsigned NOT NULL,
  `audi_nuevo_ProductoNombre` varchar(255) COLLATE utf8mb4_unicode_ci NOT NULL,
  `audi_nuevo_ProductoDescripcion` longtext COLLATE utf8mb4_unicode_ci NOT NULL,
  `audi_nuevo_ProductoPrecio` double(10,2) NOT NULL,
  `audi_nuevo_ProductoCantidad` mediumint(8) unsigned NOT NULL,
  `audi_nuevo_fk_proveedor` bigint(20) unsigned NOT NULL,
  `audi_anterior_ProductoNombre` varchar(255) COLLATE utf8mb4_unicode_ci NOT NULL,
  `audi_anterior_ProductoDescripcion` longtext COLLATE utf8mb4_unicode_ci NOT NULL,
  `audi_anterior_ProductoPrecio` double(10,2) NOT NULL,
  `audi_anterior_ProductoCantidad` mediumint(8) unsigned NOT NULL,
  `audi_anterior_fk_proveedor` bigint(20) unsigned NOT NULL,
  `created_at` timestamp NULL DEFAULT NULL,
  `updated_at` timestamp NULL DEFAULT NULL,
  PRIMARY KEY (`audi_productos_id`)
) ENGINE=InnoDB DEFAULT CHARSET=utf8mb4 COLLATE=utf8mb4_unicode_ci;

-- Volcando datos para la tabla rumbabar.auditoria_productos: ~0 rows (aproximadamente)
DELETE FROM `auditoria_productos`;
/*!40000 ALTER TABLE `auditoria_productos` DISABLE KEYS */;
/*!40000 ALTER TABLE `auditoria_productos` ENABLE KEYS */;

-- Volcando estructura para tabla rumbabar.auditoria_producto_venta
CREATE TABLE IF NOT EXISTS `auditoria_producto_venta` (
  `audi_venta_producto_id` bigint(20) unsigned NOT NULL AUTO_INCREMENT,
  `audi_nuevo_ventaCantidad` smallint(5) unsigned NOT NULL,
  `audi_nuevo_ventaSubtotal` double(10,2) NOT NULL,
  `audi_nuevo_fk_producto` bigint(20) unsigned NOT NULL,
  `audi_nuevo_fk_venta` bigint(20) unsigned NOT NULL,
  `audi_anterior_ventaCantidad` smallint(5) unsigned NOT NULL,
  `audi_anterior_ventaSubtotal` double(10,2) NOT NULL,
  `audi_anterior_fk_producto` bigint(20) unsigned NOT NULL,
  `audi_anterior_fk_venta` bigint(20) unsigned NOT NULL,
  `created_at` timestamp NULL DEFAULT NULL,
  `updated_at` timestamp NULL DEFAULT NULL,
  PRIMARY KEY (`audi_venta_producto_id`)
) ENGINE=InnoDB DEFAULT CHARSET=utf8mb4 COLLATE=utf8mb4_unicode_ci;

-- Volcando datos para la tabla rumbabar.auditoria_producto_venta: ~0 rows (aproximadamente)
DELETE FROM `auditoria_producto_venta`;
/*!40000 ALTER TABLE `auditoria_producto_venta` DISABLE KEYS */;
/*!40000 ALTER TABLE `auditoria_producto_venta` ENABLE KEYS */;

-- Volcando estructura para tabla rumbabar.auditoria_proveedores
CREATE TABLE IF NOT EXISTS `auditoria_proveedores` (
  `audi_proveedores_id` bigint(20) unsigned NOT NULL AUTO_INCREMENT,
  `audi_ProveedorID` bigint(20) unsigned NOT NULL,
  `audi_nuevo_ProveedorNombre` varchar(255) COLLATE utf8mb4_unicode_ci NOT NULL,
  `audi_nuevo_ProveedorNit` varchar(255) COLLATE utf8mb4_unicode_ci NOT NULL,
  `audi_anterior_ProveedorNombre` varchar(255) COLLATE utf8mb4_unicode_ci NOT NULL,
  `audi_anterior_ProveedorNit` varchar(255) COLLATE utf8mb4_unicode_ci NOT NULL,
  `created_at` timestamp NULL DEFAULT NULL,
  `updated_at` timestamp NULL DEFAULT NULL,
  PRIMARY KEY (`audi_proveedores_id`)
) ENGINE=InnoDB DEFAULT CHARSET=utf8mb4 COLLATE=utf8mb4_unicode_ci;

-- Volcando datos para la tabla rumbabar.auditoria_proveedores: ~0 rows (aproximadamente)
DELETE FROM `auditoria_proveedores`;
/*!40000 ALTER TABLE `auditoria_proveedores` DISABLE KEYS */;
/*!40000 ALTER TABLE `auditoria_proveedores` ENABLE KEYS */;

-- Volcando estructura para tabla rumbabar.auditoria_roles
CREATE TABLE IF NOT EXISTS `auditoria_roles` (
  `audi_roles_id` bigint(20) unsigned NOT NULL AUTO_INCREMENT,
  `audi_RolId` bigint(20) unsigned NOT NULL,
  `audi_nuevo_RolNombre` varchar(255) COLLATE utf8mb4_unicode_ci NOT NULL,
  `audi_anterior_RolNombre` varchar(255) COLLATE utf8mb4_unicode_ci NOT NULL,
  `created_at` timestamp NULL DEFAULT NULL,
  `updated_at` timestamp NULL DEFAULT NULL,
  PRIMARY KEY (`audi_roles_id`)
) ENGINE=InnoDB DEFAULT CHARSET=utf8mb4 COLLATE=utf8mb4_unicode_ci;

-- Volcando datos para la tabla rumbabar.auditoria_roles: ~0 rows (aproximadamente)
DELETE FROM `auditoria_roles`;
/*!40000 ALTER TABLE `auditoria_roles` DISABLE KEYS */;
/*!40000 ALTER TABLE `auditoria_roles` ENABLE KEYS */;

-- Volcando estructura para tabla rumbabar.auditoria_usuarios
CREATE TABLE IF NOT EXISTS `auditoria_usuarios` (
  `audi_usuarios_id` bigint(20) unsigned NOT NULL AUTO_INCREMENT,
  `audi_UsuarioId` bigint(20) unsigned NOT NULL,
  `audi_nuevo_UsuarioName` varchar(255) COLLATE utf8mb4_unicode_ci NOT NULL,
  `audi_nuevo_UsuarioEmail` varchar(255) COLLATE utf8mb4_unicode_ci NOT NULL,
  `audi_nuevo_UsuarioPassword` varchar(255) COLLATE utf8mb4_unicode_ci NOT NULL,
  `audi_nuevo_fk_rol` bigint(20) unsigned NOT NULL,
  `audi_anterior_UsuarioName` varchar(255) COLLATE utf8mb4_unicode_ci NOT NULL,
  `audi_anterior_UsuarioEmail` varchar(255) COLLATE utf8mb4_unicode_ci NOT NULL,
  `audi_anterior_UsuarioPassword` varchar(255) COLLATE utf8mb4_unicode_ci NOT NULL,
  `audi_anterior_fk_rol` bigint(20) unsigned NOT NULL,
  `created_at` timestamp NULL DEFAULT NULL,
  `updated_at` timestamp NULL DEFAULT NULL,
  PRIMARY KEY (`audi_usuarios_id`)
) ENGINE=InnoDB DEFAULT CHARSET=utf8mb4 COLLATE=utf8mb4_unicode_ci;

-- Volcando datos para la tabla rumbabar.auditoria_usuarios: ~0 rows (aproximadamente)
DELETE FROM `auditoria_usuarios`;
/*!40000 ALTER TABLE `auditoria_usuarios` DISABLE KEYS */;
/*!40000 ALTER TABLE `auditoria_usuarios` ENABLE KEYS */;

-- Volcando estructura para tabla rumbabar.clientes
CREATE TABLE IF NOT EXISTS `clientes` (
  `ClienteId` bigint(20) unsigned NOT NULL AUTO_INCREMENT,
  `ClienteNombre` varchar(255) COLLATE utf8mb4_unicode_ci NOT NULL,
  `ClienteDocumento` varchar(255) COLLATE utf8mb4_unicode_ci NOT NULL,
  `created_at` timestamp NULL DEFAULT NULL,
  `updated_at` timestamp NULL DEFAULT NULL,
  `deleted_at` timestamp NULL DEFAULT NULL,
  PRIMARY KEY (`ClienteId`)
) ENGINE=InnoDB AUTO_INCREMENT=101 DEFAULT CHARSET=utf8mb4 COLLATE=utf8mb4_unicode_ci;

-- Volcando datos para la tabla rumbabar.clientes: ~100 rows (aproximadamente)
DELETE FROM `clientes`;
/*!40000 ALTER TABLE `clientes` DISABLE KEYS */;
INSERT INTO `clientes` (`ClienteId`, `ClienteNombre`, `ClienteDocumento`, `created_at`, `updated_at`, `deleted_at`) VALUES
	(1, 'Alexia Páez', '1036100519', NULL, NULL, NULL),
	(2, 'Sofía Camacho', '1134756571', NULL, NULL, NULL),
	(3, 'Asier Aragón', '1186898344', NULL, NULL, NULL),
	(4, 'Erik Flores', '1008513084', NULL, NULL, NULL),
	(5, 'Arnau Montoya', '1139044930', NULL, NULL, NULL),
	(6, 'Unai González', '1121352796', NULL, NULL, NULL),
	(7, 'Aina Sosa', '1107081968', NULL, NULL, NULL),
	(8, 'Álvaro Serna', '1143391100', NULL, NULL, NULL),
	(9, 'Oliver Lira', '1031338630', NULL, NULL, NULL),
	(10, 'Pau Mares', '1099846399', NULL, NULL, NULL),
	(11, 'Iván Samaniego', '963168137', NULL, NULL, NULL),
	(12, 'Úrsula Cortés', '999861044', NULL, NULL, NULL),
	(13, 'Ángela Becerra', '1067944734', NULL, NULL, NULL),
	(14, 'Pedro Armenta', '953105896', NULL, NULL, NULL),
	(15, 'José Niño', '1013555440', NULL, NULL, NULL),
	(16, 'Alexandra Rael', '1010445552', NULL, NULL, NULL),
	(17, 'Alejandra Alemán', '1029157562', NULL, NULL, NULL),
	(18, 'Hugo Vega', '1140933894', NULL, NULL, NULL),
	(19, 'Unai Oliva', '1036058771', NULL, NULL, NULL),
	(20, 'Paola Pagan', '1062428404', NULL, NULL, NULL),
	(21, 'Sergio Cedillo', '974141820', NULL, NULL, NULL),
	(22, 'Claudia Ruelas', '1191251416', NULL, NULL, NULL),
	(23, 'Rosario Fierro', '1019539001', NULL, NULL, NULL),
	(24, 'Úrsula Madrid', '1157434463', NULL, NULL, NULL),
	(25, 'Nicolás Collazo', '968770850', NULL, NULL, NULL),
	(26, 'Lucas Rey', '1067831396', NULL, NULL, NULL),
	(27, 'Manuel Córdoba', '1104496440', NULL, NULL, NULL),
	(28, 'Vera Herrero', '1129038131', NULL, NULL, NULL),
	(29, 'Alexia De la Cruz', '998852276', NULL, NULL, NULL),
	(30, 'María Carmen Villegas', '1143379381', NULL, NULL, NULL),
	(31, 'Elsa Ibáñez', '974406852', NULL, NULL, NULL),
	(32, 'Sara Vila', '1099746785', NULL, NULL, NULL),
	(33, 'Marco Clemente', '1167992240', NULL, NULL, NULL),
	(34, 'Lola Castaño', '970670787', NULL, NULL, NULL),
	(35, 'Diana Atencio', '1064460880', NULL, NULL, NULL),
	(36, 'Eric Vanegas', '993474754', NULL, NULL, NULL),
	(37, 'Laia Galindo', '1074638216', NULL, NULL, NULL),
	(38, 'Guillem Alcaráz', '1189099092', NULL, NULL, NULL),
	(39, 'Gonzalo Rueda', '1170144004', NULL, NULL, NULL),
	(40, 'Verónica Razo', '953480153', NULL, NULL, NULL),
	(41, 'Patricia Arce', '1120693219', NULL, NULL, NULL),
	(42, 'Marcos Cárdenas', '1015078897', NULL, NULL, NULL),
	(43, 'Samuel Pizarro', '968698703', NULL, NULL, NULL),
	(44, 'Aurora Castro', '1039742785', NULL, NULL, NULL),
	(45, 'África Delagarza', '1174298799', NULL, NULL, NULL),
	(46, 'Alma Alanis', '1122967531', NULL, NULL, NULL),
	(47, 'Cristina Alonzo', '1064227279', NULL, NULL, NULL),
	(48, 'Lorena Balderas', '1072738716', NULL, NULL, NULL),
	(49, 'Ariadna Reyna', '1143523646', NULL, NULL, NULL),
	(50, 'Silvia Esquibel', '1112532679', NULL, NULL, NULL),
	(51, 'María Pilar Pozo', '1177162714', NULL, NULL, NULL),
	(52, 'Paula Ocasio', '1004346525', NULL, NULL, NULL),
	(53, 'Jan Salazar', '1137348083', NULL, NULL, NULL),
	(54, 'Lola Urrutia', '966702226', NULL, NULL, NULL),
	(55, 'Samuel Rubio', '983925441', NULL, NULL, NULL),
	(56, 'Josefa Pagan', '1059069630', NULL, NULL, NULL),
	(57, 'Antonia Cano', '1184351178', NULL, NULL, NULL),
	(58, 'Jimena Jasso', '1002808984', NULL, NULL, NULL),
	(59, 'Mateo Carrero', '1027890629', NULL, NULL, NULL),
	(60, 'Carlos Aguado', '1144396172', NULL, NULL, NULL),
	(61, 'Sandra Chacón', '1076714807', NULL, NULL, NULL),
	(62, 'Jesús Zambrano', '1084607664', NULL, NULL, NULL),
	(63, 'José Antonio Font', '1085346451', NULL, NULL, NULL),
	(64, 'María Pilar Laboy', '1042057217', NULL, NULL, NULL),
	(65, 'Oriol Brito', '1022973863', NULL, NULL, NULL),
	(66, 'María Pilar Campos', '1199430521', NULL, NULL, NULL),
	(67, 'Victoria Salas', '1174057491', NULL, NULL, NULL),
	(68, 'Sofía Domenech', '1070908756', NULL, NULL, NULL),
	(69, 'Jorge Calvillo', '1013168451', NULL, NULL, NULL),
	(70, 'Carlos Pabón', '1033760188', NULL, NULL, NULL),
	(71, 'Raúl Martín', '1158462266', NULL, NULL, NULL),
	(72, 'Rodrigo Gámez', '1015207142', NULL, NULL, NULL),
	(73, 'Aleix Arreola', '1001267188', NULL, NULL, NULL),
	(74, 'Lorena Paz', '963707724', NULL, NULL, NULL),
	(75, 'Paola Del Río', '992344754', NULL, NULL, NULL),
	(76, 'Ona Godoy', '1128122883', NULL, NULL, NULL),
	(77, 'Miguel Ángel Quesada', '959917377', NULL, NULL, NULL),
	(78, 'César Ortega', '1123498720', NULL, NULL, NULL),
	(79, 'Bruno Núñez', '1008471418', NULL, NULL, NULL),
	(80, 'Jon Sotelo', '1143203988', NULL, NULL, NULL),
	(81, 'Amparo Loera', '1198241916', NULL, NULL, NULL),
	(82, 'Teresa Sepúlveda', '1118989335', NULL, NULL, NULL),
	(83, 'Berta Garay', '1056977634', NULL, NULL, NULL),
	(84, 'María Carmen Avilés', '1095258890', NULL, NULL, NULL),
	(85, 'Joel Espino', '1026622832', NULL, NULL, NULL),
	(86, 'Patricia Arce', '1069030912', NULL, NULL, NULL),
	(87, 'Antonio Montaño', '1003746970', NULL, NULL, NULL),
	(88, 'Diana Arredondo', '950766720', NULL, NULL, NULL),
	(89, 'Carla Prado', '1148575480', NULL, NULL, NULL),
	(90, 'Yeray Rascón', '964080793', NULL, NULL, NULL),
	(91, 'Jaime Bonilla', '1115784497', NULL, NULL, NULL),
	(92, 'Guillem Jáquez', '1149329438', NULL, NULL, NULL),
	(93, 'Ana María Varela', '1101349064', NULL, NULL, NULL),
	(94, 'Gloria Guevara', '1064896998', NULL, NULL, NULL),
	(95, 'Jordi Fonseca', '988496664', NULL, NULL, NULL),
	(96, 'Isaac Sotelo', '1094434910', NULL, NULL, NULL),
	(97, 'Yago Escobedo', '1149400003', NULL, NULL, NULL),
	(98, 'Juan José Morales', '1193250031', NULL, NULL, NULL),
	(99, 'Pilar Viera', '1079302449', NULL, NULL, NULL),
	(100, 'Roberto Prieto', '1161303938', NULL, NULL, NULL);
/*!40000 ALTER TABLE `clientes` ENABLE KEYS */;

-- Volcando estructura para tabla rumbabar.compras
CREATE TABLE IF NOT EXISTS `compras` (
  `CompraId` bigint(20) unsigned NOT NULL AUTO_INCREMENT,
  `CompraSaldo` double(10,2) NOT NULL,
  `CompraTotal` double(10,2) NOT NULL,
  `fk_user` bigint(20) unsigned NOT NULL,
  `created_at` timestamp NULL DEFAULT NULL,
  `updated_at` timestamp NULL DEFAULT NULL,
  `deleted_at` timestamp NULL DEFAULT NULL,
  PRIMARY KEY (`CompraId`),
  KEY `compras_fk_user_foreign` (`fk_user`),
  CONSTRAINT `compras_fk_user_foreign` FOREIGN KEY (`fk_user`) REFERENCES `usuarios` (`UsuarioId`)
) ENGINE=InnoDB AUTO_INCREMENT=51 DEFAULT CHARSET=utf8mb4 COLLATE=utf8mb4_unicode_ci;

-- Volcando datos para la tabla rumbabar.compras: ~50 rows (aproximadamente)
DELETE FROM `compras`;
/*!40000 ALTER TABLE `compras` DISABLE KEYS */;
INSERT INTO `compras` (`CompraId`, `CompraSaldo`, `CompraTotal`, `fk_user`, `created_at`, `updated_at`, `deleted_at`) VALUES
	(1, 2084.29, 14590.00, 2, NULL, NULL, NULL),
	(2, 6051.00, 36306.00, 1, NULL, NULL, NULL),
	(3, 19316.50, 38633.00, 2, NULL, NULL, NULL),
	(4, 7777.90, 77779.00, 1, NULL, NULL, NULL),
	(5, 820.50, 8205.00, 1, NULL, NULL, NULL),
	(6, 6113.67, 36682.00, 4, NULL, NULL, NULL),
	(7, 859.00, 6872.00, 5, NULL, NULL, NULL),
	(8, 6269.00, 18807.00, 2, NULL, NULL, NULL),
	(9, 61063.00, 61063.00, 5, NULL, NULL, NULL),
	(10, 7842.00, 7842.00, 3, NULL, NULL, NULL),
	(11, 13844.60, 69223.00, 3, NULL, NULL, NULL),
	(12, 22078.00, 22078.00, 3, NULL, NULL, NULL),
	(13, 56975.00, 56975.00, 3, NULL, NULL, NULL),
	(14, 5670.67, 17012.00, 4, NULL, NULL, NULL),
	(15, 3145.80, 31458.00, 2, NULL, NULL, NULL),
	(16, 10690.00, 74830.00, 5, NULL, NULL, NULL),
	(17, 7791.33, 23374.00, 3, NULL, NULL, NULL),
	(18, 6309.22, 56783.00, 2, NULL, NULL, NULL),
	(19, 9074.43, 63521.00, 5, NULL, NULL, NULL),
	(20, 47658.00, 95316.00, 4, NULL, NULL, NULL),
	(21, 7732.71, 54129.00, 4, NULL, NULL, NULL),
	(22, 73962.00, 73962.00, 5, NULL, NULL, NULL),
	(23, 34060.50, 68121.00, 1, NULL, NULL, NULL),
	(24, 40482.50, 80965.00, 2, NULL, NULL, NULL),
	(25, 2614.80, 26148.00, 4, NULL, NULL, NULL),
	(26, 11487.14, 80410.00, 5, NULL, NULL, NULL),
	(27, 3857.20, 19286.00, 1, NULL, NULL, NULL),
	(28, 8174.33, 73569.00, 3, NULL, NULL, NULL),
	(29, 12077.00, 36231.00, 3, NULL, NULL, NULL),
	(30, 19455.00, 38910.00, 1, NULL, NULL, NULL),
	(31, 6841.20, 68412.00, 3, NULL, NULL, NULL),
	(32, 24303.00, 97212.00, 1, NULL, NULL, NULL),
	(33, 5118.57, 35830.00, 1, NULL, NULL, NULL),
	(34, 24723.67, 74171.00, 3, NULL, NULL, NULL),
	(35, 8320.80, 41604.00, 2, NULL, NULL, NULL),
	(36, 26041.50, 52083.00, 1, NULL, NULL, NULL),
	(37, 11866.38, 94931.00, 5, NULL, NULL, NULL),
	(38, 16093.80, 80469.00, 3, NULL, NULL, NULL),
	(39, 2354.44, 21190.00, 5, NULL, NULL, NULL),
	(40, 26061.33, 78184.00, 5, NULL, NULL, NULL),
	(41, 10478.67, 94308.00, 4, NULL, NULL, NULL),
	(42, 10358.14, 72507.00, 2, NULL, NULL, NULL),
	(43, 8552.33, 51314.00, 3, NULL, NULL, NULL),
	(44, 9203.20, 92032.00, 1, NULL, NULL, NULL),
	(45, 19548.60, 97743.00, 3, NULL, NULL, NULL),
	(46, 17232.00, 51696.00, 1, NULL, NULL, NULL),
	(47, 1147.40, 11474.00, 3, NULL, NULL, NULL),
	(48, 49714.50, 99429.00, 2, NULL, NULL, NULL),
	(49, 48566.50, 97133.00, 1, NULL, NULL, NULL),
	(50, 18886.50, 37773.00, 2, NULL, NULL, NULL);
/*!40000 ALTER TABLE `compras` ENABLE KEYS */;

-- Volcando estructura para tabla rumbabar.compra_producto
CREATE TABLE IF NOT EXISTS `compra_producto` (
  `compraCantidad` smallint(5) unsigned NOT NULL,
  `compraSubtotal` double(10,2) NOT NULL,
  `fk_producto` bigint(20) unsigned NOT NULL,
  `fk_compra` bigint(20) unsigned NOT NULL,
  `created_at` timestamp NULL DEFAULT NULL,
  `updated_at` timestamp NULL DEFAULT NULL,
  `deleted_at` timestamp NULL DEFAULT NULL,
  KEY `compra_producto_fk_producto_foreign` (`fk_producto`),
  KEY `compra_producto_fk_compra_foreign` (`fk_compra`),
  CONSTRAINT `compra_producto_fk_compra_foreign` FOREIGN KEY (`fk_compra`) REFERENCES `compras` (`CompraId`),
  CONSTRAINT `compra_producto_fk_producto_foreign` FOREIGN KEY (`fk_producto`) REFERENCES `productos` (`ProductoId`)
) ENGINE=InnoDB DEFAULT CHARSET=utf8mb4 COLLATE=utf8mb4_unicode_ci;

-- Volcando datos para la tabla rumbabar.compra_producto: ~291 rows (aproximadamente)
DELETE FROM `compra_producto`;
/*!40000 ALTER TABLE `compra_producto` DISABLE KEYS */;
INSERT INTO `compra_producto` (`compraCantidad`, `compraSubtotal`, `fk_producto`, `fk_compra`, `created_at`, `updated_at`, `deleted_at`) VALUES
	(8, 77521.04, 178, 1, '2020-10-05 06:56:17', '2020-10-05 06:56:17', NULL),
	(61, 459179.33, 207, 1, '2020-10-05 06:56:17', '2020-10-05 06:56:17', NULL),
	(27, 202100.94, 245, 1, '2020-10-05 06:56:17', '2020-10-05 06:56:17', NULL),
	(23, 5010.32, 288, 1, '2020-10-05 06:56:17', '2020-10-05 06:56:17', NULL),
	(5, 81.45, 290, 1, '2020-10-05 06:56:17', '2020-10-05 06:56:17', NULL),
	(37, 207725.77, 49, 2, '2020-10-05 06:56:17', '2020-10-05 06:56:17', NULL),
	(127, 628557.29, 137, 2, '2020-10-05 06:56:17', '2020-10-05 06:56:17', NULL),
	(166, 504369.42, 222, 2, '2020-10-05 06:56:17', '2020-10-05 06:56:17', NULL),
	(104, 318722.56, 250, 2, '2020-10-05 06:56:17', '2020-10-05 06:56:17', NULL),
	(49, 432490.17, 264, 2, '2020-10-05 06:56:17', '2020-10-05 06:56:17', NULL),
	(1, 2835.28, 1, 3, '2020-10-05 06:56:17', '2020-10-05 06:56:17', NULL),
	(13, 95188.08, 28, 3, '2020-10-05 06:56:17', '2020-10-05 06:56:17', NULL),
	(8, 9050.40, 74, 3, '2020-10-05 06:56:17', '2020-10-05 06:56:17', NULL),
	(66, 330652.08, 108, 3, '2020-10-05 06:56:17', '2020-10-05 06:56:17', NULL),
	(157, 864969.52, 194, 3, '2020-10-05 06:56:17', '2020-10-05 06:56:17', NULL),
	(75, 627327.75, 254, 3, '2020-10-05 06:56:17', '2020-10-05 06:56:17', NULL),
	(58, 288749.52, 5, 4, '2020-10-05 06:56:17', '2020-10-05 06:56:17', NULL),
	(19, 185719.49, 24, 4, '2020-10-05 06:56:17', '2020-10-05 06:56:17', NULL),
	(44, 72188.60, 150, 4, '2020-10-05 06:56:17', '2020-10-05 06:56:17', NULL),
	(155, 839201.00, 182, 4, '2020-10-05 06:56:17', '2020-10-05 06:56:17', NULL),
	(64, 535319.68, 254, 4, '2020-10-05 06:56:17', '2020-10-05 06:56:17', NULL),
	(16, 130275.04, 2, 5, '2020-10-05 06:56:17', '2020-10-05 06:56:17', NULL),
	(11, 80543.76, 28, 5, '2020-10-05 06:56:17', '2020-10-05 06:56:17', NULL),
	(28, 52024.56, 83, 5, '2020-10-05 06:56:17', '2020-10-05 06:56:17', NULL),
	(109, 52641.55, 211, 5, '2020-10-05 06:56:17', '2020-10-05 06:56:17', NULL),
	(135, 997236.90, 225, 5, '2020-10-05 06:56:17', '2020-10-05 06:56:17', NULL),
	(103, 770977.66, 245, 5, '2020-10-05 06:56:17', '2020-10-05 06:56:17', NULL),
	(61, 422213.94, 100, 6, '2020-10-05 06:56:17', '2020-10-05 06:56:17', NULL),
	(1, 8466.06, 149, 6, '2020-10-05 06:56:17', '2020-10-05 06:56:17', NULL),
	(86, 77530.72, 155, 6, '2020-10-05 06:56:17', '2020-10-05 06:56:17', NULL),
	(58, 261691.94, 181, 6, '2020-10-05 06:56:17', '2020-10-05 06:56:17', NULL),
	(109, 707151.67, 196, 6, '2020-10-05 06:56:17', '2020-10-05 06:56:17', NULL),
	(1, 3278.87, 258, 6, '2020-10-05 06:56:17', '2020-10-05 06:56:17', NULL),
	(120, 1073844.00, 6, 7, '2020-10-05 06:56:17', '2020-10-05 06:56:17', NULL),
	(39, 65112.06, 14, 7, '2020-10-05 06:56:17', '2020-10-05 06:56:17', NULL),
	(39, 261972.36, 60, 7, '2020-10-05 06:56:17', '2020-10-05 06:56:17', NULL),
	(31, 267921.22, 179, 7, '2020-10-05 06:56:17', '2020-10-05 06:56:17', NULL),
	(73, 221801.01, 222, 7, '2020-10-05 06:56:17', '2020-10-05 06:56:17', NULL),
	(30, 6535.20, 288, 7, '2020-10-05 06:56:17', '2020-10-05 06:56:17', NULL),
	(6, 43487.40, 293, 7, '2020-10-05 06:56:17', '2020-10-05 06:56:17', NULL),
	(9, 20859.57, 298, 7, '2020-10-05 06:56:17', '2020-10-05 06:56:17', NULL),
	(78, 267664.02, 36, 8, '2020-10-05 06:56:18', '2020-10-05 06:56:18', NULL),
	(32, 301650.24, 68, 8, '2020-10-05 06:56:18', '2020-10-05 06:56:18', NULL),
	(1, 3065.68, 145, 8, '2020-10-05 06:56:18', '2020-10-05 06:56:18', NULL),
	(47, 243386.21, 55, 9, '2020-10-05 06:56:18', '2020-10-05 06:56:18', NULL),
	(5, 5656.50, 74, 9, '2020-10-05 06:56:18', '2020-10-05 06:56:18', NULL),
	(50, 275468.00, 194, 9, '2020-10-05 06:56:18', '2020-10-05 06:56:18', NULL),
	(4, 23049.32, 208, 9, '2020-10-05 06:56:18', '2020-10-05 06:56:18', NULL),
	(15, 134230.50, 6, 10, '2020-10-05 06:56:18', '2020-10-05 06:56:18', NULL),
	(39, 266195.67, 29, 10, '2020-10-05 06:56:18', '2020-10-05 06:56:18', NULL),
	(69, 554397.75, 53, 10, '2020-10-05 06:56:18', '2020-10-05 06:56:18', NULL),
	(16, 61202.72, 116, 10, '2020-10-05 06:56:18', '2020-10-05 06:56:18', NULL),
	(28, 67153.80, 183, 10, '2020-10-05 06:56:18', '2020-10-05 06:56:18', NULL),
	(13, 80213.77, 192, 10, '2020-10-05 06:56:18', '2020-10-05 06:56:18', NULL),
	(14, 9893.52, 296, 10, '2020-10-05 06:56:18', '2020-10-05 06:56:18', NULL),
	(23, 74434.90, 21, 11, '2020-10-05 06:56:18', '2020-10-05 06:56:18', NULL),
	(9, 19856.70, 34, 11, '2020-10-05 06:56:18', '2020-10-05 06:56:18', NULL),
	(75, 257369.25, 36, 11, '2020-10-05 06:56:18', '2020-10-05 06:56:18', NULL),
	(54, 305562.78, 67, 11, '2020-10-05 06:56:18', '2020-10-05 06:56:18', NULL),
	(25, 230106.25, 93, 11, '2020-10-05 06:56:18', '2020-10-05 06:56:18', NULL),
	(34, 170973.42, 219, 11, '2020-10-05 06:56:18', '2020-10-05 06:56:18', NULL),
	(130, 665571.40, 236, 11, '2020-10-05 06:56:18', '2020-10-05 06:56:18', NULL),
	(38, 121774.04, 11, 12, '2020-10-05 06:56:18', '2020-10-05 06:56:18', NULL),
	(69, 674454.99, 24, 12, '2020-10-05 06:56:18', '2020-10-05 06:56:18', NULL),
	(31, 205971.44, 90, 12, '2020-10-05 06:56:18', '2020-10-05 06:56:18', NULL),
	(71, 277007.92, 98, 12, '2020-10-05 06:56:18', '2020-10-05 06:56:18', NULL),
	(2, 12505.84, 120, 12, '2020-10-05 06:56:18', '2020-10-05 06:56:18', NULL),
	(84, 142674.00, 146, 12, '2020-10-05 06:56:18', '2020-10-05 06:56:18', NULL),
	(1, 8466.06, 149, 12, '2020-10-05 06:56:18', '2020-10-05 06:56:18', NULL),
	(22, 142727.86, 196, 12, '2020-10-05 06:56:18', '2020-10-05 06:56:18', NULL),
	(61, 95543.08, 218, 12, '2020-10-05 06:56:18', '2020-10-05 06:56:18', NULL),
	(1, 5990.83, 269, 12, '2020-10-05 06:56:18', '2020-10-05 06:56:18', NULL),
	(1, 6257.83, 128, 13, '2020-10-05 06:56:18', '2020-10-05 06:56:18', NULL),
	(49, 474816.37, 178, 13, '2020-10-05 06:56:18', '2020-10-05 06:56:18', NULL),
	(4, 5696.20, 231, 13, '2020-10-05 06:56:18', '2020-10-05 06:56:18', NULL),
	(3, 9708.90, 21, 14, '2020-10-05 06:56:18', '2020-10-05 06:56:18', NULL),
	(40, 22612.40, 51, 14, '2020-10-05 06:56:18', '2020-10-05 06:56:18', NULL),
	(55, 234157.55, 161, 14, '2020-10-05 06:56:18', '2020-10-05 06:56:18', NULL),
	(106, 824316.42, 52, 15, '2020-10-05 06:56:18', '2020-10-05 06:56:18', NULL),
	(39, 274241.37, 77, 15, '2020-10-05 06:56:18', '2020-10-05 06:56:18', NULL),
	(21, 99577.17, 114, 15, '2020-10-05 06:56:18', '2020-10-05 06:56:18', NULL),
	(6, 35656.32, 151, 15, '2020-10-05 06:56:18', '2020-10-05 06:56:18', NULL),
	(20, 197701.60, 163, 15, '2020-10-05 06:56:18', '2020-10-05 06:56:18', NULL),
	(115, 349412.55, 222, 15, '2020-10-05 06:56:18', '2020-10-05 06:56:18', NULL),
	(109, 805176.46, 225, 15, '2020-10-05 06:56:18', '2020-10-05 06:56:18', NULL),
	(3, 25093.11, 254, 15, '2020-10-05 06:56:18', '2020-10-05 06:56:18', NULL),
	(91, 752640.07, 289, 15, '2020-10-05 06:56:18', '2020-10-05 06:56:18', NULL),
	(5, 36239.50, 293, 15, '2020-10-05 06:56:18', '2020-10-05 06:56:18', NULL),
	(123, 687157.95, 15, 16, '2020-10-05 06:56:18', '2020-10-05 06:56:18', NULL),
	(4, 23770.88, 151, 16, '2020-10-05 06:56:18', '2020-10-05 06:56:18', NULL),
	(51, 33393.78, 191, 16, '2020-10-05 06:56:18', '2020-10-05 06:56:18', NULL),
	(30, 23499.90, 95, 17, '2020-10-05 06:56:18', '2020-10-05 06:56:18', NULL),
	(15, 81213.00, 182, 17, '2020-10-05 06:56:18', '2020-10-05 06:56:18', NULL),
	(2, 11524.66, 208, 17, '2020-10-05 06:56:18', '2020-10-05 06:56:18', NULL),
	(68, 541874.32, 214, 17, '2020-10-05 06:56:18', '2020-10-05 06:56:18', NULL),
	(7, 68767.86, 233, 17, '2020-10-05 06:56:18', '2020-10-05 06:56:18', NULL),
	(2, 18157.70, 297, 17, '2020-10-05 06:56:18', '2020-10-05 06:56:18', NULL),
	(100, 233861.00, 39, 18, '2020-10-05 06:56:18', '2020-10-05 06:56:18', NULL),
	(5, 38271.90, 72, 18, '2020-10-05 06:56:18', '2020-10-05 06:56:18', NULL),
	(76, 699523.00, 93, 18, '2020-10-05 06:56:18', '2020-10-05 06:56:18', NULL),
	(97, 152044.59, 119, 18, '2020-10-05 06:56:18', '2020-10-05 06:56:18', NULL),
	(1, 8466.06, 149, 18, '2020-10-05 06:56:18', '2020-10-05 06:56:18', NULL),
	(94, 652548.94, 199, 18, '2020-10-05 06:56:18', '2020-10-05 06:56:18', NULL),
	(108, 35830.08, 280, 18, '2020-10-05 06:56:18', '2020-10-05 06:56:18', NULL),
	(43, 194743.56, 295, 18, '2020-10-05 06:56:18', '2020-10-05 06:56:18', NULL),
	(43, 30387.24, 296, 18, '2020-10-05 06:56:18', '2020-10-05 06:56:18', NULL),
	(14, 7913.92, 10, 19, '2020-10-05 06:56:18', '2020-10-05 06:56:18', NULL),
	(19, 185884.03, 35, 19, '2020-10-05 06:56:18', '2020-10-05 06:56:18', NULL),
	(30, 237090.30, 59, 19, '2020-10-05 06:56:18', '2020-10-05 06:56:18', NULL),
	(17, 73884.38, 124, 19, '2020-10-05 06:56:18', '2020-10-05 06:56:18', NULL),
	(13, 78332.28, 96, 20, '2020-10-05 06:56:18', '2020-10-05 06:56:18', NULL),
	(21, 64169.28, 109, 20, '2020-10-05 06:56:18', '2020-10-05 06:56:18', NULL),
	(20, 91283.80, 143, 20, '2020-10-05 06:56:18', '2020-10-05 06:56:18', NULL),
	(7, 26803.14, 247, 20, '2020-10-05 06:56:18', '2020-10-05 06:56:18', NULL),
	(59, 180813.76, 250, 20, '2020-10-05 06:56:18', '2020-10-05 06:56:18', NULL),
	(1, 3065.68, 145, 21, '2020-10-05 06:56:18', '2020-10-05 06:56:18', NULL),
	(20, 123405.80, 192, 21, '2020-10-05 06:56:18', '2020-10-05 06:56:18', NULL),
	(19, 45331.53, 300, 21, '2020-10-05 06:56:18', '2020-10-05 06:56:18', NULL),
	(27, 136257.39, 71, 22, '2020-10-05 06:56:18', '2020-10-05 06:56:18', NULL),
	(87, 268552.47, 99, 22, '2020-10-05 06:56:18', '2020-10-05 06:56:18', NULL),
	(31, 241073.67, 52, 23, '2020-10-05 06:56:18', '2020-10-05 06:56:18', NULL),
	(185, 164370.65, 63, 23, '2020-10-05 06:56:18', '2020-10-05 06:56:18', NULL),
	(77, 308198.66, 152, 23, '2020-10-05 06:56:18', '2020-10-05 06:56:18', NULL),
	(73, 204196.33, 173, 23, '2020-10-05 06:56:18', '2020-10-05 06:56:18', NULL),
	(4, 16300.32, 174, 23, '2020-10-05 06:56:18', '2020-10-05 06:56:18', NULL),
	(97, 708150.44, 62, 24, '2020-10-05 06:56:18', '2020-10-05 06:56:18', NULL),
	(12, 107243.52, 232, 24, '2020-10-05 06:56:18', '2020-10-05 06:56:18', NULL),
	(38, 246818.74, 279, 24, '2020-10-05 06:56:18', '2020-10-05 06:56:18', NULL),
	(22, 16291.88, 13, 25, '2020-10-05 06:56:18', '2020-10-05 06:56:18', NULL),
	(23, 88225.93, 84, 25, '2020-10-05 06:56:18', '2020-10-05 06:56:18', NULL),
	(2, 1446.92, 111, 25, '2020-10-05 06:56:18', '2020-10-05 06:56:18', NULL),
	(47, 120340.68, 188, 25, '2020-10-05 06:56:18', '2020-10-05 06:56:18', NULL),
	(4, 18086.28, 246, 25, '2020-10-05 06:56:18', '2020-10-05 06:56:18', NULL),
	(40, 366923.60, 22, 26, '2020-10-05 06:56:18', '2020-10-05 06:56:18', NULL),
	(177, 1346283.24, 42, 26, '2020-10-05 06:56:18', '2020-10-05 06:56:18', NULL),
	(40, 201862.80, 71, 26, '2020-10-05 06:56:18', '2020-10-05 06:56:18', NULL),
	(1, 1131.30, 74, 26, '2020-10-05 06:56:18', '2020-10-05 06:56:18', NULL),
	(116, 359198.64, 121, 26, '2020-10-05 06:56:18', '2020-10-05 06:56:18', NULL),
	(9, 59699.52, 130, 26, '2020-10-05 06:56:18', '2020-10-05 06:56:18', NULL),
	(100, 359704.00, 135, 26, '2020-10-05 06:56:18', '2020-10-05 06:56:18', NULL),
	(121, 663469.62, 139, 26, '2020-10-05 06:56:18', '2020-10-05 06:56:18', NULL),
	(86, 289348.72, 44, 27, '2020-10-05 06:56:18', '2020-10-05 06:56:18', NULL),
	(26, 20684.82, 50, 27, '2020-10-05 06:56:18', '2020-10-05 06:56:18', NULL),
	(103, 827579.25, 53, 27, '2020-10-05 06:56:18', '2020-10-05 06:56:18', NULL),
	(23, 130147.11, 67, 27, '2020-10-05 06:56:18', '2020-10-05 06:56:18', NULL),
	(103, 103006.18, 170, 27, '2020-10-05 06:56:18', '2020-10-05 06:56:18', NULL),
	(39, 300569.10, 217, 27, '2020-10-05 06:56:18', '2020-10-05 06:56:18', NULL),
	(29, 195630.23, 267, 27, '2020-10-05 06:56:18', '2020-10-05 06:56:18', NULL),
	(2, 18461.20, 284, 27, '2020-10-05 06:56:18', '2020-10-05 06:56:18', NULL),
	(83, 268612.90, 21, 28, '2020-10-05 06:56:18', '2020-10-05 06:56:18', NULL),
	(17, 99694.46, 75, 28, '2020-10-05 06:56:18', '2020-10-05 06:56:18', NULL),
	(13, 84712.94, 144, 28, '2020-10-05 06:56:18', '2020-10-05 06:56:18', NULL),
	(24, 148086.96, 192, 28, '2020-10-05 06:56:18', '2020-10-05 06:56:18', NULL),
	(126, 694179.36, 194, 28, '2020-10-05 06:56:18', '2020-10-05 06:56:18', NULL),
	(41, 351279.80, 241, 28, '2020-10-05 06:56:18', '2020-10-05 06:56:18', NULL),
	(129, 496025.64, 260, 28, '2020-10-05 06:56:18', '2020-10-05 06:56:18', NULL),
	(25, 48268.50, 285, 28, '2020-10-05 06:56:18', '2020-10-05 06:56:18', NULL),
	(8, 18541.84, 298, 28, '2020-10-05 06:56:18', '2020-10-05 06:56:18', NULL),
	(39, 248314.95, 56, 29, '2020-10-05 06:56:18', '2020-10-05 06:56:18', NULL),
	(68, 209903.08, 99, 29, '2020-10-05 06:56:18', '2020-10-05 06:56:18', NULL),
	(74, 44216.48, 105, 29, '2020-10-05 06:56:18', '2020-10-05 06:56:18', NULL),
	(1, 9895.01, 187, 29, '2020-10-05 06:56:18', '2020-10-05 06:56:18', NULL),
	(38, 234471.02, 192, 29, '2020-10-05 06:56:18', '2020-10-05 06:56:18', NULL),
	(33, 291129.30, 201, 29, '2020-10-05 06:56:18', '2020-10-05 06:56:18', NULL),
	(63, 556058.79, 264, 29, '2020-10-05 06:56:18', '2020-10-05 06:56:18', NULL),
	(30, 75526.20, 270, 29, '2020-10-05 06:56:18', '2020-10-05 06:56:18', NULL),
	(34, 281825.66, 132, 30, '2020-10-05 06:56:18', '2020-10-05 06:56:18', NULL),
	(52, 286486.72, 194, 30, '2020-10-05 06:56:18', '2020-10-05 06:56:18', NULL),
	(93, 603349.59, 196, 30, '2020-10-05 06:56:18', '2020-10-05 06:56:18', NULL),
	(1, 1254.51, 73, 31, '2020-10-05 06:56:18', '2020-10-05 06:56:18', NULL),
	(4, 34520.08, 198, 31, '2020-10-05 06:56:18', '2020-10-05 06:56:18', NULL),
	(42, 310251.48, 225, 31, '2020-10-05 06:56:18', '2020-10-05 06:56:18', NULL),
	(6, 35944.98, 269, 31, '2020-10-05 06:56:18', '2020-10-05 06:56:18', NULL),
	(107, 161682.35, 30, 32, '2020-10-05 06:56:18', '2020-10-05 06:56:18', NULL),
	(12, 13265.76, 78, 32, '2020-10-05 06:56:18', '2020-10-05 06:56:18', NULL),
	(111, 1018314.00, 169, 32, '2020-10-05 06:56:18', '2020-10-05 06:56:18', NULL),
	(12, 108675.60, 209, 32, '2020-10-05 06:56:18', '2020-10-05 06:56:18', NULL),
	(3, 11487.06, 247, 32, '2020-10-05 06:56:18', '2020-10-05 06:56:18', NULL),
	(9, 87903.90, 255, 32, '2020-10-05 06:56:18', '2020-10-05 06:56:18', NULL),
	(82, 747270.92, 277, 32, '2020-10-05 06:56:18', '2020-10-05 06:56:18', NULL),
	(47, 37391.79, 50, 33, '2020-10-05 06:56:18', '2020-10-05 06:56:18', NULL),
	(25, 27637.00, 78, 33, '2020-10-05 06:56:18', '2020-10-05 06:56:18', NULL),
	(7, 24574.20, 234, 33, '2020-10-05 06:56:18', '2020-10-05 06:56:18', NULL),
	(134, 978269.68, 62, 34, '2020-10-05 06:56:18', '2020-10-05 06:56:18', NULL),
	(20, 132884.80, 90, 34, '2020-10-05 06:56:18', '2020-10-05 06:56:18', NULL),
	(8, 47855.04, 97, 34, '2020-10-05 06:56:18', '2020-10-05 06:56:18', NULL),
	(33, 170451.60, 166, 34, '2020-10-05 06:56:18', '2020-10-05 06:56:18', NULL),
	(13, 49877.49, 203, 34, '2020-10-05 06:56:18', '2020-10-05 06:56:18', NULL),
	(38, 232182.28, 243, 34, '2020-10-05 06:56:18', '2020-10-05 06:56:18', NULL),
	(4, 28261.84, 252, 34, '2020-10-05 06:56:18', '2020-10-05 06:56:18', NULL),
	(11, 107438.10, 255, 34, '2020-10-05 06:56:18', '2020-10-05 06:56:18', NULL),
	(141, 542167.56, 260, 34, '2020-10-05 06:56:18', '2020-10-05 06:56:18', NULL),
	(14, 70138.32, 108, 35, '2020-10-05 06:56:18', '2020-10-05 06:56:18', NULL),
	(22, 100412.18, 143, 35, '2020-10-05 06:56:18', '2020-10-05 06:56:18', NULL),
	(26, 143700.96, 38, 36, '2020-10-05 06:56:18', '2020-10-05 06:56:18', NULL),
	(64, 600177.28, 87, 36, '2020-10-05 06:56:18', '2020-10-05 06:56:18', NULL),
	(65, 264880.20, 174, 36, '2020-10-05 06:56:18', '2020-10-05 06:56:18', NULL),
	(74, 638621.48, 198, 36, '2020-10-05 06:56:18', '2020-10-05 06:56:18', NULL),
	(42, 394118.76, 205, 36, '2020-10-05 06:56:18', '2020-10-05 06:56:18', NULL),
	(104, 734599.84, 215, 36, '2020-10-05 06:56:18', '2020-10-05 06:56:18', NULL),
	(23, 221048.63, 4, 37, '2020-10-05 06:56:18', '2020-10-05 06:56:18', NULL),
	(29, 144374.76, 5, 37, '2020-10-05 06:56:18', '2020-10-05 06:56:18', NULL),
	(13, 57439.33, 127, 37, '2020-10-05 06:56:18', '2020-10-05 06:56:18', NULL),
	(62, 177148.88, 238, 37, '2020-10-05 06:56:18', '2020-10-05 06:56:18', NULL),
	(45, 102359.25, 46, 38, '2020-10-05 06:56:18', '2020-10-05 06:56:18', NULL),
	(81, 756499.50, 58, 38, '2020-10-05 06:56:18', '2020-10-05 06:56:18', NULL),
	(51, 419390.85, 131, 38, '2020-10-05 06:56:18', '2020-10-05 06:56:18', NULL),
	(115, 16096.55, 165, 38, '2020-10-05 06:56:18', '2020-10-05 06:56:18', NULL),
	(20, 184612.00, 284, 38, '2020-10-05 06:56:18', '2020-10-05 06:56:18', NULL),
	(2, 6131.36, 145, 39, '2020-10-05 06:56:18', '2020-10-05 06:56:18', NULL),
	(26, 172859.44, 176, 39, '2020-10-05 06:56:18', '2020-10-05 06:56:18', NULL),
	(33, 285206.46, 179, 39, '2020-10-05 06:56:18', '2020-10-05 06:56:18', NULL),
	(8, 79317.44, 235, 39, '2020-10-05 06:56:18', '2020-10-05 06:56:18', NULL),
	(10, 68070.30, 251, 39, '2020-10-05 06:56:18', '2020-10-05 06:56:18', NULL),
	(108, 966459.60, 6, 40, '2020-10-05 06:56:18', '2020-10-05 06:56:18', NULL),
	(77, 689514.98, 66, 40, '2020-10-05 06:56:18', '2020-10-05 06:56:18', NULL),
	(26, 99733.66, 84, 40, '2020-10-05 06:56:18', '2020-10-05 06:56:18', NULL),
	(41, 67266.65, 150, 40, '2020-10-05 06:56:18', '2020-10-05 06:56:18', NULL),
	(98, 716704.38, 177, 40, '2020-10-05 06:56:18', '2020-10-05 06:56:18', NULL),
	(121, 554597.45, 202, 40, '2020-10-05 06:56:18', '2020-10-05 06:56:18', NULL),
	(54, 26079.30, 211, 40, '2020-10-05 06:56:18', '2020-10-05 06:56:18', NULL),
	(34, 313840.40, 284, 40, '2020-10-05 06:56:18', '2020-10-05 06:56:18', NULL),
	(40, 129952.40, 27, 41, '2020-10-05 06:56:18', '2020-10-05 06:56:18', NULL),
	(6, 43932.96, 28, 41, '2020-10-05 06:56:18', '2020-10-05 06:56:18', NULL),
	(152, 1454899.92, 157, 41, '2020-10-05 06:56:18', '2020-10-05 06:56:18', NULL),
	(20, 193802.60, 178, 41, '2020-10-05 06:56:18', '2020-10-05 06:56:18', NULL),
	(34, 180346.20, 206, 41, '2020-10-05 06:56:18', '2020-10-05 06:56:18', NULL),
	(77, 701705.62, 277, 41, '2020-10-05 06:56:18', '2020-10-05 06:56:18', NULL),
	(57, 547816.17, 4, 42, '2020-10-05 06:56:18', '2020-10-05 06:56:18', NULL),
	(50, 142232.00, 69, 42, '2020-10-05 06:56:18', '2020-10-05 06:56:18', NULL),
	(37, 267815.62, 103, 42, '2020-10-05 06:56:18', '2020-10-05 06:56:18', NULL),
	(29, 104314.16, 135, 42, '2020-10-05 06:56:18', '2020-10-05 06:56:18', NULL),
	(58, 142691.02, 140, 42, '2020-10-05 06:56:18', '2020-10-05 06:56:18', NULL),
	(2, 13600.86, 185, 42, '2020-10-05 06:56:18', '2020-10-05 06:56:18', NULL),
	(152, 390436.32, 195, 42, '2020-10-05 06:56:18', '2020-10-05 06:56:18', NULL),
	(1, 7706.90, 217, 42, '2020-10-05 06:56:18', '2020-10-05 06:56:18', NULL),
	(3, 29795.85, 248, 42, '2020-10-05 06:56:18', '2020-10-05 06:56:18', NULL),
	(96, 874853.76, 277, 42, '2020-10-05 06:56:18', '2020-10-05 06:56:18', NULL),
	(93, 707369.16, 42, 43, '2020-10-05 06:56:18', '2020-10-05 06:56:18', NULL),
	(11, 12160.28, 78, 43, '2020-10-05 06:56:18', '2020-10-05 06:56:18', NULL),
	(8, 44074.88, 194, 43, '2020-10-05 06:56:18', '2020-10-05 06:56:18', NULL),
	(27, 70839.09, 257, 43, '2020-10-05 06:56:18', '2020-10-05 06:56:18', NULL),
	(63, 583753.59, 262, 43, '2020-10-05 06:56:18', '2020-10-05 06:56:18', NULL),
	(69, 362553.60, 88, 44, '2020-10-05 06:56:18', '2020-10-05 06:56:18', NULL),
	(4, 23927.52, 97, 44, '2020-10-05 06:56:18', '2020-10-05 06:56:18', NULL),
	(3, 14286.63, 242, 44, '2020-10-05 06:56:18', '2020-10-05 06:56:18', NULL),
	(72, 147552.48, 8, 45, '2020-10-05 06:56:18', '2020-10-05 06:56:18', NULL),
	(143, 1063087.74, 23, 45, '2020-10-05 06:56:18', '2020-10-05 06:56:18', NULL),
	(1, 2835.28, 1, 46, '2020-10-05 06:56:18', '2020-10-05 06:56:18', NULL),
	(38, 209482.60, 41, 46, '2020-10-05 06:56:18', '2020-10-05 06:56:18', NULL),
	(67, 6090.97, 43, 46, '2020-10-05 06:56:18', '2020-10-05 06:56:18', NULL),
	(18, 90838.26, 71, 46, '2020-10-05 06:56:18', '2020-10-05 06:56:18', NULL),
	(28, 86430.68, 99, 46, '2020-10-05 06:56:18', '2020-10-05 06:56:18', NULL),
	(88, 195405.76, 159, 46, '2020-10-05 06:56:18', '2020-10-05 06:56:18', NULL),
	(54, 417523.68, 224, 46, '2020-10-05 06:56:18', '2020-10-05 06:56:18', NULL),
	(80, 26540.80, 280, 46, '2020-10-05 06:56:18', '2020-10-05 06:56:18', NULL),
	(79, 255667.70, 21, 47, '2020-10-05 06:56:18', '2020-10-05 06:56:18', NULL),
	(130, 887318.90, 29, 47, '2020-10-05 06:56:18', '2020-10-05 06:56:18', NULL),
	(62, 380229.26, 123, 47, '2020-10-05 06:56:18', '2020-10-05 06:56:18', NULL),
	(66, 114689.52, 136, 47, '2020-10-05 06:56:18', '2020-10-05 06:56:18', NULL),
	(113, 481087.33, 161, 47, '2020-10-05 06:56:18', '2020-10-05 06:56:18', NULL),
	(113, 1036662.00, 169, 47, '2020-10-05 06:56:18', '2020-10-05 06:56:18', NULL),
	(121, 619493.38, 236, 47, '2020-10-05 06:56:18', '2020-10-05 06:56:18', NULL),
	(91, 282987.25, 31, 48, '2020-10-05 06:56:18', '2020-10-05 06:56:18', NULL),
	(13, 42160.17, 54, 48, '2020-10-05 06:56:18', '2020-10-05 06:56:18', NULL),
	(58, 419819.08, 103, 48, '2020-10-05 06:56:18', '2020-10-05 06:56:18', NULL),
	(19, 13745.74, 111, 48, '2020-10-05 06:56:18', '2020-10-05 06:56:18', NULL),
	(43, 205947.21, 113, 48, '2020-10-05 06:56:18', '2020-10-05 06:56:18', NULL),
	(53, 143876.45, 160, 48, '2020-10-05 06:56:18', '2020-10-05 06:56:18', NULL),
	(103, 419733.24, 174, 48, '2020-10-05 06:56:18', '2020-10-05 06:56:18', NULL),
	(17, 131862.88, 204, 48, '2020-10-05 06:56:18', '2020-10-05 06:56:18', NULL),
	(80, 140288.80, 259, 48, '2020-10-05 06:56:18', '2020-10-05 06:56:18', NULL),
	(14, 56443.94, 261, 48, '2020-10-05 06:56:18', '2020-10-05 06:56:18', NULL),
	(16, 15584.96, 33, 49, '2020-10-05 06:56:18', '2020-10-05 06:56:18', NULL),
	(91, 849894.50, 58, 49, '2020-10-05 06:56:18', '2020-10-05 06:56:18', NULL),
	(39, 118901.25, 107, 49, '2020-10-05 06:56:18', '2020-10-05 06:56:18', NULL),
	(25, 207464.50, 138, 49, '2020-10-05 06:56:18', '2020-10-05 06:56:18', NULL),
	(120, 866148.00, 168, 49, '2020-10-05 06:56:18', '2020-10-05 06:56:18', NULL),
	(126, 360012.24, 238, 49, '2020-10-05 06:56:18', '2020-10-05 06:56:18', NULL),
	(89, 605825.67, 251, 49, '2020-10-05 06:56:18', '2020-10-05 06:56:18', NULL),
	(164, 1106322.68, 267, 49, '2020-10-05 06:56:18', '2020-10-05 06:56:18', NULL),
	(48, 448296.00, 58, 50, '2020-10-05 06:56:18', '2020-10-05 06:56:18', NULL),
	(1, 5046.57, 71, 50, '2020-10-05 06:56:18', '2020-10-05 06:56:18', NULL),
	(93, 287073.33, 99, 50, '2020-10-05 06:56:18', '2020-10-05 06:56:18', NULL),
	(84, 46886.28, 118, 50, '2020-10-05 06:56:18', '2020-10-05 06:56:18', NULL),
	(25, 153318.25, 123, 50, '2020-10-05 06:56:18', '2020-10-05 06:56:18', NULL),
	(54, 447605.46, 132, 50, '2020-10-05 06:56:18', '2020-10-05 06:56:18', NULL),
	(102, 366898.08, 135, 50, '2020-10-05 06:56:18', '2020-10-05 06:56:18', NULL),
	(18, 78558.66, 184, 50, '2020-10-05 06:56:18', '2020-10-05 06:56:18', NULL),
	(22, 149609.46, 185, 50, '2020-10-05 06:56:18', '2020-10-05 06:56:18', NULL),
	(3, 48.87, 290, 50, '2020-10-05 06:56:18', '2020-10-05 06:56:18', NULL);
/*!40000 ALTER TABLE `compra_producto` ENABLE KEYS */;

-- Volcando estructura para tabla rumbabar.failed_jobs
CREATE TABLE IF NOT EXISTS `failed_jobs` (
  `id` bigint(20) unsigned NOT NULL AUTO_INCREMENT,
  `connection` text COLLATE utf8mb4_unicode_ci NOT NULL,
  `queue` text COLLATE utf8mb4_unicode_ci NOT NULL,
  `payload` longtext COLLATE utf8mb4_unicode_ci NOT NULL,
  `exception` longtext COLLATE utf8mb4_unicode_ci NOT NULL,
  `failed_at` timestamp NOT NULL DEFAULT CURRENT_TIMESTAMP,
  PRIMARY KEY (`id`)
) ENGINE=InnoDB DEFAULT CHARSET=utf8mb4 COLLATE=utf8mb4_unicode_ci;

-- Volcando datos para la tabla rumbabar.failed_jobs: ~0 rows (aproximadamente)
DELETE FROM `failed_jobs`;
/*!40000 ALTER TABLE `failed_jobs` DISABLE KEYS */;
/*!40000 ALTER TABLE `failed_jobs` ENABLE KEYS */;

-- Volcando estructura para tabla rumbabar.mesas
CREATE TABLE IF NOT EXISTS `mesas` (
  `MesaId` bigint(20) unsigned NOT NULL AUTO_INCREMENT,
  `MesaPuestos` tinyint(3) unsigned NOT NULL,
  `created_at` timestamp NULL DEFAULT NULL,
  `updated_at` timestamp NULL DEFAULT NULL,
  `deleted_at` timestamp NULL DEFAULT NULL,
  PRIMARY KEY (`MesaId`)
) ENGINE=InnoDB AUTO_INCREMENT=16 DEFAULT CHARSET=utf8mb4 COLLATE=utf8mb4_unicode_ci;

-- Volcando datos para la tabla rumbabar.mesas: ~15 rows (aproximadamente)
DELETE FROM `mesas`;
/*!40000 ALTER TABLE `mesas` DISABLE KEYS */;
INSERT INTO `mesas` (`MesaId`, `MesaPuestos`, `created_at`, `updated_at`, `deleted_at`) VALUES
	(1, 6, NULL, NULL, NULL),
	(2, 8, NULL, NULL, NULL),
	(3, 4, NULL, NULL, NULL),
	(4, 4, NULL, NULL, NULL),
	(5, 4, NULL, NULL, NULL),
	(6, 4, NULL, NULL, NULL),
	(7, 4, NULL, NULL, NULL),
	(8, 2, NULL, NULL, NULL),
	(9, 4, NULL, NULL, NULL),
	(10, 2, NULL, NULL, NULL),
	(11, 4, NULL, NULL, NULL),
	(12, 8, NULL, NULL, NULL),
	(13, 2, NULL, NULL, NULL),
	(14, 4, NULL, NULL, NULL),
	(15, 4, NULL, NULL, NULL);
/*!40000 ALTER TABLE `mesas` ENABLE KEYS */;

-- Volcando estructura para tabla rumbabar.migrations
CREATE TABLE IF NOT EXISTS `migrations` (
  `id` int(10) unsigned NOT NULL AUTO_INCREMENT,
  `migration` varchar(255) COLLATE utf8mb4_unicode_ci NOT NULL,
  `batch` int(11) NOT NULL,
  PRIMARY KEY (`id`)
) ENGINE=InnoDB AUTO_INCREMENT=25 DEFAULT CHARSET=utf8mb4 COLLATE=utf8mb4_unicode_ci;

-- Volcando datos para la tabla rumbabar.migrations: ~24 rows (aproximadamente)
DELETE FROM `migrations`;
/*!40000 ALTER TABLE `migrations` DISABLE KEYS */;
INSERT INTO `migrations` (`id`, `migration`, `batch`) VALUES
	(1, '2013_09_25_200225_create_roles_table', 1),
	(2, '2014_10_12_000000_create_users_table', 1),
	(3, '2014_10_12_100000_create_password_resets_table', 1),
	(4, '2019_08_19_000000_create_failed_jobs_table', 1),
	(5, '2020_09_25_200207_create_proveedores_table', 1),
	(6, '2020_09_25_200556_create_products_table', 1),
	(7, '2020_09_25_201139_create_clientes_table', 1),
	(8, '2020_09_25_202155_create_mesas_table', 1),
	(9, '2020_09_25_215113_create_compras_table', 1),
	(10, '2020_09_25_215124_create_ventas_table', 1),
	(11, '2020_09_25_215239_create_permisos_table', 1),
	(12, '2020_09_25_215312_create_permiso_rol_table', 1),
	(13, '2020_09_25_215343_create_producto_venta_table', 1),
	(14, '2020_09_25_215517_create_compra_producto_table', 1),
	(15, '2020_10_05_062231_create_auditoria_clientes_table', 1),
	(16, '2020_10_05_062232_create_auditoria_mesas_table', 1),
	(17, '2020_10_05_062244_create_auditoria_permisos_table', 1),
	(18, '2020_10_05_062259_create_auditoria_productos_table', 1),
	(19, '2020_10_05_062310_create_auditoria_proveedores_table', 1),
	(20, '2020_10_05_062326_create_auditoria_roles_table', 1),
	(21, '2020_10_05_062335_create_auditoria_usuarios_table', 1),
	(22, '2020_10_05_062412_create_auditoria_compra_producto_table', 1),
	(23, '2020_10_05_062432_create_auditoria_producto_venta_table', 1),
	(24, '2020_10_05_062457_create_auditoria_permiso_rol_table', 1);
/*!40000 ALTER TABLE `migrations` ENABLE KEYS */;

-- Volcando estructura para tabla rumbabar.password_resets
CREATE TABLE IF NOT EXISTS `password_resets` (
  `email` varchar(255) COLLATE utf8mb4_unicode_ci NOT NULL,
  `token` varchar(255) COLLATE utf8mb4_unicode_ci NOT NULL,
  `created_at` timestamp NULL DEFAULT NULL,
  KEY `password_resets_email_index` (`email`)
) ENGINE=InnoDB DEFAULT CHARSET=utf8mb4 COLLATE=utf8mb4_unicode_ci;

-- Volcando datos para la tabla rumbabar.password_resets: ~0 rows (aproximadamente)
DELETE FROM `password_resets`;
/*!40000 ALTER TABLE `password_resets` DISABLE KEYS */;
/*!40000 ALTER TABLE `password_resets` ENABLE KEYS */;

-- Volcando estructura para tabla rumbabar.permisos
CREATE TABLE IF NOT EXISTS `permisos` (
  `PermisoId` bigint(20) unsigned NOT NULL AUTO_INCREMENT,
  `PermisoNombre` varchar(255) COLLATE utf8mb4_unicode_ci NOT NULL,
  `created_at` timestamp NULL DEFAULT NULL,
  `updated_at` timestamp NULL DEFAULT NULL,
  `deleted_at` timestamp NULL DEFAULT NULL,
  PRIMARY KEY (`PermisoId`)
) ENGINE=InnoDB AUTO_INCREMENT=51 DEFAULT CHARSET=utf8mb4 COLLATE=utf8mb4_unicode_ci;

-- Volcando datos para la tabla rumbabar.permisos: ~50 rows (aproximadamente)
DELETE FROM `permisos`;
/*!40000 ALTER TABLE `permisos` DISABLE KEYS */;
INSERT INTO `permisos` (`PermisoId`, `PermisoNombre`, `created_at`, `updated_at`, `deleted_at`) VALUES
	(1, 'Proveedorupdate', NULL, NULL, NULL),
	(2, 'Rolcreate', NULL, NULL, NULL),
	(3, 'Clientedelete', NULL, NULL, NULL),
	(4, 'Usuarioread', NULL, NULL, NULL),
	(5, 'Proveedordelete', NULL, NULL, NULL),
	(6, 'Compraread', NULL, NULL, NULL),
	(7, 'Ventaread', NULL, NULL, NULL),
	(8, 'Usuariocreate', NULL, NULL, NULL),
	(9, 'Mesadelete', NULL, NULL, NULL),
	(10, 'Proveedorupdate', NULL, NULL, NULL),
	(11, 'Rolcreate', NULL, NULL, NULL),
	(12, 'Roldelete', NULL, NULL, NULL),
	(13, 'Ventaread', NULL, NULL, NULL),
	(14, 'Productoupdate', NULL, NULL, NULL),
	(15, 'Mesadelete', NULL, NULL, NULL),
	(16, 'Proveedorcreate', NULL, NULL, NULL),
	(17, 'Compraread', NULL, NULL, NULL),
	(18, 'Clientecreate', NULL, NULL, NULL),
	(19, 'Clienteread', NULL, NULL, NULL),
	(20, 'Clientecreate', NULL, NULL, NULL),
	(21, 'Mesaread', NULL, NULL, NULL),
	(22, 'Productoupdate', NULL, NULL, NULL),
	(23, 'Permisocreate', NULL, NULL, NULL),
	(24, 'Proveedorupdate', NULL, NULL, NULL),
	(25, 'Rolread', NULL, NULL, NULL),
	(26, 'Ventaread', NULL, NULL, NULL),
	(27, 'Permisoupdate', NULL, NULL, NULL),
	(28, 'Clienteread', NULL, NULL, NULL),
	(29, 'Mesaread', NULL, NULL, NULL),
	(30, 'Ventacreate', NULL, NULL, NULL),
	(31, 'Compracreate', NULL, NULL, NULL),
	(32, 'Mesadelete', NULL, NULL, NULL),
	(33, 'Usuariodelete', NULL, NULL, NULL),
	(34, 'Productodelete', NULL, NULL, NULL),
	(35, 'Usuarioupdate', NULL, NULL, NULL),
	(36, 'Ventadelete', NULL, NULL, NULL),
	(37, 'Ventaupdate', NULL, NULL, NULL),
	(38, 'Compradelete', NULL, NULL, NULL),
	(39, 'Proveedorread', NULL, NULL, NULL),
	(40, 'Productocreate', NULL, NULL, NULL),
	(41, 'Mesaupdate', NULL, NULL, NULL),
	(42, 'Productocreate', NULL, NULL, NULL),
	(43, 'Ventadelete', NULL, NULL, NULL),
	(44, 'Mesaread', NULL, NULL, NULL),
	(45, 'Productoread', NULL, NULL, NULL),
	(46, 'Clienteupdate', NULL, NULL, NULL),
	(47, 'Mesacreate', NULL, NULL, NULL),
	(48, 'Compraupdate', NULL, NULL, NULL),
	(49, 'Proveedordelete', NULL, NULL, NULL),
	(50, 'Mesaupdate', NULL, NULL, NULL);
/*!40000 ALTER TABLE `permisos` ENABLE KEYS */;

-- Volcando estructura para tabla rumbabar.permiso_rol
CREATE TABLE IF NOT EXISTS `permiso_rol` (
  `fk_permiso` bigint(20) unsigned NOT NULL,
  `fk_rol` bigint(20) unsigned NOT NULL,
  `created_at` timestamp NULL DEFAULT NULL,
  `updated_at` timestamp NULL DEFAULT NULL,
  `deleted_at` timestamp NULL DEFAULT NULL,
  KEY `permiso_rol_fk_permiso_foreign` (`fk_permiso`),
  KEY `permiso_rol_fk_rol_foreign` (`fk_rol`),
  CONSTRAINT `permiso_rol_fk_permiso_foreign` FOREIGN KEY (`fk_permiso`) REFERENCES `permisos` (`PermisoId`),
  CONSTRAINT `permiso_rol_fk_rol_foreign` FOREIGN KEY (`fk_rol`) REFERENCES `roles` (`RolId`)
) ENGINE=InnoDB DEFAULT CHARSET=utf8mb4 COLLATE=utf8mb4_unicode_ci;

-- Volcando datos para la tabla rumbabar.permiso_rol: ~40 rows (aproximadamente)
DELETE FROM `permiso_rol`;
/*!40000 ALTER TABLE `permiso_rol` DISABLE KEYS */;
INSERT INTO `permiso_rol` (`fk_permiso`, `fk_rol`, `created_at`, `updated_at`, `deleted_at`) VALUES
	(21, 1, NULL, NULL, NULL),
	(46, 1, NULL, NULL, NULL),
	(39, 3, NULL, NULL, NULL),
	(1, 1, NULL, NULL, NULL),
	(10, 1, NULL, NULL, NULL),
	(19, 1, NULL, NULL, NULL),
	(20, 1, NULL, NULL, NULL),
	(22, 1, NULL, NULL, NULL),
	(43, 1, NULL, NULL, NULL),
	(45, 1, NULL, NULL, NULL),
	(48, 1, NULL, NULL, NULL),
	(4, 2, NULL, NULL, NULL),
	(8, 2, NULL, NULL, NULL),
	(11, 2, NULL, NULL, NULL),
	(16, 2, NULL, NULL, NULL),
	(25, 2, NULL, NULL, NULL),
	(29, 2, NULL, NULL, NULL),
	(34, 2, NULL, NULL, NULL),
	(36, 2, NULL, NULL, NULL),
	(43, 2, NULL, NULL, NULL),
	(45, 2, NULL, NULL, NULL),
	(1, 3, NULL, NULL, NULL),
	(8, 3, NULL, NULL, NULL),
	(14, 3, NULL, NULL, NULL),
	(15, 3, NULL, NULL, NULL),
	(16, 3, NULL, NULL, NULL),
	(18, 3, NULL, NULL, NULL),
	(23, 3, NULL, NULL, NULL),
	(34, 3, NULL, NULL, NULL),
	(41, 3, NULL, NULL, NULL),
	(2, 4, NULL, NULL, NULL),
	(5, 4, NULL, NULL, NULL),
	(7, 4, NULL, NULL, NULL),
	(11, 4, NULL, NULL, NULL),
	(15, 4, NULL, NULL, NULL),
	(17, 4, NULL, NULL, NULL),
	(23, 4, NULL, NULL, NULL),
	(29, 4, NULL, NULL, NULL),
	(40, 4, NULL, NULL, NULL),
	(41, 4, NULL, NULL, NULL);
/*!40000 ALTER TABLE `permiso_rol` ENABLE KEYS */;

-- Volcando estructura para tabla rumbabar.productos
CREATE TABLE IF NOT EXISTS `productos` (
  `ProductoId` bigint(20) unsigned NOT NULL AUTO_INCREMENT,
  `ProductoNombre` varchar(255) COLLATE utf8mb4_unicode_ci NOT NULL,
  `ProductoDescripcion` longtext COLLATE utf8mb4_unicode_ci NOT NULL,
  `ProductoPrecio` double(10,2) NOT NULL,
  `ProductoCantidad` mediumint(8) unsigned NOT NULL,
  `fk_proveedor` bigint(20) unsigned NOT NULL,
  `created_at` timestamp NULL DEFAULT NULL,
  `updated_at` timestamp NULL DEFAULT NULL,
  `deleted_at` timestamp NULL DEFAULT NULL,
  PRIMARY KEY (`ProductoId`),
  KEY `productos_fk_proveedor_foreign` (`fk_proveedor`),
  CONSTRAINT `productos_fk_proveedor_foreign` FOREIGN KEY (`fk_proveedor`) REFERENCES `proveedores` (`ProveedorId`)
) ENGINE=InnoDB AUTO_INCREMENT=301 DEFAULT CHARSET=utf8mb4 COLLATE=utf8mb4_unicode_ci;

-- Volcando datos para la tabla rumbabar.productos: ~300 rows (aproximadamente)
DELETE FROM `productos`;
/*!40000 ALTER TABLE `productos` DISABLE KEYS */;
INSERT INTO `productos` (`ProductoId`, `ProductoNombre`, `ProductoDescripcion`, `ProductoPrecio`, `ProductoCantidad`, `fk_proveedor`, `created_at`, `updated_at`, `deleted_at`) VALUES
	(1, 'Coliflor', 'Id et id quibusdam modi quo. Corrupti qui qui placeat harum est cumque quidem. Aut consequuntur et fugit vero atque recusandae. Et omnis qui iure voluptate quia.', 2835.28, 1, 33, NULL, NULL, NULL),
	(2, 'Gel', 'Corporis natus quo et tempore et enim occaecati. Dolorem ea dolore rerum nam doloribus ut. Ex id quos officia unde vero. Dolorem doloribus omnis fugit officia maxime.', 8142.19, 51, 36, NULL, NULL, NULL),
	(3, 'CDR', 'Sint saepe quisquam nesciunt ipsa possimus quos velit non. Enim quibusdam voluptates ratione iure sapiente. Velit neque laborum enim necessitatibus ut fugit dolores id.', 9170.66, 114, 11, NULL, NULL, NULL),
	(4, 'Sopa', 'Deserunt exercitationem praesentium magni sequi recusandae. Quibusdam eius ipsum sequi dignissimos dolor quo omnis voluptas. Veritatis totam maiores voluptas et.', 9610.81, 138, 24, NULL, NULL, NULL),
	(5, 'Harina de avena', 'Earum et provident et ut ea quia. Quia dolorem voluptatum non vero. Odio et vel dolor.', 4978.44, 68, 24, NULL, NULL, NULL),
	(6, 'Panes listos para hornear', 'Ipsam quo iste alias eaque quis illum. Est qui unde omnis qui et. Dicta eligendi omnis maxime quasi. Odio sint exercitationem aut natus.', 8948.70, 192, 46, NULL, NULL, NULL),
	(7, 'Feta', 'Aperiam et et deserunt. Est delectus quod ipsa et delectus molestias. Ut distinctio qui sit eius temporibus excepturi natus. Placeat nihil odit et rem iste. Ea nemo dolores cupiditate assumenda consequuntur in.', 6161.84, 34, 34, NULL, NULL, NULL),
	(8, 'Curitas', 'Ea placeat porro fugiat natus culpa velit. Natus autem odit animi quos molestiae rerum omnis. Et enim totam minima tenetur. Maxime quia voluptatem eum nisi.', 2049.34, 127, 20, NULL, NULL, NULL),
	(9, 'Baterías', 'Doloremque ipsa pariatur illum earum. Laborum quam id est omnis est voluptatem.', 3812.93, 31, 15, NULL, NULL, NULL),
	(10, 'Tomates', 'Quis eum soluta voluptatem dolor. Voluptatibus velit consequatur omnis. Omnis quo voluptatibus eligendi porro ipsam quisquam consequatur. Voluptatem quasi reiciendis voluptatem aperiam et.', 565.28, 151, 24, NULL, NULL, NULL),
	(11, 'golosinas', 'Nihil eligendi architecto debitis nesciunt numquam ut tenetur. Ab aut ratione pariatur. Provident qui in suscipit nemo sed.', 3204.58, 153, 36, NULL, NULL, NULL),
	(12, 'Rollos', 'Recusandae quisquam necessitatibus nemo placeat laboriosam. Accusamus neque facilis architecto fuga libero sapiente voluptatem. Molestias eius quo non consectetur voluptatum aut eum.', 8561.37, 167, 22, NULL, NULL, NULL),
	(13, 'Gripe', 'Voluptates est quidem placeat. Enim dolores autem est beatae.', 740.54, 62, 32, NULL, NULL, NULL),
	(14, 'lima', 'Rerum vel ad sed officiis. A cupiditate voluptatibus beatae repudiandae aspernatur dignissimos. Iste distinctio incidunt eveniet illo et similique placeat.', 1669.54, 141, 45, NULL, NULL, NULL),
	(15, 'Carne de almuerzo', 'Dolorem accusamus odit ratione itaque vitae deleniti amet. Mollitia ad modi expedita temporibus. Odit labore sequi omnis aut.', 5586.65, 184, 35, NULL, NULL, NULL),
	(16, 'Depuradores', 'Voluptas voluptatibus fuga enim vel. Voluptatem corporis sit quia voluptatum quia earum et. Nostrum sed quidem voluptatibus quam.', 9406.69, 45, 26, NULL, NULL, NULL),
	(17, 'Pavo', 'Id rerum sed sequi est et aut et. Eos et non similique nisi consequatur numquam sunt. Repellendus magni ea quod quia reiciendis. Qui deleniti at iste.', 5351.22, 198, 12, NULL, NULL, NULL),
	(18, 'Pimientos', 'Molestiae ipsa ut reiciendis fuga voluptatibus nisi tenetur molestiae. At ullam incidunt sint porro dolore ut quia. Voluptatum quidem veritatis esse corrupti id ab. Voluptatem maxime quibusdam dolores laboriosam. Accusamus error odio sint tenetur cumque.', 5870.09, 191, 36, NULL, NULL, NULL),
	(19, 'Mayonesa', 'Dolores similique perspiciatis ut. Temporibus mollitia quia rem voluptas quas. Nihil saepe ab voluptates tempora et ipsa et perferendis. Quibusdam aspernatur facilis cum odit.', 67.05, 198, 36, NULL, NULL, NULL),
	(20, 'Tonic', 'Natus veniam minus autem quos totam iste. Expedita quisquam quasi harum animi. Rerum aliquam qui assumenda non.', 1640.91, 122, 37, NULL, NULL, NULL),
	(21, 'Arsénico', 'Quasi blanditiis quo ducimus et distinctio. Odit qui et facilis dicta. Quam laborum temporibus ullam sunt id voluptas. Vel quidem quaerat impedit dolor molestiae voluptatem enim id.', 3236.30, 90, 49, NULL, NULL, NULL),
	(22, 'Queso crema', 'Quasi eos veniam sunt dolorum ad. Illum ea quia voluptatem quo autem. Magnam et eos repellat dolorem magnam expedita. Totam et maiores et consectetur quidem quisquam rerum.', 9173.09, 88, 47, NULL, NULL, NULL),
	(23, 'Sal', 'Amet ea odit nemo nulla laboriosam consequuntur. Excepturi dolorem voluptatem quia saepe rerum voluptate voluptatem. Repudiandae officiis quod voluptas quo aut sit et.', 7434.18, 149, 14, NULL, NULL, NULL),
	(24, 'Rollos de pizza', 'Dolor autem est excepturi natus cumque animi. Ut sed mollitia et nulla autem inventore.', 9774.71, 106, 21, NULL, NULL, NULL),
	(25, 'Analgésico', 'Delectus qui ab accusantium qui exercitationem rerum. In reprehenderit ducimus sit reprehenderit quisquam recusandae cupiditate dolore. Fuga unde iusto officiis ut consectetur temporibus quod alias.', 2824.60, 23, 8, NULL, NULL, NULL),
	(26, 'Queso de cabra', 'Quibusdam ipsam impedit aperiam iure. Cum non qui doloribus reprehenderit dolores omnis iure. Praesentium eum tenetur dolores dolores cumque aut quia. Et est dolorem praesentium sit.', 5986.69, 71, 32, NULL, NULL, NULL),
	(27, 'Pan de pita', 'Perspiciatis numquam eos vel eum sit quia mollitia quos. Quis quia tempora tempore est. Qui modi odit voluptatem. Accusantium est numquam magnam consequatur possimus officiis suscipit.', 3248.81, 148, 49, NULL, NULL, NULL),
	(28, 'DVDR', 'Nulla sint incidunt laudantium atque praesentium. Nesciunt cupiditate voluptatem earum. Molestias debitis nobis excepturi a. Ex eos iure ratione dolor exercitationem. Temporibus porro sint vero sint maxime.', 7322.16, 48, 49, NULL, NULL, NULL),
	(29, 'Verduras', 'Culpa natus autem voluptatem eos eligendi et. Omnis fugit sit et similique quia ut. Repellat ad quas error doloribus aut fuga perferendis.', 6825.53, 170, 17, NULL, NULL, NULL),
	(30, 'Champú para mascotas', 'Iure autem facilis minus id vero quos corporis laboriosam. Quae id velit non officiis. Quod eius veritatis maxime laudantium nulla delectus voluptates blanditiis.', 1511.05, 162, 42, NULL, NULL, NULL),
	(31, 'Salsa picante', 'Facere est cumque similique. Facere exercitationem hic ut nihil. Cumque est et quas nostrum error quasi. Qui voluptatum aut dolore similique id.', 3109.75, 91, 9, NULL, NULL, NULL),
	(32, 'Horneado de queso azul', 'Omnis rerum minus quia assumenda. Quia facilis est dolores ea. Et aliquam facere debitis adipisci quis quos voluptas. Fugiat rem soluta sint vero non reiciendis et.', 9976.27, 141, 21, NULL, NULL, NULL),
	(33, 'Verdes', 'Dolorem laborum omnis numquam maxime sequi. Aut et sit velit velit veritatis eaque eveniet. Exercitationem mollitia quia non fuga sint. Minus laudantium tempora nemo ex in unde omnis quo.', 974.06, 139, 38, NULL, NULL, NULL),
	(34, 'Polvo de hornear', 'Ut ut consequatur ut perspiciatis rerum qui. Vel facere commodi eligendi quos nisi quod. Delectus ut debitis autem temporibus sapiente.', 2206.30, 91, 44, NULL, NULL, NULL),
	(35, 'Vinagre', 'Est et consequatur eligendi hic natus itaque quo aut. Perspiciatis rerum rerum sit veniam consequatur amet qui. Delectus assumenda dignissimos est corrupti.', 9783.37, 181, 42, NULL, NULL, NULL),
	(36, 'Bálsamo labial', 'Ut et quod ex id. Facere doloribus deserunt quae laudantium consequatur nostrum veniam at. Voluptatem non dolore nemo sed.', 3431.59, 169, 8, NULL, NULL, NULL),
	(37, 'Radionúclidos', 'Veritatis incidunt eum voluptatem omnis nam eaque voluptatum facere. Quos tenetur nemo tenetur. Eveniet et qui sint consectetur. Ab distinctio dolores rerum veniam sequi enim accusantium.', 9882.06, 15, 34, NULL, NULL, NULL),
	(38, 'Cangrejo', 'Aut nostrum perspiciatis consequatur neque nulla. Consequatur necessitatibus assumenda veritatis nulla beatae ullam veniam. Vel officiis sunt sit officia. Temporibus quo adipisci enim tempora veniam labore.', 5526.96, 43, 16, NULL, NULL, NULL),
	(39, 'Jabón para lavavajillas', 'Ipsum distinctio quasi eum molestiae. Vel quis sed aliquid amet. Consequatur dolores ullam sunt et molestiae sint facilis ut. In voluptatibus ut quia libero earum.', 2338.61, 120, 34, NULL, NULL, NULL),
	(40, 'Noche de hamburguesas', 'At quis qui et dicta ad amet laborum. Optio eveniet ad est. Repellat sed eveniet voluptatem porro. Ratione aut optio tempore temporibus enim qui. Ut qui ipsam veniam non.', 355.72, 57, 22, NULL, NULL, NULL),
	(41, 'Cilantro', 'Cum voluptas magnam facilis officia quia repellendus. Aperiam quia consequuntur ut quasi impedit nostrum. Consequatur qui modi deserunt neque officiis dolore qui inventore. Voluptate dolorem vel quidem placeat. Consequatur ducimus qui repellat inventore expedita et corrupti laboriosam.', 5512.70, 127, 6, NULL, NULL, NULL),
	(42, 'Otras cosas médicas', 'Quo in aut alias. Quae qui fugiat vel deleniti rerum dolores vitae. Aut sunt similique temporibus voluptate ab quasi accusantium. Occaecati atque omnis id.', 7606.12, 184, 10, NULL, NULL, NULL),
	(43, 'Nectarinas', 'Dolorum sint culpa aspernatur quaerat et quos id repellat. Aliquam quibusdam ducimus autem unde qui. Vero nam rerum assumenda excepturi suscipit. Facere dolor provident est non.', 90.91, 112, 36, NULL, NULL, NULL),
	(44, 'Pepinos', 'Iste et distinctio et ut. Porro quidem sit quia et. Aliquam voluptate minima dolor iusto praesentium numquam.', 3364.52, 176, 27, NULL, NULL, NULL),
	(45, 'Arena para gatos', 'Ut consequatur maiores ut rerum perspiciatis ea odio. Eius occaecati modi aut veniam. Fugit dolor aliquam recusandae at voluptates asperiores cum mollitia. Provident deleniti est enim rerum ut numquam.', 2706.49, 154, 5, NULL, NULL, NULL),
	(46, 'Lista de tareas de envoltura de plástico', 'Ipsa unde et aut quisquam natus autem voluptates sunt. Esse ut rerum sed molestias veritatis pariatur pariatur. Est et vel repudiandae cum quidem.', 2274.65, 115, 22, NULL, NULL, NULL),
	(47, 'Alergia', 'Vel recusandae autem quos quo sed labore. Aut sint id placeat possimus fugit quia. Ex sapiente sed cum laboriosam ea nobis sint. Ipsam illo expedita eos non. Sed eos corrupti mollitia velit eos provident.', 7773.19, 131, 27, NULL, NULL, NULL),
	(48, 'Propano', 'Eaque totam ipsa et placeat quos quis. Et quisquam est cumque optio praesentium. Saepe illum fugiat cumque minima minima fugiat amet.', 2694.05, 159, 6, NULL, NULL, NULL),
	(49, 'Motivo', 'Eos cumque corrupti non sequi. Et commodi nemo harum ea.', 5614.21, 177, 44, NULL, NULL, NULL),
	(50, 'Shampoo Acondicionador', 'Illo odit id eum tempora enim molestiae impedit. Eveniet culpa eligendi ipsam ut et rerum est.', 795.57, 107, 38, NULL, NULL, NULL),
	(51, 'Tocino', 'Beatae repellendus eius cumque ut itaque. Qui accusamus qui velit delectus minus quis perspiciatis. Saepe repudiandae veritatis sit ut. Aut qui dicta maiores atque accusantium qui reprehenderit.', 565.31, 117, 15, NULL, NULL, NULL),
	(52, 'Antidiarreico', 'Possimus deleniti aperiam praesentium a unde pariatur corporis. Eius recusandae modi adipisci unde amet. Itaque eligendi et sunt accusantium amet optio. Ratione mollitia omnis amet qui reiciendis.', 7776.57, 118, 44, NULL, NULL, NULL),
	(53, 'Chips de maíz', 'Et consequuntur sint facere reprehenderit voluptatibus tenetur omnis. Nostrum placeat aut doloremque. Vel molestiae nihil dolor id dolor.', 8034.75, 129, 17, NULL, NULL, NULL),
	(54, 'Huevos falsos', 'Vel deleniti libero et iste quo et. Accusamus aut nesciunt accusantium provident eveniet ut consectetur. Itaque dolore debitis sit neque rerum velit officia quia. Totam sunt dolores facere ipsa alias.', 3243.09, 26, 45, NULL, NULL, NULL),
	(55, 'Chile', 'Facere ducimus saepe cumque doloremque autem quia. Impedit ullam ipsa quis magnam aliquid deleniti perspiciatis. Delectus libero ducimus quod culpa quisquam. Qui mollitia labore vel voluptas et repellendus consequatur.', 5178.43, 191, 39, NULL, NULL, NULL),
	(56, 'Sinusitis', 'Laboriosam vitae voluptatem sapiente earum quibusdam vero. Voluptate saepe nemo consequuntur rerum rerum. Error ut sed nobis.', 6367.05, 45, 38, NULL, NULL, NULL),
	(57, 'Perejil', 'In aut optio qui odio doloribus. Sed est qui nostrum porro perferendis omnis vero.', 9410.47, 74, 10, NULL, NULL, NULL),
	(58, 'Limpiador de baños', 'Fuga qui sequi modi illo. Et officia eveniet quae et et aut minima consequatur. Voluptatibus expedita quia ipsa nemo nulla inventore sequi repudiandae.', 9339.50, 110, 29, NULL, NULL, NULL),
	(59, 'Jugo de limón', 'Magnam qui quo sit debitis blanditiis laborum. Labore sint iusto voluptatum corporis maxime. Occaecati tempore quis repellat.', 7903.01, 80, 29, NULL, NULL, NULL),
	(60, 'Papel higiénico', 'Perferendis qui unde vitae id aperiam et quas. Quod est fuga mollitia nihil quis repudiandae.', 6717.24, 79, 7, NULL, NULL, NULL),
	(61, 'Cacao', 'Eos corporis vel unde quia excepturi officiis. Repellat mollitia sit corporis illo voluptatibus voluptatem ad quos. Id et nam atque accusamus atque. Quod non qui corrupti ab id voluptatem.', 7079.34, 147, 15, NULL, NULL, NULL),
	(62, 'Frijoles horneados', 'Tempore suscipit ut commodi omnis quo. A commodi consequatur blanditiis. Quae occaecati odio corrupti et dolorum suscipit.', 7300.52, 134, 40, NULL, NULL, NULL),
	(63, 'Resfriado', 'Quam fuga illum magnam rerum a officiis qui. Provident fuga rerum possimus et fugiat eligendi sit. Possimus neque ad ut dolorem id fugiat possimus. Voluptatem quam quo dolor est explicabo vitae et nulla.', 888.49, 189, 12, NULL, NULL, NULL),
	(64, 'Bolígrafos', 'Est iure vel facilis laborum. Labore veritatis est ut voluptas. Quasi aliquid ad exercitationem delectus veniam necessitatibus. Sunt earum optio aut velit corrupti.', 476.47, 181, 39, NULL, NULL, NULL),
	(65, 'Lápices', 'Est modi ad voluptas. Mollitia consequatur libero mollitia voluptas ut debitis impedit. Consequatur quam quam eveniet.', 74.11, 161, 44, NULL, NULL, NULL),
	(66, 'Pasta dental', 'Enim molestias sed aut. Nihil ullam quis cupiditate possimus saepe ipsum aut. Ut eum culpa in eaque. Harum et dolore est sequi nihil recusandae sint.', 8954.74, 108, 29, NULL, NULL, NULL),
	(67, 'Galletas', 'Atque numquam tenetur sit excepturi expedita alias eum. Corrupti minus eum impedit ad aut sint. Sed ut veritatis iste sunt itaque a. Omnis sed dolor est omnis harum.', 5658.57, 131, 31, NULL, NULL, NULL),
	(68, 'Toallas de papel', 'Magni rem itaque sed non et nulla. Repellat dolor aut error nisi voluptate nihil. Voluptas nesciunt quos iste voluptatibus.', 9426.57, 34, 7, NULL, NULL, NULL),
	(69, 'Vodka', 'Dolorum rem id quisquam autem fugiat ipsa. Pariatur ratione consequuntur fugiat nihil. Nam dolorum ipsa occaecati consequatur deserunt deserunt dolor et.', 2844.64, 147, 5, NULL, NULL, NULL),
	(70, 'Amianto', 'Molestias quasi amet veritatis qui. Consequatur modi nulla rerum est maxime expedita voluptatem. Quae qui placeat et aut aut voluptatem commodi. Officia numquam non cum ipsa laudantium non exercitationem.', 145.98, 75, 37, NULL, NULL, NULL),
	(71, 'Saborear', 'Perspiciatis ipsam et esse omnis. Modi impedit occaecati repellat perferendis.', 5046.57, 92, 1, NULL, NULL, NULL),
	(72, 'Vino blanco', 'Et quibusdam at officiis eum. Deserunt commodi omnis libero.', 7654.38, 125, 45, NULL, NULL, NULL),
	(73, 'Cerveza', 'A expedita laudantium sit quas mollitia. Autem eos voluptas dolores quia iure. Voluptas animi in dignissimos explicabo sint rerum.', 1254.51, 40, 45, NULL, NULL, NULL),
	(74, 'Comida para perros', 'Minima aliquid delectus ipsa sed odit consequatur autem. Et harum blanditiis temporibus et error ratione quia. Nulla delectus numquam a nulla. Natus culpa rem earum cupiditate et ea numquam.', 1131.30, 14, 40, NULL, NULL, NULL),
	(75, 'Pollo', 'Ullam molestiae et ut sint excepturi incidunt sed. Et illo sit consequatur magnam consectetur.', 5864.38, 17, 14, NULL, NULL, NULL),
	(76, 'Espárragos', 'Quisquam alias quia enim aut earum et. Perspiciatis quis ut totam eligendi voluptatum ducimus illum.', 2992.19, 141, 11, NULL, NULL, NULL),
	(77, 'Desayunos Bebidas', 'Doloribus veniam eligendi non accusantium. Sed omnis dignissimos vitae consectetur. Quisquam voluptas deleniti ratione nihil aliquam tempora.', 7031.83, 103, 12, NULL, NULL, NULL),
	(78, 'Flores', 'Repellendus voluptatibus delectus non. Molestias veritatis consequatur omnis aut. Nesciunt est qui tempora fugit dolorum dolorem molestiae est. Eos quas excepturi delectus architecto non. Dolore delectus et rerum modi aut adipisci autem aut.', 1105.48, 27, 16, NULL, NULL, NULL),
	(79, 'Yogur', 'Omnis aspernatur et vel quod consequatur iusto voluptates commodi. Dolores adipisci eos rerum beatae rerum. Eos officia sed rerum sit fugit atque.', 1245.86, 110, 1, NULL, NULL, NULL),
	(80, 'Bayas', 'Et ratione nihil quasi. Mollitia ut aut rerum repellat maiores mollitia quibusdam et. Iusto culpa vel vel doloremque qui explicabo. Quae mollitia eos tempora. Voluptas mollitia non architecto est delectus.', 8892.71, 40, 46, NULL, NULL, NULL),
	(81, 'Maíz', 'Est quam aut cupiditate et dignissimos aut molestiae. Iure non cumque est ut totam. Quis culpa dolorem qui.', 5443.63, 106, 26, NULL, NULL, NULL),
	(82, 'Cerdo', 'Asperiores ut voluptatem omnis iusto eos et sit. Totam voluptatem commodi hic nisi. Nihil ducimus esse aut tenetur quidem fugiat eum. Eos incidunt dignissimos quis magnam cupiditate tempora officia et.', 155.92, 137, 17, NULL, NULL, NULL),
	(83, 'Champán', 'Voluptatibus molestiae voluptate autem facere in eos ut commodi. Omnis aspernatur ut assumenda enim. Non velit maiores nam voluptates. Cupiditate in perspiciatis odio nesciunt aperiam ea in.', 1858.02, 50, 1, NULL, NULL, NULL),
	(84, 'Harina', 'Mollitia tempore libero voluptate dolores sit. Consequatur qui et sit delectus. Est assumenda est architecto et excepturi omnis. In sed maiores voluptatem sed dolor voluptatem. Et sit provident sed consectetur quia aut incidunt.', 3835.91, 61, 32, NULL, NULL, NULL),
	(85, 'Coba', 'Minima sequi placeat pariatur et libero placeat. Sint ea iusto rerum omnis error consequatur in. Adipisci perspiciatis qui natus repudiandae. Culpa aliquid voluptas qui omnis aspernatur.', 8717.30, 169, 22, NULL, NULL, NULL),
	(86, 'Queso Provolone', 'Sit eum non in optio tempore voluptatum perspiciatis. Illum eaque assumenda et est esse ea hic. Qui qui ullam amet laudantium doloribus. Ratione sequi dolorem in numquam labore.', 4238.46, 109, 22, NULL, NULL, NULL),
	(87, 'Carbón', 'Quasi beatae perferendis ut non rerum. Quibusdam dolores iure ratione placeat velit quasi. Eius tempora alias esse beatae. Optio tenetur quibusdam ea nesciunt cum numquam recusandae fugiat.', 9377.77, 144, 7, NULL, NULL, NULL),
	(88, 'Bloqueador solar', 'Placeat deserunt necessitatibus ut ipsa accusamus voluptatem. Libero voluptatem corrupti quia magnam repellendus. Dolores similique suscipit quasi et rerum ipsa non. Odit aut atque saepe facere quo maxime in.', 5254.40, 123, 23, NULL, NULL, NULL),
	(89, 'Comidas temáticas de bagre', 'Dolor et consequatur eos quo. Aperiam maxime voluptas laudantium consequatur veniam. Et enim laudantium et sunt ut. Sed aut velit magnam non sapiente non et ratione. Assumenda facere voluptatibus quia aliquid ut.', 5450.92, 19, 30, NULL, NULL, NULL),
	(90, 'Loción', 'Perferendis commodi perspiciatis nostrum autem corrupti. Eum labore ex tempora molestias doloremque molestias laudantium. Expedita quis adipisci a.', 6644.24, 63, 20, NULL, NULL, NULL),
	(91, 'Loción hidratante', 'Saepe sed et culpa molestiae sunt similique ut. Vel animi facilis consequuntur itaque quia omnis maxime voluptas.', 9812.50, 77, 37, NULL, NULL, NULL),
	(92, 'Pimienta negra', 'Et autem ut sit velit. Ipsa excepturi cum eligendi quia tempore ut odit.', 2694.94, 0, 18, NULL, NULL, NULL),
	(93, 'Productos cosméticos', 'Distinctio quis est blanditiis numquam natus possimus reprehenderit. Amet dolores nulla minus. Aliquam ea corporis voluptas. Vitae earum consequatur culpa qui sint ut.', 9204.25, 80, 39, NULL, NULL, NULL),
	(94, 'Acortamiento', 'Et culpa blanditiis facere voluptate quia reprehenderit. Natus vel mollitia et fugit nihil voluptas officia. Consequuntur officiis nostrum et accusantium eos. Sequi et sit vel facilis.', 1498.33, 167, 38, NULL, NULL, NULL),
	(95, 'Hongos', 'Aliquam veritatis quia minima ipsum soluta nobis soluta. Quasi voluptate error quae. Iste rerum officiis et quia. Non necessitatibus sed error fugit et. Sapiente explicabo ipsam qui et.', 783.33, 46, 23, NULL, NULL, NULL),
	(96, 'Pañales', 'Eum dignissimos aliquam et. Hic minus quo ut libero voluptatibus.', 6025.56, 24, 35, NULL, NULL, NULL),
	(97, 'Jugo concentrado', 'Qui saepe pariatur in velit. Delectus voluptatibus et incidunt voluptas. Doloremque quidem maxime rerum autem.', 5981.88, 8, 18, NULL, NULL, NULL),
	(98, 'Conservas', 'Tempore ut et est quasi omnis. Esse voluptatem qui neque aut eum fugit illum. Tenetur autem magni expedita id rerum ratione. Quia tenetur eum quaerat ab facilis doloribus qui.', 3901.52, 173, 9, NULL, NULL, NULL),
	(99, 'Vacuum bags', 'Sunt omnis eveniet libero recusandae hic. Voluptate et minima dolor perferendis. Maiores quis labore voluptas.', 3086.81, 124, 37, NULL, NULL, NULL),
	(100, 'Palomitas de maiz', 'Nobis quibusdam facilis deleniti ipsa. Commodi sint officia ipsum explicabo maxime vel. Officiis ipsum libero et aut voluptas.', 6921.54, 104, 48, NULL, NULL, NULL),
	(101, 'Zumo de frutas', 'Et praesentium velit non unde ipsa explicabo. In quod voluptates consequuntur nulla aut et iusto. Sed voluptatem maiores hic non rem. Magnam molestiae impedit quia saepe.', 7932.52, 187, 48, NULL, NULL, NULL),
	(102, 'Sellos', 'In quia voluptas adipisci inventore. Ut ut aliquid est quam rerum. Provident suscipit alias ea. Voluptas id ut quam natus et ea qui. Dolorum enim quod magni recusandae.', 3333.05, 127, 42, NULL, NULL, NULL),
	(103, 'Pepinillos', 'Tempore dolor voluptates non velit consequatur repellendus. Laudantium exercitationem qui ratione. Eos aut reprehenderit perspiciatis eius est. Voluptas fuga sed molestias perspiciatis recusandae. Voluptatem nesciunt expedita placeat sunt voluptatem.', 7238.26, 197, 23, NULL, NULL, NULL),
	(104, 'Hisopos', 'Quia aliquid deleniti animi totam expedita vero quibusdam praesentium. Eligendi molestiae praesentium aut corporis magnam. Nihil recusandae ut est voluptas. Sint earum at dignissimos architecto similique quod.', 5655.17, 109, 30, NULL, NULL, NULL),
	(105, 'Carcinógenos de levadura', 'Quod sit est id eaque fugiat. Sapiente mollitia sit facere nulla saepe qui. Unde quia voluptate in culpa aut. Voluptatem voluptate nihil nesciunt nemo. Quia fugit aspernatur ut hic dolores officia placeat impedit.', 597.52, 138, 10, NULL, NULL, NULL),
	(106, 'Pizza', 'Enim in totam illum quibusdam. Et laboriosam officiis aliquam veniam perferendis voluptatem. Voluptates blanditiis similique et fugiat sed illum.', 5821.60, 114, 36, NULL, NULL, NULL),
	(107, 'Palitos de pescado', 'Error eos sit harum odio voluptatem. Illo enim natus corrupti qui perspiciatis veritatis excepturi. Veritatis quaerat ut beatae. Pariatur molestiae delectus est voluptates dicta.', 3048.75, 43, 29, NULL, NULL, NULL),
	(108, 'Pasteles', 'Est eos ut suscipit a ipsam doloremque deserunt. Eos aperiam et repellendus eum dolores tempora. Temporibus dolores est molestiae est est voluptates aspernatur.', 5009.88, 74, 41, NULL, NULL, NULL),
	(109, 'Salsa para pasta', 'Voluptas quia tempora molestiae architecto eligendi. Soluta odio omnis occaecati harum dolore nesciunt quam. Consequatur hic est vitae molestiae nemo sit velit.', 3055.68, 95, 44, NULL, NULL, NULL),
	(110, 'Baby wash', 'Suscipit aut laudantium nihil error adipisci consectetur. Quibusdam rem mollitia quas similique est voluptas. Tempora quae tenetur sit saepe. Qui dolorem ratione cupiditate facere repellat deserunt est delectus. Nihil et atque id recusandae optio iusto.', 9913.06, 141, 43, NULL, NULL, NULL),
	(111, 'Migas de pan', 'In rerum error molestiae inventore. Non placeat dolor maxime quibusdam nobis. Quia tempora nobis hic ab corporis qui asperiores. Excepturi quis iure et perspiciatis odio qui.', 723.46, 39, 40, NULL, NULL, NULL),
	(112, 'Limpiador de vidrio', 'Adipisci incidunt ut nihil delectus voluptas ea at. Sit voluptatem distinctio sunt labore. Nisi eius fugit sunt beatae optio. Et rem dolore quis vero dolores exercitationem.', 7126.09, 77, 43, NULL, NULL, NULL),
	(113, 'Crema de afeitar', 'Quae aliquid asperiores quia et praesentium dolore. Consequatur aliquid voluptate error aut aperiam accusantium quibusdam.', 4789.47, 105, 6, NULL, NULL, NULL),
	(114, 'brownie', 'Voluptate hic magnam eos ut. Quia in et modi ratione laboriosam totam. Dolor quia nulla ut omnis consequatur. Consequuntur consequatur quae quisquam qui vel tempore corrupti. Aut ad unde quod itaque temporibus.', 4741.77, 81, 46, NULL, NULL, NULL),
	(115, 'Tilapia', 'Voluptatem ad possimus quia et rerum. Rem debitis quos at nihil id ex dolore. Animi eum rerum aliquam dolorem ad.', 5918.67, 46, 19, NULL, NULL, NULL),
	(116, 'Pastel', 'Architecto occaecati vitae voluptas eaque. Voluptas reprehenderit veritatis reiciendis dolore quia ex ut. Tempora et omnis et provident sed omnis. Molestiae ipsum architecto corporis necessitatibus.', 3825.17, 71, 21, NULL, NULL, NULL),
	(117, 'Bolsas de basura', 'Corrupti itaque cum non repellendus odio neque. Rem rerum sed accusamus. Facere id impedit ducimus quasi quia quia.', 582.71, 25, 4, NULL, NULL, NULL),
	(118, 'Bebidas deportivas', 'Optio dolor quae commodi dolores. Voluptatum dolor saepe consequatur eum ullam. Ipsa ab cum quae nisi.', 558.17, 106, 12, NULL, NULL, NULL),
	(119, 'Limones', 'Voluptatum ipsum quidem impedit adipisci consequuntur. Nostrum et voluptatum et vero esse. Et quo et quisquam dolor. Reiciendis magni quibusdam in commodi.', 1567.47, 164, 8, NULL, NULL, NULL),
	(120, 'Naranjas', 'Aliquam natus dolorum a rem occaecati. Quia doloremque omnis qui omnis voluptatem in. Perferendis laudantium reiciendis veritatis dolor laudantium pariatur sed. Pariatur vel illum laudantium rerum aliquam deserunt.', 6252.92, 4, 15, NULL, NULL, NULL),
	(121, 'Cosas de bebe', 'Sequi numquam voluptatem assumenda voluptate rerum. In consequatur similique odio quia asperiores. Alias et necessitatibus minus expedita illum praesentium. Nostrum qui minus ut velit.', 3096.54, 169, 49, NULL, NULL, NULL),
	(122, 'gofres', 'Aut sit nemo rerum tenetur est. Id eos voluptates quia nisi sequi id. Voluptatem perferendis numquam fugiat illo repellendus in. Non nobis aliquid eos ut sint.', 1404.84, 106, 28, NULL, NULL, NULL),
	(123, 'Croissants', 'In temporibus distinctio quos molestiae quibusdam et quia. Ex natus dignissimos rem consectetur repellendus doloremque dicta.', 6132.73, 85, 26, NULL, NULL, NULL),
	(124, 'Macarrones con queso', 'Nam laborum et quaerat voluptatem omnis. Enim quo cumque architecto libero reiciendis. Eos quasi est ipsam nihil. Et et cum temporibus omnis. Voluptatem qui saepe non magni eaque quia praesentium.', 4346.14, 97, 31, NULL, NULL, NULL),
	(125, 'Melón', 'Optio voluptatem in ut amet nulla. Nihil vitae voluptatem qui. Sunt voluptas totam aspernatur iure sunt fugit voluptatem. Est voluptates sint quisquam.', 2065.37, 164, 40, NULL, NULL, NULL),
	(126, 'Ajo', 'Culpa suscipit possimus eos alias nobis. Et qui harum molestiae quia distinctio incidunt voluptatem. Quia quia et officia molestiae nobis atque deserunt. Molestias fugiat quia quia fugiat sed.', 2332.10, 77, 19, NULL, NULL, NULL),
	(127, 'Tarta', 'Eveniet consequuntur recusandae ut omnis temporibus saepe. Quo tenetur a amet autem laborum qui. Recusandae et ipsum nemo aut porro praesentium iure.', 4418.41, 26, 37, NULL, NULL, NULL),
	(128, 'Albahaca', 'Placeat et voluptatem dolorem. Et occaecati omnis ut a. Voluptates est porro expedita qui.', 6257.83, 7, 5, NULL, NULL, NULL),
	(129, 'Mezcladores', 'Dolorem voluptatum esse ipsum eveniet fuga ullam ut. Qui ratione non rerum laboriosam modi provident. Ea rerum non voluptate tenetur eum. Quibusdam voluptate aut eum et nulla.', 8448.74, 0, 32, NULL, NULL, NULL),
	(130, 'Repelente de insectos', 'Sunt delectus ea atque illum qui. Perferendis sit qui optio tempora quis. Facilis asperiores ab quia iusto maxime sed harum. Quasi rerum aut quisquam veritatis similique.', 6633.28, 135, 49, NULL, NULL, NULL),
	(131, 'Sustituto de azúcar', 'Repellendus doloribus natus dignissimos. Fugit reprehenderit quia est laboriosam ex nisi laborum. Aut sequi ab eum architecto.', 8223.35, 133, 22, NULL, NULL, NULL),
	(132, 'Zanahorias', 'Architecto expedita quidem quibusdam. Recusandae doloribus quia itaque. Ex ut similique ipsum dolorem quos. Laborum quisquam tempora ducimus ratione cupiditate consequuntur. Expedita numquam corrupti dolorem officia.', 8288.99, 110, 5, NULL, NULL, NULL),
	(133, 'Manzanas', 'Est repudiandae reprehenderit aut harum. Mollitia vel explicabo aliquam pariatur corporis.', 9886.74, 125, 34, NULL, NULL, NULL),
	(134, 'Orégano', 'Debitis dolorem sit omnis aut. Iste vel sit aspernatur earum dignissimos ut. Incidunt molestiae molestiae quisquam at eaque sed.', 9137.14, 43, 9, NULL, NULL, NULL),
	(135, 'Otro', 'Explicabo nostrum incidunt magni. Possimus recusandae ut velit repellendus perferendis aliquid quam. Dignissimos nostrum laboriosam magnam odit. Ut ut voluptatem adipisci quis harum quas dolor.', 3597.04, 155, 9, NULL, NULL, NULL),
	(136, 'Café', 'Asperiores sit ad voluptatem corporis. Voluptatem dignissimos ullam dolorem aut ipsam ab. Corrupti unde laborum nostrum reiciendis aut ut porro. Cumque tempora saepe itaque et commodi veritatis veniam.', 1737.72, 139, 4, NULL, NULL, NULL),
	(137, 'Hummus', 'Voluptas et eos deleniti commodi nesciunt. Fugiat voluptatem corrupti aliquam a dolores fugit saepe qui. Temporibus aut velit qui saepe voluptatum autem. Neque illum est incidunt optio quo.', 4949.27, 183, 19, NULL, NULL, NULL),
	(138, 'Mostaza', 'Unde autem dolorem quam saepe deleniti sint officiis doloremque. Possimus ut sit praesentium quam dolorem voluptatem cum.', 8298.58, 61, 44, NULL, NULL, NULL),
	(139, 'Espinacas', 'Reprehenderit sed facere alias praesentium quidem illum. Cumque sit quae quia molestiae. Sed qui repudiandae ab totam mollitia explicabo vel.', 5483.22, 177, 24, NULL, NULL, NULL),
	(140, 'Patatas fritas', 'Expedita rem sed id. Nulla velit rerum et. Occaecati sit iusto harum. Voluptatem dolor consequatur labore beatae est ducimus quis.', 2460.19, 62, 3, NULL, NULL, NULL),
	(141, 'Atún', 'Inventore nostrum quibusdam ea veritatis sint. Ipsum aut incidunt officia consequatur quis unde tempore expedita. Natus earum ea corporis harum officiis cupiditate. Et quibusdam quia consequatur est totam et expedita.', 9488.34, 34, 44, NULL, NULL, NULL),
	(142, 'Neutralizador de acidez', 'Porro assumenda minima amet sed voluptas. Velit ut maxime accusantium quo totam enim sapiente molestiae. Voluptatem saepe voluptatem rem non.', 4925.45, 81, 33, NULL, NULL, NULL),
	(143, 'Automotor', 'Molestiae et veniam molestiae laboriosam ex alias. Odio ipsa est eveniet aspernatur nemo animi qui. Perferendis quis quo voluptates placeat sunt. Sed quisquam sint tempore et sed.', 4564.19, 32, 3, NULL, NULL, NULL),
	(144, 'Varios comestibles', 'Fugiat odio sit molestiae in esse. Dolorum laudantium iste cupiditate. Qui harum modi non omnis quod sequi nesciunt maxime. Amet eum nihil consequuntur quam itaque est sapiente quaerat.', 6516.38, 74, 14, NULL, NULL, NULL),
	(145, 'Lechuga', 'Sequi aut vero quae odio est harum ut asperiores. Et aut quos odit laborum. Fugiat veritatis soluta consequuntur et.', 3065.68, 4, 50, NULL, NULL, NULL),
	(146, 'Medicamento', 'Vel ducimus rerum consequatur ut nisi expedita non. Asperiores necessitatibus corrupti animi incidunt magnam ut. Dolores itaque omnis odio doloremque qui.', 1698.50, 195, 8, NULL, NULL, NULL),
	(147, 'golosinas para gatos', 'Aut harum sed debitis tenetur eaque tenetur. Velit consectetur sed cum. Ad sed aut sed qui eum.', 4366.58, 136, 38, NULL, NULL, NULL),
	(148, 'Otro b.c.', 'Non voluptatum et ratione commodi. Laborum voluptate ut recusandae est ut.', 3033.86, 32, 32, NULL, NULL, NULL),
	(149, 'Squash', 'Officiis quas excepturi aut dolores delectus ipsa sunt. Eum fuga repudiandae ea non culpa quia eius. Est aut voluptatibus perspiciatis doloribus. Amet sit laboriosam dolores quas aliquid eos.', 8466.06, 1, 39, NULL, NULL, NULL),
	(150, 'Bollos', 'Veniam sed id temporibus rem ducimus nostrum assumenda. Recusandae laborum et accusantium. Saepe illum sit voluptates laudantium amet.', 1640.65, 115, 5, NULL, NULL, NULL),
	(151, 'Carne de vaca', 'Voluptas facilis ullam aut magni unde qui et. Molestias debitis nesciunt tempore exercitationem labore. Delectus et voluptatibus amet.', 5942.72, 9, 35, NULL, NULL, NULL),
	(152, 'Miel', 'Et ut ducimus omnis at et. Sunt enim est rem. Facere aut iure odio deleniti. Omnis beatae voluptatem vero quasi.', 4002.58, 78, 10, NULL, NULL, NULL),
	(153, 'Papel encerado', 'Laborum accusamus aut veritatis quibusdam voluptas vero id reiciendis. Rem impedit aliquid necessitatibus cum odio. Inventore aut quia itaque placeat quisquam rerum. Ipsam adipisci est quis modi. Id quis veritatis dolor iste.', 6547.57, 44, 17, NULL, NULL, NULL),
	(154, 'Spray antiadherente', 'Omnis et dolor doloribus ut et. Dicta reiciendis molestiae itaque quia eos. Cupiditate eligendi illum accusamus aliquid ab possimus fugiat.', 6375.54, 132, 9, NULL, NULL, NULL),
	(155, 'Caramelo', 'Dignissimos explicabo illum fugiat cum. Id rerum porro quas sunt eum quo molestiae. Neque aut perferendis eveniet tempora officia.', 901.52, 112, 6, NULL, NULL, NULL),
	(156, 'Cerezas', 'Fugit eum omnis sed quam et ratione quas. Velit maxime veniam tenetur aliquid quaerat atque. Expedita voluptatum molestiae et cum optio expedita. Excepturi doloremque aut et.', 3043.41, 38, 30, NULL, NULL, NULL),
	(157, 'Gelatina', 'Consectetur quo sit accusamus eos. Et in quia ea laudantium id minus sed. Qui et dolores explicabo libero.', 9571.71, 189, 30, NULL, NULL, NULL),
	(158, 'Condones', 'Eum repellendus quia harum quisquam in. Eligendi dicta tenetur non quia recusandae. Quas excepturi numquam ipsa ab consequatur.', 8010.66, 56, 22, NULL, NULL, NULL),
	(159, 'Tratamiento de pulgas', 'Sunt quos optio modi pariatur corporis quod velit. Aliquid accusantium asperiores accusantium nostrum autem non et fuga. Sit beatae veniam qui veritatis iusto.', 2220.52, 102, 6, NULL, NULL, NULL),
	(160, 'Bagels', 'Praesentium sunt quia nisi quibusdam. Repellat esse non libero corporis iusto dolorum. Pariatur reprehenderit ducimus in at quibusdam reiciendis iusto.', 2714.65, 63, 48, NULL, NULL, NULL),
	(161, 'Arroz', 'Cum voluptas repellat doloribus omnis necessitatibus. Numquam maxime at eius in sunt. Soluta aut et ipsa quia non est debitis. Error alias libero odit soluta.', 4257.41, 155, 8, NULL, NULL, NULL),
	(162, 'Turquía', 'Perspiciatis dolorem cum id adipisci recusandae dolorem. Occaecati eius aut odit quas non necessitatibus perferendis quis. Officiis dolorem eveniet pariatur eum totam.', 1224.96, 153, 5, NULL, NULL, NULL),
	(163, 'congelador', 'Aspernatur qui est nihil non cum voluptatem. Officiis vel non voluptatem recusandae labore aspernatur. Quibusdam ad possimus est quidem.', 9885.08, 93, 45, NULL, NULL, NULL),
	(164, 'Azúcar', 'Perspiciatis dolore voluptates ut mollitia sint non. Inventore optio et accusantium earum.', 7889.84, 82, 40, NULL, NULL, NULL),
	(165, 'Pañuelo facial', 'Repudiandae inventore labore consequuntur nobis ex. Earum dolor est eligendi totam. Aut sit sapiente id fugiat. Recusandae ad ut provident cumque velit perferendis.', 139.97, 151, 31, NULL, NULL, NULL),
	(166, 'Ricotta', 'Nisi consequatur non consectetur aut. Voluptatem quod magnam voluptatibus provident. Magnam voluptatibus qui praesentium molestiae omnis blanditiis corporis.', 5165.20, 57, 29, NULL, NULL, NULL),
	(167, 'Uvas', 'Odio vero eum amet sed. Accusantium quaerat est omnis culpa. Explicabo neque ut assumenda officiis et labore deleniti. Occaecati saepe deleniti magni ducimus sint et. Veniam et tempora praesentium sequi.', 369.58, 133, 45, NULL, NULL, NULL),
	(168, 'Semillas de nuez', 'Id vel veniam quasi repellat dolor sunt vitae. Nemo aut libero dolor aliquid veritatis. Rerum vel voluptatibus ipsa qui omnis deleniti vitae.', 7217.90, 176, 28, NULL, NULL, NULL),
	(169, 'Bolsas para sándwich', 'Aut et quas sequi qui facere et laudantium. Rem temporibus non nam et ratione deleniti. Eligendi quia rerum a qui id sed iusto et.', 9174.00, 158, 3, NULL, NULL, NULL),
	(170, 'Leche', 'Facere repellendus optio dolor voluptate voluptas et est. Dolor itaque animi tempore. Qui dolorem veniam delectus qui voluptatem animi nisi. Aut ipsum ratione quo iste quas aut.', 1000.06, 120, 41, NULL, NULL, NULL),
	(171, 'Queso cottage', 'Eos voluptas earum nostrum quia harum debitis. Ea consequatur quis et voluptates pariatur magni in. Suscipit illum vero illum dolores ut omnis nemo. Distinctio consequatur labore autem nisi tempora vel.', 2520.06, 99, 8, NULL, NULL, NULL),
	(172, 'Queso', 'Est minima ex sit esse. Deleniti dignissimos ad qui. Recusandae voluptatum beatae eum error repudiandae iste.', 2224.51, 170, 9, NULL, NULL, NULL),
	(173, 'Aceite vegetal', 'Iure impedit quae quae omnis. Minima mollitia mollitia rem aut. Sed excepturi fugiat voluptatem omnis recusandae autem.', 2797.21, 143, 37, NULL, NULL, NULL),
	(174, 'Queso Cheddar', 'Incidunt non tenetur perferendis mollitia sunt earum doloremque. Provident dolores eum molestiae et nesciunt velit et. Deserunt voluptatum aspernatur nemo in illum.', 4075.08, 136, 41, NULL, NULL, NULL),
	(175, 'Camarón', 'Suscipit aut sint deserunt labore magnam autem corrupti. Et mollitia sit vitae eum. Qui temporibus dolor officia debitis labore. Itaque molestias neque a fugiat saepe. Aut aut quia ipsam delectus.', 5344.77, 38, 39, NULL, NULL, NULL),
	(176, 'Salsa de bistec', 'Voluptate voluptatem velit reiciendis adipisci rerum eum. Officia sint a vero commodi. Sapiente fugit rerum dolorem consectetur. Necessitatibus qui rerum quisquam error.', 6648.44, 47, 34, NULL, NULL, NULL),
	(177, 'Mitad mitad', 'Voluptatum voluptatibus repellendus velit non a aut. Incidunt mollitia facilis dolor velit. Qui repellat cum iusto. Qui odit cumque eum maxime similique voluptas.', 7313.31, 192, 11, NULL, NULL, NULL),
	(178, 'Salsa', 'Aliquam ratione vitae consequatur nesciunt repellat dolorem nulla. Nisi corporis consectetur aut voluptatibus deleniti consectetur. Culpa dolorem nihil aut explicabo quae necessitatibus. Eos dolorum quia eum rerum consequatur.', 9690.13, 75, 1, NULL, NULL, NULL),
	(179, 'Whisky', 'Tempore molestiae molestias ut culpa voluptatem eligendi itaque. Officia nihil necessitatibus iste sed magnam. Asperiores magnam facilis alias voluptas et quisquam deserunt. Deleniti earum odio nemo.', 8642.62, 49, 35, NULL, NULL, NULL),
	(180, 'Huevos', 'Aliquam quia aut ipsum quam voluptatibus accusamus eum deserunt. Ullam nobis tempora odio labore iusto. Cupiditate temporibus error sequi illum ab distinctio alias. Voluptatum iste in beatae velit.', 1055.95, 144, 39, NULL, NULL, NULL),
	(181, 'Pan fresco', 'Eum reprehenderit cum ut dolorem. Quibusdam eaque nobis ratione animi ex ipsa asperiores odio. Hic corrupti fugiat ea. Consequuntur veritatis natus accusamus pariatur voluptate blanditiis. Ullam repellendus nihil autem eligendi.', 4511.93, 65, 11, NULL, NULL, NULL),
	(182, 'Patatas instantáneas', 'Libero cum aliquam sapiente. Ea omnis dolorum expedita cumque itaque. Neque necessitatibus est et sapiente. Voluptatem vitae eos natus nulla.', 5414.20, 177, 15, NULL, NULL, NULL),
	(183, 'Suizo', 'Expedita quia harum sit velit. Qui magnam enim ea accusamus. Hic reprehenderit consectetur eos odio cupiditate.', 2398.35, 39, 36, NULL, NULL, NULL),
	(184, 'Plátanos', 'Sint ut assumenda officia exercitationem ratione. Ut quasi laborum accusantium. Voluptatibus optio vel voluptatum accusamus consequatur incidunt.', 4364.37, 30, 49, NULL, NULL, NULL),
	(185, 'Té', 'Assumenda ut quia sunt excepturi in nisi. Minima minima non quia voluptas impedit eligendi. Necessitatibus doloremque aspernatur qui laudantium quasi. Est dolor corporis impedit qui rem corrupti.', 6800.43, 168, 21, NULL, NULL, NULL),
	(186, 'Recogida de recetas', 'Totam neque dolore repellendus iusto fugiat temporibus consectetur quia. Nam illo soluta consequuntur et enim iusto in mollitia. Delectus eveniet voluptas vitae consectetur laboriosam. Quo id officiis debitis.', 9813.33, 14, 10, NULL, NULL, NULL),
	(187, 'Decoraciones', 'Reprehenderit eos facere necessitatibus soluta sunt. Praesentium possimus dolor consequatur consectetur. Exercitationem voluptatem est ab sed et.', 9895.01, 44, 16, NULL, NULL, NULL),
	(188, 'Club soda', 'Reiciendis optio dicta amet minus aliquam. Officia eveniet quia tempora nisi ad.', 2560.44, 124, 27, NULL, NULL, NULL),
	(189, 'Perritos calientes', 'Adipisci excepturi facere omnis vel praesentium velit ut. Iure voluptatem asperiores quidem facere veritatis beatae voluptas. Non rerum sit dolor ratione libero. Ut ea ut laboriosam tenetur. Eaque cumque maxime nemo consequatur ipsum.', 1222.91, 8, 23, NULL, NULL, NULL),
	(190, 'Mascotas del ron', 'Ut eveniet est in eos. Quia qui sapiente corrupti qui unde illo consequatur.', 7707.28, 168, 28, NULL, NULL, NULL),
	(191, 'Margarina', 'Est molestias quia excepturi aut. Velit et ex molestiae quia veniam. Temporibus quisquam quidem dolorem.', 654.78, 104, 45, NULL, NULL, NULL),
	(192, 'Blanqueador', 'Consequatur voluptatem cum possimus officia autem et. Assumenda vero ducimus ut nihil voluptatibus odio. Praesentium ea itaque quibusdam alias nesciunt inventore. Consequuntur quidem voluptas nobis saepe molestias eligendi iusto.', 6170.29, 48, 37, NULL, NULL, NULL),
	(193, 'Jarabe', 'Hic dolorem ea quia qui adipisci quia culpa. Possimus similique voluptatibus dolorem doloremque repudiandae dolore voluptates. Facere commodi aspernatur quidem magnam corporis et delectus.', 4749.36, 55, 40, NULL, NULL, NULL),
	(194, 'Caldo', 'Laborum reprehenderit possimus cupiditate blanditiis illo praesentium omnis. Aut delectus ipsam sapiente. Atque reprehenderit laboriosam quia qui tempora. Et et officia dolorem labore quos. Atque temporibus at voluptas velit consequatur est culpa omnis.', 5509.36, 168, 32, NULL, NULL, NULL),
	(195, 'Soda', 'Voluptatum et nulla voluptates perferendis ipsa omnis quaerat. Quis facere sed consequuntur praesentium exercitationem ut quia.', 2568.66, 174, 18, NULL, NULL, NULL),
	(196, 'Jabón de baño', 'Dolor facere quos tenetur et minus saepe rerum omnis. Ut soluta qui tempora harum praesentium est sit a. Fuga quas omnis cupiditate hic reprehenderit eligendi. Et repudiandae saepe sapiente enim voluptatibus. Quae est facilis saepe nobis natus.', 6487.63, 157, 5, NULL, NULL, NULL),
	(197, 'Jabón de manos', 'Voluptas hic optio aut labore deleniti. Corrupti alias ut et aut adipisci fugiat aperiam. Nihil qui laboriosam iusto doloremque sint beatae sint.', 9857.90, 23, 42, NULL, NULL, NULL),
	(198, 'Pimenton', 'Rerum eligendi suscipit velit. Velit voluptas architecto itaque reprehenderit. Assumenda quo nesciunt necessitatibus porro accusamus est.', 8630.02, 160, 45, NULL, NULL, NULL),
	(199, 'Suplementos', 'Vero nemo error quisquam maxime. Ipsam rerum laborum impedit ex dolores. Aliquid sit cum nobis labore tempore omnis alias.', 6942.01, 111, 16, NULL, NULL, NULL),
	(200, 'Ostras', 'Inventore eius non molestias hic repudiandae exercitationem debitis. Nemo vero voluptas est qui alias aut corrupti. Consequatur totam ab reprehenderit inventore qui ea.', 6352.03, 199, 35, NULL, NULL, NULL),
	(201, 'Magdalenas inglesas', 'Sed recusandae quia praesentium in consequatur magnam. Omnis distinctio iure vero non fuga corrupti. Eos ex ducimus ut enim corporis blanditiis inventore. Dolor asperiores est iusto dolorem.', 8822.10, 159, 46, NULL, NULL, NULL),
	(202, 'Comida', 'Deserunt dolores numquam magni a unde soluta. Architecto ratione corporis voluptatem laborum delectus. Quam beatae consequuntur expedita dolorem impedit velit.', 4583.45, 142, 20, NULL, NULL, NULL),
	(203, 'Chispas de chocolate', 'Sint sit similique ea illo. Consequatur animi ut voluptates labore a reprehenderit. Voluptatem non iure sint ut tempore et. Praesentium qui sunt expedita et. Aliquam suscipit ab consequuntur voluptatem.', 3836.73, 171, 18, NULL, NULL, NULL),
	(204, 'Paletas de hielo', 'Qui ipsam quasi et numquam. Illum tempora possimus vitae magnam. Atque cum id placeat reprehenderit temporibus.', 7756.64, 27, 20, NULL, NULL, NULL),
	(205, 'Tater tots', 'Corrupti eveniet ut ut vel quis ut alias. Excepturi aut nostrum natus officiis. Quo quaerat qui incidunt beatae adipisci ipsum.', 9383.78, 80, 13, NULL, NULL, NULL),
	(206, 'Kiwis', 'Ea amet quo odio. Facere in vel deserunt iusto minima rerum et. Facilis ut rerum quisquam tenetur quo vel architecto dolores. Rerum velit itaque quidem harum accusantium.', 5304.30, 47, 11, NULL, NULL, NULL),
	(207, 'Canela', 'Distinctio nemo ut pariatur inventore eos porro. Enim libero recusandae corporis consequatur incidunt praesentium assumenda. Tenetur et voluptas nam quisquam eligendi fugit aut non. Laudantium esse sunt cupiditate quia dicta nihil eos.', 7527.53, 87, 16, NULL, NULL, NULL),
	(208, 'Pasta', 'Est ea a dolorum deserunt. Sed ea ullam iure fugit qui incidunt. Recusandae itaque sequi dolores quos consequatur autem dolorum.', 5762.33, 8, 13, NULL, NULL, NULL),
	(209, 'Langosta', 'Eum consequatur modi cum rerum numquam quos deleniti. Sit laborum aperiam ipsa possimus in fugiat omnis. Quia error dolorem commodi est vel voluptatem sed. Consequatur et ut ut et.', 9056.30, 136, 19, NULL, NULL, NULL),
	(210, 'Helado', 'Est ratione repellendus dolore nulla inventore consequatur. Aut modi omnis reprehenderit enim. Est optio voluptatem nisi necessitatibus. Animi saepe harum doloribus atque sint quia.', 2520.91, 13, 17, NULL, NULL, NULL),
	(211, 'Fruta seca', 'Numquam repellat iste tempore vel est quam qui. Dolor voluptates consequatur aut non sed qui. Qui saepe voluptate sed vitae. Delectus dignissimos occaecati facere quibusdam.', 482.95, 127, 13, NULL, NULL, NULL),
	(212, 'Salmón', 'Maxime aliquid eveniet aspernatur alias commodi eos. Voluptatibus id aliquid quas dolores saepe vero. Laborum quia minus temporibus nisi et id dolorem. Qui aliquid quae ut ad itaque dolorem iste doloremque.', 253.77, 87, 24, NULL, NULL, NULL),
	(213, 'Mop head', 'Cupiditate similique et alias id veritatis magni. Explicabo ex modi blanditiis. Quasi culpa quia voluptatem nihil voluptatem.', 5183.37, 179, 13, NULL, NULL, NULL),
	(214, 'Periódico revista', 'Asperiores voluptatem voluptates voluptate ut. Sed harum veritatis saepe recusandae rerum sequi ex quod. Repudiandae expedita odio possimus in repellendus. Molestiae id distinctio veniam est suscipit earum. Mollitia illo impedit quis totam eligendi.', 7968.74, 195, 28, NULL, NULL, NULL),
	(215, 'Papel de aluminio', 'Iure ut maiores omnis voluptate. Ut inventore modi sit hic dolores qui placeat. Et officia aut deleniti quam aliquam aliquid voluptate.', 7063.46, 182, 2, NULL, NULL, NULL),
	(216, 'Donuts', 'Eum possimus expedita beatae dolor vitae voluptate qui. Sed vero hic debitis est ullam est. Pariatur voluptas quasi tenetur sit eum. Laborum et molestiae vitae eveniet omnis quo odit.', 4854.00, 69, 17, NULL, NULL, NULL),
	(217, 'Ginebra', 'Fugiat nam aspernatur blanditiis assumenda error ut fugiat. Labore est sequi inventore suscipit impedit itaque quod. Ab sed suscipit ab animi non.', 7706.90, 154, 24, NULL, NULL, NULL),
	(218, 'Brócoli', 'Aut officiis nobis eius eaque accusamus qui atque. Et quas enim animi perferendis et. Vel quam voluptate voluptas repellat distinctio aut minus.', 1566.28, 141, 2, NULL, NULL, NULL),
	(219, 'Salsa Worcestershire', 'Esse quia repellendus ea. Est facilis voluptas soluta odio quae voluptate. Iure deserunt eaque et magni. Suscipit molestiae magnam rerum accusamus fugit.', 5028.63, 102, 18, NULL, NULL, NULL),
	(220, 'Noche de espaguetis', 'Tempore voluptatem ratione voluptatem aut qui numquam. Aut eos animi impedit consequatur omnis sit. Alias libero explicabo voluptatem dolor dolores. Voluptatem doloremque dolorum et voluptate.', 1757.33, 128, 48, NULL, NULL, NULL),
	(221, 'Fruta', 'Consequatur voluptatum vitae quam omnis. Et ratione alias quam quia et in maxime. Ipsa debitis magni nulla quibusdam eveniet accusantium possimus. Minima tenetur ea sunt ut dignissimos nostrum recusandae id.', 1066.77, 25, 3, NULL, NULL, NULL),
	(222, 'Jengibre', 'Provident possimus quia magnam doloribus placeat. Consectetur labore officiis cum veniam qui atque. Debitis maiores et aut sit saepe ad autem. Ab libero quos accusamus quae rerum voluptas explicabo.', 3038.37, 174, 13, NULL, NULL, NULL),
	(223, 'Carnes en conserva', 'Doloremque sit quia perspiciatis nulla quo libero et. Ea sequi reiciendis repudiandae. Doloribus repellendus qui consequatur saepe et et. Modi quia sed quam id eos velit quo.', 4702.86, 54, 21, NULL, NULL, NULL),
	(224, 'Carne molida', 'Eaque et nam quas sed incidunt cum ea. Quis incidunt non ut odit praesentium quibusdam voluptas. Corporis qui nam et ipsum. Ab accusamus modi officia quibusdam voluptatibus saepe minus.', 7731.92, 92, 7, NULL, NULL, NULL),
	(225, 'Desodorante anti-transpirante', 'Ut asperiores maxime non est sequi quibusdam consequuntur. Dolor atque enim qui voluptate autem. Eligendi animi qui nam veritatis earum.', 7386.94, 139, 13, NULL, NULL, NULL),
	(226, 'sobres', 'Amet quo eum non quo. Voluptas quisquam et fugiat et voluptas rerum. Placeat pariatur aut ut veritatis quis ut et.', 3682.08, 94, 13, NULL, NULL, NULL),
	(227, 'Ketchup', 'Sit soluta ut amet voluptas. Sunt aspernatur voluptatibus ut maiores nemo libero. Dicta deserunt praesentium et voluptas ullam reprehenderit. Vero quisquam similique doloribus.', 1816.72, 106, 26, NULL, NULL, NULL),
	(228, 'Cebollas', 'Exercitationem accusantium beatae temporibus nobis. Perferendis autem a qui fugit omnis possimus. Id et ut et. Aut sint non quo explicabo est.', 500.26, 138, 19, NULL, NULL, NULL),
	(229, 'Cenas de TV', 'Excepturi excepturi ipsa voluptatem neque est et perspiciatis. Est rerum dolorem esse occaecati consequuntur. Qui reprehenderit accusamus amet ab veniam ut.', 7206.86, 189, 33, NULL, NULL, NULL),
	(230, 'Parmesano', 'Est cumque consectetur aliquid voluptatum id. Accusamus autem numquam ab non porro at placeat quod. Est est consectetur rerum. Fugit consectetur beatae et corrupti debitis.', 493.21, 98, 24, NULL, NULL, NULL),
	(231, 'Salsa de soja', 'Officia quasi cupiditate facilis iure. Nisi id fugit totam perspiciatis eos reprehenderit minus. Veniam ut qui vel tenetur eligendi quidem voluptas.', 1424.05, 89, 50, NULL, NULL, NULL),
	(232, 'Mix', 'Saepe odit ipsa aperiam in exercitationem deserunt id. Facere iusto consequatur et quibusdam tenetur quo. Aut voluptatem optio nesciunt non voluptatem suscipit sit.', 8936.96, 48, 5, NULL, NULL, NULL),
	(233, 'Aguacates', 'Quae atque consequuntur dolore architecto quibusdam odio. Magni repellendus ullam magni ab sunt modi quia. Qui nihil quos et veniam dicta. In provident sequi exercitationem earum qui. Quas repellat molestiae tempore quae autem animi.', 9823.98, 27, 36, NULL, NULL, NULL),
	(234, 'Ambientador', 'Qui rerum eum magnam corporis consequuntur a. Sapiente sint explicabo deleniti numquam. Possimus dolores et necessitatibus distinctio blanditiis odio repudiandae. Consequatur aut non doloribus voluptas optio accusantium.', 3510.60, 87, 15, NULL, NULL, NULL),
	(235, 'Burritos Especias y hierbas', 'Autem sint sint minus et. Et corporis modi consectetur minus in dolore et. Cumque tempora odit officia deleniti.', 9914.68, 114, 16, NULL, NULL, NULL),
	(236, 'Detergente', 'Minima eius dolore necessitatibus iure doloribus error. Tenetur aut velit aut sit reprehenderit consectetur. Qui minus vitae ullam est laborum.', 5119.78, 186, 36, NULL, NULL, NULL),
	(237, 'Menta', 'Aut commodi minus nobis ex possimus qui. Optio ut alias corporis labore cupiditate. Iusto qui eos natus quia nihil velit.', 6735.83, 2, 46, NULL, NULL, NULL),
	(238, 'Rebanadas de sándwich', 'Dolores est cumque sint repellendus eius odit. Reiciendis modi reprehenderit nulla tempora molestias. Beatae maiores doloremque maiores suscipit. Ipsa consequuntur delectus ullam odit non vitae dolorem.', 2857.24, 168, 3, NULL, NULL, NULL),
	(239, 'Mantequilla de maní', 'Facere ut laborum esse officia porro soluta. Dolorem et incidunt nihil aut. Sint sunt dolore hic possimus fugiat repellat aliquid. Voluptatibus et rerum assumenda aliquid ex aperiam ut. Quisquam tempore enim harum natus explicabo ducimus ipsum.', 4696.38, 37, 19, NULL, NULL, NULL),
	(240, 'Bombillas', 'Quaerat dolorum blanditiis sint dolor eos iure repellendus. Est et sequi omnis possimus. Sequi harum voluptatum qui suscipit dolor earum. Expedita molestiae accusantium doloribus sit magnam et natus.', 872.74, 147, 19, NULL, NULL, NULL),
	(241, 'Gaseosa', 'Quo sunt natus vero illo dolores suscipit ipsum. Officiis quisquam dignissimos excepturi rem sunt ducimus molestiae. Libero in omnis repellat ipsa. Earum numquam dolores sit officiis nam aspernatur.', 8567.80, 113, 30, NULL, NULL, NULL),
	(242, 'Cubitos de caldo', 'Cumque eaque nihil quia. Aut omnis et omnis omnis ipsam architecto. Dignissimos porro expedita dicta qui.', 4762.21, 4, 19, NULL, NULL, NULL),
	(243, 'Aspirina', 'Porro sint dolore ipsum laudantium explicabo dolor. Debitis velit hic optio quis veritatis aperiam ipsum. Sit et eum necessitatibus. Eum cum qui dolore provident animi molestiae blanditiis.', 6110.06, 113, 24, NULL, NULL, NULL),
	(244, 'Noche de tacos', 'Nulla tempore corporis ullam voluptate doloribus quia. Provident quo minima nostrum. Ducimus rerum nesciunt nisi dignissimos. Amet quia veniam eum vel vero et corrupti.', 3979.44, 23, 34, NULL, NULL, NULL),
	(245, 'Apio', 'Labore a qui omnis delectus voluptas facere illo. Saepe aut aut eos ut rem explicabo nesciunt. Consectetur quidem at impedit et recusandae voluptatum consequatur nemo. Provident culpa inventore rerum aperiam aliquam numquam necessitatibus recusandae.', 7485.22, 109, 19, NULL, NULL, NULL),
	(246, 'Antibiótico', 'Iste ratione at maiores sit culpa id perferendis. Illo exercitationem non quod suscipit sed voluptatem. Voluptatem officia magnam quo molestiae vel. Deserunt qui iusto consequuntur aut. Pariatur asperiores natus doloribus deserunt est saepe et.', 4521.57, 11, 24, NULL, NULL, NULL),
	(247, 'Material de oficina', 'Et beatae sunt numquam minima quo fuga. Tempore est et officia assumenda nisi ea. Minima velit aut in voluptates.', 3829.02, 22, 18, NULL, NULL, NULL),
	(248, 'Cocina de pretzels', 'Ratione quos consectetur explicabo. Neque sunt quisquam et porro quia vitae. Natus officia nulla dicta enim. Sed et dicta dolore enim reprehenderit et. Unde enim voluptatem ut.', 9931.95, 65, 15, NULL, NULL, NULL),
	(249, 'Limas', 'Qui ratione voluptatem quaerat delectus corporis. Illum laborum voluptas beatae ullam est qui. Sit ratione ut aperiam delectus perspiciatis.', 4346.47, 134, 32, NULL, NULL, NULL),
	(250, 'Crema agria', 'Et at pariatur rerum odio similique. Reprehenderit labore at ut a blanditiis ab vel. Voluptas repellendus quisquam cumque quisquam nulla.', 3064.64, 185, 27, NULL, NULL, NULL),
	(251, 'Ciruelas', 'Rerum aut ut ut. Molestiae eligendi distinctio voluptas placeat consectetur. Deleniti et quia occaecati inventore praesentium molestiae est. Minus inventore qui voluptatibus quibusdam iste autem molestias.', 6807.03, 168, 29, NULL, NULL, NULL),
	(252, 'Cigarrillos', 'Perferendis modi nihil quidem culpa. Quisquam aut qui amet consequuntur iusto assumenda. Dignissimos natus nobis quo sequi ipsam aut. Quasi aut necessitatibus qui quaerat illum expedita.', 7065.46, 39, 28, NULL, NULL, NULL),
	(253, 'Salchicha', 'Explicabo vel dignissimos veniam. Explicabo praesentium maiores laboriosam neque. Laboriosam ducimus quas expedita deserunt non dolorem. Qui nemo consectetur dolores et ex delectus. In velit aut facilis repellendus modi est.', 2636.49, 120, 33, NULL, NULL, NULL),
	(254, 'bolas de algodón', 'Veniam totam expedita maiores voluptate consequuntur est dolor. Iusto aspernatur eum velit eos. Et non vero id. Sint et doloremque delectus.', 8364.37, 180, 17, NULL, NULL, NULL),
	(255, 'Esponjas', 'Quasi voluptatem quis similique sed laudantium reiciendis dolorum. Iusto consequatur cupiditate voluptatem rerum. Non velit laborum commodi eos est nihil aut.', 9767.10, 16, 13, NULL, NULL, NULL),
	(256, 'Peras', 'Non ut voluptatem voluptas. Iusto provident placeat quam cum eaque esse. Incidunt sed voluptatem odio voluptatibus enim. Rerum ut labore quae.', 4276.66, 180, 25, NULL, NULL, NULL),
	(257, 'spray para el cabello', 'Unde maxime aut voluptatem. Reprehenderit laudantium sequi sapiente et reiciendis est. Vel officia vero doloribus adipisci est iste quod.', 2623.67, 79, 35, NULL, NULL, NULL),
	(258, 'Chicle', 'Vel deleniti reiciendis culpa est laudantium sit dolorem veniam. Voluptatem cum nihil quidem quia consequatur velit. Omnis consequatur explicabo consequatur. Quia quasi autem voluptas.', 3278.87, 2, 6, NULL, NULL, NULL),
	(259, 'Comida para bebé', 'Error praesentium velit sunt. Et ut similique minus qui quia ullam optio nesciunt. Ullam vel quae repellendus et quasi in. Quaerat veniam qui beatae delectus id qui.', 1753.61, 148, 16, NULL, NULL, NULL),
	(260, 'Mezcla de pastel', 'Et quaerat iure sit fuga et praesentium. Voluptate hic praesentium esse impedit quas est. Blanditiis rem possimus saepe a hic.', 3845.16, 197, 1, NULL, NULL, NULL),
	(261, 'Aderezo para ensaladas', 'Repudiandae enim quia in ab incidunt. Molestias quaerat suscipit ipsum qui nemo. Ut omnis et soluta inventore ratione et quia.', 4031.71, 31, 36, NULL, NULL, NULL),
	(262, 'Queso Mozzarella', 'Libero atque expedita asperiores occaecati error nisi totam. Voluptatem delectus repellendus voluptatem quia. Illum consequatur occaecati architecto voluptas qui.', 9265.93, 75, 20, NULL, NULL, NULL),
	(263, 'Bloc de notas', 'Enim ut dignissimos molestias qui corporis error dolores aspernatur. Harum qui ut quibusdam modi ut fuga. Quis exercitationem ducimus et qui.', 8233.04, 128, 41, NULL, NULL, NULL),
	(264, 'Comidas envasadas Carne', 'Omnis aut aut aut. Voluptate fugiat sint et modi nobis. Cumque recusandae ut voluptatem quis suscipit.', 8826.33, 107, 15, NULL, NULL, NULL),
	(265, 'Productos femeninos', 'Et odit fugit vel delectus. Eligendi temporibus non tempora iure. Eum ducimus at minus recusandae quo autem nulla nam.', 1925.65, 72, 21, NULL, NULL, NULL),
	(266, 'Melocotones', 'Provident animi voluptatem dolor accusantium adipisci rem. Suscipit illo ea quod rerum sed exercitationem atque. Quo est tenetur eligendi corporis et alias placeat ipsam.', 7570.31, 113, 3, NULL, NULL, NULL),
	(267, 'Servilletas', 'Nemo quis in accusantium pariatur. Quia itaque accusamus dolorum quia. Exercitationem aut voluptatem laboriosam labore.', 6745.87, 166, 23, NULL, NULL, NULL),
	(268, 'Papel de imprimir', 'Laborum autem eum distinctio ex. Commodi ea dolor molestias aperiam temporibus. Similique eius inventore inventore delectus hic. Consectetur deserunt ut perspiciatis nobis perferendis quia.', 9560.23, 87, 19, NULL, NULL, NULL),
	(269, 'Cloruro de vinilo', 'Nulla est in repellat exercitationem in. Nam at illo ducimus vel ut ratione quam odit. Qui laboriosam minus dolor provident culpa. Porro aspernatur quia et aperiam.', 5990.83, 13, 1, NULL, NULL, NULL),
	(270, 'Jamón', 'Quia aliquid est est aliquam. Commodi ut ab delectus aut quod sed commodi. Repudiandae laborum quidem consequatur aut. Ratione aliquid voluptas unde repellat.', 2517.54, 52, 24, NULL, NULL, NULL),
	(271, 'Noche de chile', 'Sint quos aut earum aut facilis. Quibusdam aut eaque accusantium rerum blanditiis explicabo nulla saepe. Aliquam reprehenderit quo ut aut. Quisquam quidem ab enim consequatur.', 3468.85, 76, 27, NULL, NULL, NULL),
	(272, 'Limpiador Facial', 'Qui voluptatem necessitatibus tenetur error. Minima eaque non odio quis. Error atque quas rerum facere molestiae iure velit.', 6320.08, 35, 40, NULL, NULL, NULL),
	(273, 'Crema batida', 'Laborum voluptatem in quis fuga. Expedita quia laborum earum ea nulla.', 9571.66, 189, 48, NULL, NULL, NULL),
	(274, 'Tofu', 'Veniam harum eligendi placeat ut. Voluptatem hic voluptatem dolores odio. Illum dicta ut quia iure. Reiciendis quam enim voluptatibus nisi rerum deleniti et.', 1429.15, 89, 32, NULL, NULL, NULL),
	(275, 'Chip dip', 'Distinctio ut eius veritatis adipisci. Rerum magnam explicabo qui provident expedita harum. Provident et dolorem iure qui doloremque praesentium cumque. Dignissimos nemo qui alias mollitia.', 9448.46, 127, 35, NULL, NULL, NULL),
	(276, 'Tortillas', 'Qui enim optio enim aut eveniet sint unde. Praesentium vitae distinctio sequi ipsam quos pariatur officia. Qui saepe omnis veritatis suscipit illum sint nesciunt quos.', 9375.44, 97, 4, NULL, NULL, NULL),
	(277, 'Patatas', 'Voluptatibus odit natus voluptate numquam minima. Sunt consequatur similique cum cupiditate et. Ut cumque fuga quidem fugit. Sit eveniet ipsa voluptates quia officia tenetur.', 9113.06, 104, 42, NULL, NULL, NULL),
	(278, 'Fórmula', 'Rerum fugit eligendi tempore. Animi aut temporibus quod. Atque et omnis ullam.', 4218.56, 170, 47, NULL, NULL, NULL),
	(279, 'Noche de pizza', 'Impedit autem nostrum magnam modi modi ex temporibus. Est totam ipsum voluptatem ad quia. Molestias tempore voluptatem rem qui adipisci dolor. Nobis aut quis repellendus qui.', 6495.23, 94, 5, NULL, NULL, NULL),
	(280, 'Frutas frescas', 'In voluptates suscipit maxime voluptas ut. Sequi reprehenderit nisi natus. Excepturi autem porro quas qui pariatur aut debitis. Necessitatibus rerum non et iste alias illo.', 331.76, 131, 15, NULL, NULL, NULL),
	(281, 'Olivos', 'Aut excepturi ex asperiores est. Qui aut inventore earum. Odit beatae itaque totam tempora corrupti fuga quas et.', 3896.09, 170, 8, NULL, NULL, NULL),
	(282, 'Salsa BBQ', 'Temporibus repellendus natus dolor. Velit aut libero repellendus non impedit consectetur libero. Fuga sunt quibusdam magni consequatur eveniet alias.', 6629.30, 71, 11, NULL, NULL, NULL),
	(283, 'Filtros', 'Esse adipisci sapiente ipsam amet fugiat. Fuga sed quo eius libero molestias officia esse voluptas. Quis sed quibusdam culpa et officiis totam porro ratione. Voluptatibus velit error adipisci perferendis.', 2661.67, 152, 48, NULL, NULL, NULL),
	(284, 'Papas', 'Itaque ut dolor aut voluptas vel animi. Et praesentium natus commodi sunt omnis molestiae. Pariatur hic eaque eum repellat.', 9230.60, 44, 29, NULL, NULL, NULL),
	(285, 'Snacks de aceite de oliva', 'Non velit ratione hic dicta voluptas modi. Dolore provident aut ab quam at. Omnis sit et eveniet eius id vel. Soluta quia reiciendis sint.', 1930.74, 42, 43, NULL, NULL, NULL),
	(286, 'Barras de granola', 'Sed eveniet dolorem velit soluta. Quo libero quis consequatur et laudantium voluptas voluptatem. Maiores sed veritatis atque nisi.', 2483.63, 152, 8, NULL, NULL, NULL),
	(287, 'Vino tinto', 'Et tempore labore aut. Dolorum et fuga est voluptas qui aut.', 1371.02, 188, 36, NULL, NULL, NULL),
	(288, 'Pomelo', 'Magnam recusandae qui officiis id ad hic. Et nostrum eos distinctio. Facere tempora excepturi hic commodi et. Nihil fugiat ratione assumenda cum.', 217.84, 78, 10, NULL, NULL, NULL),
	(289, 'Cereal', 'Et eius repellat quod esse. Mollitia occaecati aliquid sint aut. Reprehenderit necessitatibus quam explicabo et. Placeat eaque dolorum in voluptatem.', 8270.77, 119, 50, NULL, NULL, NULL),
	(290, 'Mezcla de panqueques', 'Ratione alias ea ipsam eum fuga voluptatem fugiat. Voluptas pariatur odit possimus ut nemo non. Dolores possimus illum distinctio vel ratione mollitia dolorem.', 16.29, 57, 8, NULL, NULL, NULL),
	(291, 'Toallitas', 'Dolorem sunt temporibus voluptas exercitationem veritatis. Ex dolor rerum doloribus atque placeat. Eos occaecati quia ut asperiores saepe.', 3637.80, 182, 18, NULL, NULL, NULL),
	(292, 'Calabacín', 'Aliquam et accusamus laboriosam numquam harum cumque. Minus eligendi sit eos temporibus consectetur doloribus ducimus inventore. Aut culpa officia quia ipsum beatae totam.', 4854.18, 14, 1, NULL, NULL, NULL),
	(293, 'Navajas', 'Quae facere eum deleniti doloremque libero quo reprehenderit. Rerum eum molestias exercitationem quia. Quo praesentium voluptatem totam sint. Ut sed pariatur sit quas at ab. Molestias tempora qui doloribus voluptatibus aut.', 7247.90, 6, 6, NULL, NULL, NULL),
	(294, 'Cinta adhesiva', 'Fuga qui dolores voluptates voluptas neque minus. Nemo ut in voluptas placeat consequuntur. Aperiam minus harum enim qui velit officia nam non. Officiis non voluptatem qui error.', 8534.75, 62, 33, NULL, NULL, NULL),
	(295, 'Enjuague bucal', 'Rem sapiente amet eum consequatur. Dolorem molestias cumque voluptatem hic eveniet eaque. Rerum fugit officiis rem magnam non qui optio.', 4528.92, 79, 39, NULL, NULL, NULL),
	(296, 'Pan rebanado', 'Pariatur voluptates natus eligendi voluptate nostrum sit corrupti. Et unde odio molestias blanditiis fuga pariatur cumque. Occaecati ipsum eos illo culpa nam similique.', 706.68, 54, 50, NULL, NULL, NULL),
	(297, 'Comida para llevar deli', 'Non dignissimos dicta eveniet in qui repellat voluptas. Possimus ut non sit aliquam voluptatem. Rerum rem non qui facere consequatur earum. Sit aperiam sunt unde id inventore et ratione architecto.', 9078.85, 12, 10, NULL, NULL, NULL),
	(298, 'Seda floja', 'Porro aperiam asperiores id quibusdam est qui maiores et. Asperiores sapiente impedit quo officia. Neque ut sint et minus vero. Aperiam et aut nesciunt aliquid omnis earum.', 2317.73, 10, 23, NULL, NULL, NULL),
	(299, 'Jugo', 'Quod distinctio excepturi et ipsa at suscipit. Eaque architecto temporibus repudiandae quibusdam saepe et. Ex nisi culpa impedit consequuntur. Dolorum voluptatem voluptatem aliquam repellat vitae sapiente atque. Ea corporis odit ea enim.', 2425.93, 143, 13, NULL, NULL, NULL),
	(300, 'Mermelada', 'Minima corporis molestias et molestiae. Vero asperiores voluptate consequuntur dolor qui ea qui. Officiis quo numquam officiis dolor quia ab. Exercitationem blanditiis perferendis molestiae quia.', 2385.87, 192, 7, NULL, NULL, NULL);
/*!40000 ALTER TABLE `productos` ENABLE KEYS */;

-- Volcando estructura para tabla rumbabar.producto_venta
CREATE TABLE IF NOT EXISTS `producto_venta` (
  `ventaCantidad` smallint(5) unsigned NOT NULL,
  `ventaSubtotal` double(10,2) NOT NULL,
  `fk_producto` bigint(20) unsigned NOT NULL,
  `fk_venta` bigint(20) unsigned NOT NULL,
  `created_at` timestamp NULL DEFAULT NULL,
  `updated_at` timestamp NULL DEFAULT NULL,
  `deleted_at` timestamp NULL DEFAULT NULL,
  KEY `producto_venta_fk_producto_foreign` (`fk_producto`),
  KEY `producto_venta_fk_venta_foreign` (`fk_venta`),
  CONSTRAINT `producto_venta_fk_producto_foreign` FOREIGN KEY (`fk_producto`) REFERENCES `productos` (`ProductoId`),
  CONSTRAINT `producto_venta_fk_venta_foreign` FOREIGN KEY (`fk_venta`) REFERENCES `ventas` (`VentaId`)
) ENGINE=InnoDB DEFAULT CHARSET=utf8mb4 COLLATE=utf8mb4_unicode_ci;

-- Volcando datos para la tabla rumbabar.producto_venta: ~593 rows (aproximadamente)
DELETE FROM `producto_venta`;
/*!40000 ALTER TABLE `producto_venta` DISABLE KEYS */;
INSERT INTO `producto_venta` (`ventaCantidad`, `ventaSubtotal`, `fk_producto`, `fk_venta`, `created_at`, `updated_at`, `deleted_at`) VALUES
	(96, 880383.36, 3, 1, '2020-10-05 06:56:18', '2020-10-05 06:56:18', NULL),
	(102, 809117.04, 101, 1, '2020-10-05 06:56:18', '2020-10-05 06:56:18', NULL),
	(72, 459038.88, 154, 1, '2020-10-05 06:56:18', '2020-10-05 06:56:18', NULL),
	(1, 5986.69, 26, 2, '2020-10-05 06:56:18', '2020-10-05 06:56:18', NULL),
	(105, 1047508.35, 32, 2, '2020-10-05 06:56:18', '2020-10-05 06:56:18', NULL),
	(43, 237046.10, 41, 2, '2020-10-05 06:56:18', '2020-10-05 06:56:18', NULL),
	(68, 244598.72, 135, 2, '2020-10-05 06:56:18', '2020-10-05 06:56:18', NULL),
	(55, 358400.90, 144, 2, '2020-10-05 06:56:18', '2020-10-05 06:56:18', NULL),
	(36, 59063.40, 150, 2, '2020-10-05 06:56:18', '2020-10-05 06:56:18', NULL),
	(1, 6735.83, 237, 2, '2020-10-05 06:56:18', '2020-10-05 06:56:18', NULL),
	(21, 194584.53, 262, 2, '2020-10-05 06:56:18', '2020-10-05 06:56:18', NULL),
	(14, 228.06, 290, 2, '2020-10-05 06:56:18', '2020-10-05 06:56:18', NULL),
	(42, 336447.72, 158, 3, '2020-10-05 06:56:18', '2020-10-05 06:56:18', NULL),
	(179, 427070.73, 300, 3, '2020-10-05 06:56:18', '2020-10-05 06:56:18', NULL),
	(43, 404487.67, 16, 4, '2020-10-05 06:56:18', '2020-10-05 06:56:18', NULL),
	(121, 940555.99, 47, 4, '2020-10-05 06:56:18', '2020-10-05 06:56:18', NULL),
	(13, 94906.76, 62, 4, '2020-10-05 06:56:18', '2020-10-05 06:56:18', NULL),
	(135, 974416.50, 168, 4, '2020-10-05 06:56:18', '2020-10-05 06:56:18', NULL),
	(83, 319148.28, 260, 4, '2020-10-05 06:56:18', '2020-10-05 06:56:18', NULL),
	(41, 385674.29, 16, 5, '2020-10-05 06:56:18', '2020-10-05 06:56:18', NULL),
	(27, 192404.43, 112, 5, '2020-10-05 06:56:18', '2020-10-05 06:56:18', NULL),
	(50, 248922.00, 5, 6, '2020-10-05 06:56:18', '2020-10-05 06:56:18', NULL),
	(59, 505120.83, 12, 6, '2020-10-05 06:56:18', '2020-10-05 06:56:18', NULL),
	(3, 14776.35, 142, 6, '2020-10-05 06:56:18', '2020-10-05 06:56:18', NULL),
	(25, 58465.25, 39, 7, '2020-10-05 06:56:18', '2020-10-05 06:56:18', NULL),
	(64, 497700.48, 52, 7, '2020-10-05 06:56:18', '2020-10-05 06:56:18', NULL),
	(52, 198908.84, 116, 7, '2020-10-05 06:56:18', '2020-10-05 06:56:18', NULL),
	(23, 69778.78, 148, 7, '2020-10-05 06:56:18', '2020-10-05 06:56:18', NULL),
	(120, 816051.60, 185, 7, '2020-10-05 06:56:18', '2020-10-05 06:56:18', NULL),
	(154, 440014.96, 238, 7, '2020-10-05 06:56:18', '2020-10-05 06:56:18', NULL),
	(81, 70691.94, 240, 7, '2020-10-05 06:56:18', '2020-10-05 06:56:18', NULL),
	(7, 21452.48, 250, 7, '2020-10-05 06:56:18', '2020-10-05 06:56:18', NULL),
	(28, 188884.36, 267, 7, '2020-10-05 06:56:18', '2020-10-05 06:56:18', NULL),
	(5, 25892.15, 55, 8, '2020-10-05 06:56:18', '2020-10-05 06:56:18', NULL),
	(3, 14847.81, 137, 8, '2020-10-05 06:56:18', '2020-10-05 06:56:18', NULL),
	(11, 107438.10, 255, 8, '2020-10-05 06:56:18', '2020-10-05 06:56:18', NULL),
	(93, 627365.91, 267, 8, '2020-10-05 06:56:18', '2020-10-05 06:56:18', NULL),
	(162, 10862.10, 19, 9, '2020-10-05 06:56:18', '2020-10-05 06:56:18', NULL),
	(45, 67997.25, 30, 9, '2020-10-05 06:56:18', '2020-10-05 06:56:18', NULL),
	(30, 136925.70, 143, 9, '2020-10-05 06:56:18', '2020-10-05 06:56:18', NULL),
	(1, 1640.91, 20, 10, '2020-10-05 06:56:18', '2020-10-05 06:56:18', NULL),
	(65, 152009.65, 39, 10, '2020-10-05 06:56:18', '2020-10-05 06:56:18', NULL),
	(40, 220508.00, 41, 10, '2020-10-05 06:56:18', '2020-10-05 06:56:18', NULL),
	(40, 396522.40, 110, 10, '2020-10-05 06:56:18', '2020-10-05 06:56:18', NULL),
	(123, 273614.73, 172, 10, '2020-10-05 06:56:18', '2020-10-05 06:56:18', NULL),
	(27, 82745.28, 250, 10, '2020-10-05 06:56:18', '2020-10-05 06:56:18', NULL),
	(128, 1070639.36, 254, 10, '2020-10-05 06:56:18', '2020-10-05 06:56:18', NULL),
	(53, 75744.95, 274, 10, '2020-10-05 06:56:18', '2020-10-05 06:56:18', NULL),
	(93, 211542.45, 46, 11, '2020-10-05 06:56:18', '2020-10-05 06:56:18', NULL),
	(70, 87210.20, 79, 11, '2020-10-05 06:56:18', '2020-10-05 06:56:18', NULL),
	(18, 94579.20, 88, 11, '2020-10-05 06:56:18', '2020-10-05 06:56:18', NULL),
	(73, 424976.80, 106, 11, '2020-10-05 06:56:18', '2020-10-05 06:56:18', NULL),
	(5, 23708.85, 114, 11, '2020-10-05 06:56:18', '2020-10-05 06:56:18', NULL),
	(112, 54090.40, 211, 11, '2020-10-05 06:56:18', '2020-10-05 06:56:18', NULL),
	(39, 34036.86, 240, 11, '2020-10-05 06:56:18', '2020-10-05 06:56:18', NULL),
	(45, 292285.35, 279, 11, '2020-10-05 06:56:18', '2020-10-05 06:56:18', NULL),
	(28, 227981.32, 2, 12, '2020-10-05 06:56:18', '2020-10-05 06:56:18', NULL),
	(102, 209032.68, 8, 12, '2020-10-05 06:56:18', '2020-10-05 06:56:18', NULL),
	(11, 1605.78, 70, 12, '2020-10-05 06:56:18', '2020-10-05 06:56:18', NULL),
	(59, 9199.28, 82, 12, '2020-10-05 06:56:18', '2020-10-05 06:56:18', NULL),
	(52, 220399.92, 86, 12, '2020-10-05 06:56:18', '2020-10-05 06:56:18', NULL),
	(39, 21768.63, 118, 12, '2020-10-05 06:56:18', '2020-10-05 06:56:18', NULL),
	(86, 742181.72, 198, 12, '2020-10-05 06:56:18', '2020-10-05 06:56:18', NULL),
	(4, 34271.20, 241, 12, '2020-10-05 06:56:18', '2020-10-05 06:56:18', NULL),
	(125, 1222921.25, 35, 13, '2020-10-05 06:56:19', '2020-10-05 06:56:19', NULL),
	(29, 145286.52, 108, 13, '2020-10-05 06:56:19', '2020-10-05 06:56:19', NULL),
	(20, 183480.00, 169, 13, '2020-10-05 06:56:19', '2020-10-05 06:56:19', NULL),
	(84, 221465.16, 253, 13, '2020-10-05 06:56:19', '2020-10-05 06:56:19', NULL),
	(95, 290289.60, 109, 14, '2020-10-05 06:56:19', '2020-10-05 06:56:19', NULL),
	(60, 408025.80, 185, 14, '2020-10-05 06:56:19', '2020-10-05 06:56:19', NULL),
	(30, 19643.40, 191, 14, '2020-10-05 06:56:19', '2020-10-05 06:56:19', NULL),
	(37, 367482.15, 248, 14, '2020-10-05 06:56:19', '2020-10-05 06:56:19', NULL),
	(100, 434647.00, 249, 14, '2020-10-05 06:56:19', '2020-10-05 06:56:19', NULL),
	(3, 17972.49, 269, 14, '2020-10-05 06:56:19', '2020-10-05 06:56:19', NULL),
	(151, 549307.80, 291, 14, '2020-10-05 06:56:19', '2020-10-05 06:56:19', NULL),
	(94, 841177.80, 6, 15, '2020-10-05 06:56:19', '2020-10-05 06:56:19', NULL),
	(20, 123236.80, 7, 15, '2020-10-05 06:56:19', '2020-10-05 06:56:19', NULL),
	(36, 26659.44, 13, 15, '2020-10-05 06:56:19', '2020-10-05 06:56:19', NULL),
	(36, 3272.76, 43, 15, '2020-10-05 06:56:19', '2020-10-05 06:56:19', NULL),
	(6, 26510.46, 127, 15, '2020-10-05 06:56:19', '2020-10-05 06:56:19', NULL),
	(3, 14776.35, 142, 15, '2020-10-05 06:56:19', '2020-10-05 06:56:19', NULL),
	(80, 307612.80, 260, 15, '2020-10-05 06:56:19', '2020-10-05 06:56:19', NULL),
	(38, 56936.54, 94, 16, '2020-10-05 06:56:19', '2020-10-05 06:56:19', NULL),
	(4, 25011.68, 120, 16, '2020-10-05 06:56:19', '2020-10-05 06:56:19', NULL),
	(56, 135852.08, 299, 16, '2020-10-05 06:56:19', '2020-10-05 06:56:19', NULL),
	(38, 21480.64, 10, 17, '2020-10-05 06:56:19', '2020-10-05 06:56:19', NULL),
	(22, 2000.02, 43, 17, '2020-10-05 06:56:19', '2020-10-05 06:56:19', NULL),
	(57, 117726.09, 125, 17, '2020-10-05 06:56:19', '2020-10-05 06:56:19', NULL),
	(107, 879898.45, 131, 17, '2020-10-05 06:56:19', '2020-10-05 06:56:19', NULL),
	(33, 224414.19, 185, 17, '2020-10-05 06:56:19', '2020-10-05 06:56:19', NULL),
	(3, 29301.30, 255, 17, '2020-10-05 06:56:19', '2020-10-05 06:56:19', NULL),
	(49, 152377.75, 31, 18, '2020-10-05 06:56:19', '2020-10-05 06:56:19', NULL),
	(103, 827579.25, 53, 18, '2020-10-05 06:56:19', '2020-10-05 06:56:19', NULL),
	(33, 202380.09, 123, 18, '2020-10-05 06:56:19', '2020-10-05 06:56:19', NULL),
	(86, 141095.90, 150, 18, '2020-10-05 06:56:19', '2020-10-05 06:56:19', NULL),
	(18, 117856.26, 153, 18, '2020-10-05 06:56:19', '2020-10-05 06:56:19', NULL),
	(12, 114860.52, 157, 18, '2020-10-05 06:56:19', '2020-10-05 06:56:19', NULL),
	(111, 55528.86, 228, 18, '2020-10-05 06:56:19', '2020-10-05 06:56:19', NULL),
	(83, 784222.18, 275, 18, '2020-10-05 06:56:19', '2020-10-05 06:56:19', NULL),
	(150, 357880.50, 300, 18, '2020-10-05 06:56:19', '2020-10-05 06:56:19', NULL),
	(78, 5229.90, 19, 19, '2020-10-05 06:56:19', '2020-10-05 06:56:19', NULL),
	(68, 111581.88, 20, 19, '2020-10-05 06:56:19', '2020-10-05 06:56:19', NULL),
	(87, 850399.77, 24, 19, '2020-10-05 06:56:19', '2020-10-05 06:56:19', NULL),
	(43, 64975.15, 30, 19, '2020-10-05 06:56:19', '2020-10-05 06:56:19', NULL),
	(47, 22394.09, 64, 19, '2020-10-05 06:56:19', '2020-10-05 06:56:19', NULL),
	(16, 93830.08, 75, 19, '2020-10-05 06:56:19', '2020-10-05 06:56:19', NULL),
	(42, 103327.98, 140, 19, '2020-10-05 06:56:19', '2020-10-05 06:56:19', NULL),
	(130, 398403.20, 250, 19, '2020-10-05 06:56:19', '2020-10-05 06:56:19', NULL),
	(34, 214882.72, 272, 19, '2020-10-05 06:56:19', '2020-10-05 06:56:19', NULL),
	(9, 53484.48, 151, 20, '2020-10-05 06:56:19', '2020-10-05 06:56:19', NULL),
	(2, 13471.66, 237, 20, '2020-10-05 06:56:19', '2020-10-05 06:56:19', NULL),
	(89, 666184.58, 245, 20, '2020-10-05 06:56:19', '2020-10-05 06:56:19', NULL),
	(41, 379903.13, 262, 20, '2020-10-05 06:56:19', '2020-10-05 06:56:19', NULL),
	(3, 3393.90, 74, 21, '2020-10-05 06:56:19', '2020-10-05 06:56:19', NULL),
	(96, 836860.80, 85, 21, '2020-10-05 06:56:19', '2020-10-05 06:56:19', NULL),
	(2, 10901.84, 89, 21, '2020-10-05 06:56:19', '2020-10-05 06:56:19', NULL),
	(20, 88368.20, 127, 21, '2020-10-05 06:56:19', '2020-10-05 06:56:19', NULL),
	(109, 903499.91, 132, 21, '2020-10-05 06:56:19', '2020-10-05 06:56:19', NULL),
	(76, 590762.44, 47, 22, '2020-10-05 06:56:19', '2020-10-05 06:56:19', NULL),
	(10, 11313.00, 74, 22, '2020-10-05 06:56:19', '2020-10-05 06:56:19', NULL),
	(33, 61314.66, 83, 22, '2020-10-05 06:56:19', '2020-10-05 06:56:19', NULL),
	(76, 712710.52, 87, 22, '2020-10-05 06:56:19', '2020-10-05 06:56:19', NULL),
	(125, 46197.50, 167, 22, '2020-10-05 06:56:19', '2020-10-05 06:56:19', NULL),
	(1, 4702.86, 223, 22, '2020-10-05 06:56:19', '2020-10-05 06:56:19', NULL),
	(9, 4502.34, 228, 22, '2020-10-05 06:56:19', '2020-10-05 06:56:19', NULL),
	(139, 78573.92, 10, 23, '2020-10-05 06:56:19', '2020-10-05 06:56:19', NULL),
	(77, 545109.18, 61, 23, '2020-10-05 06:56:19', '2020-10-05 06:56:19', NULL),
	(100, 309654.00, 121, 23, '2020-10-05 06:56:19', '2020-10-05 06:56:19', NULL),
	(130, 18196.10, 165, 23, '2020-10-05 06:56:19', '2020-10-05 06:56:19', NULL),
	(121, 345726.04, 238, 23, '2020-10-05 06:56:19', '2020-10-05 06:56:19', NULL),
	(78, 44091.84, 10, 24, '2020-10-05 06:56:19', '2020-10-05 06:56:19', NULL),
	(28, 261506.00, 58, 24, '2020-10-05 06:56:19', '2020-10-05 06:56:19', NULL),
	(31, 38621.66, 79, 24, '2020-10-05 06:56:19', '2020-10-05 06:56:19', NULL),
	(73, 473596.99, 196, 24, '2020-10-05 06:56:19', '2020-10-05 06:56:19', NULL),
	(15, 7398.15, 230, 24, '2020-10-05 06:56:19', '2020-10-05 06:56:19', NULL),
	(2, 13471.66, 237, 24, '2020-10-05 06:56:19', '2020-10-05 06:56:19', NULL),
	(62, 592734.26, 268, 24, '2020-10-05 06:56:19', '2020-10-05 06:56:19', NULL),
	(4, 7722.96, 285, 24, '2020-10-05 06:56:19', '2020-10-05 06:56:19', NULL),
	(131, 1281621.47, 35, 25, '2020-10-05 06:56:19', '2020-10-05 06:56:19', NULL),
	(78, 437908.38, 49, 25, '2020-10-05 06:56:19', '2020-10-05 06:56:19', NULL),
	(1, 8448.74, 129, 25, '2020-10-05 06:56:19', '2020-10-05 06:56:19', NULL),
	(65, 260167.70, 152, 25, '2020-10-05 06:56:19', '2020-10-05 06:56:19', NULL),
	(39, 285219.09, 177, 25, '2020-10-05 06:56:19', '2020-10-05 06:56:19', NULL),
	(113, 733102.19, 196, 25, '2020-10-05 06:56:19', '2020-10-05 06:56:19', NULL),
	(14, 123568.62, 264, 25, '2020-10-05 06:56:19', '2020-10-05 06:56:19', NULL),
	(77, 16773.68, 288, 25, '2020-10-05 06:56:19', '2020-10-05 06:56:19', NULL),
	(38, 619.02, 290, 25, '2020-10-05 06:56:19', '2020-10-05 06:56:19', NULL),
	(46, 76798.84, 14, 26, '2020-10-05 06:56:19', '2020-10-05 06:56:19', NULL),
	(77, 752652.67, 24, 26, '2020-10-05 06:56:19', '2020-10-05 06:56:19', NULL),
	(4, 31106.28, 52, 26, '2020-10-05 06:56:19', '2020-10-05 06:56:19', NULL),
	(123, 975699.96, 101, 26, '2020-10-05 06:56:19', '2020-10-05 06:56:19', NULL),
	(44, 198524.92, 181, 26, '2020-10-05 06:56:19', '2020-10-05 06:56:19', NULL),
	(37, 273316.78, 225, 26, '2020-10-05 06:56:19', '2020-10-05 06:56:19', NULL),
	(15, 81763.80, 89, 27, '2020-10-05 06:56:19', '2020-10-05 06:56:19', NULL),
	(78, 173200.56, 159, 27, '2020-10-05 06:56:19', '2020-10-05 06:56:19', NULL),
	(95, 8636.45, 43, 28, '2020-10-05 06:56:19', '2020-10-05 06:56:19', NULL),
	(99, 15436.08, 82, 28, '2020-10-05 06:56:19', '2020-10-05 06:56:19', NULL),
	(2, 9043.14, 246, 28, '2020-10-05 06:56:19', '2020-10-05 06:56:19', NULL),
	(102, 758286.36, 23, 29, '2020-10-05 06:56:19', '2020-10-05 06:56:19', NULL),
	(89, 8090.99, 43, 29, '2020-10-05 06:56:19', '2020-10-05 06:56:19', NULL),
	(12, 70372.56, 75, 29, '2020-10-05 06:56:19', '2020-10-05 06:56:19', NULL),
	(9, 1403.28, 82, 29, '2020-10-05 06:56:19', '2020-10-05 06:56:19', NULL),
	(4, 12195.00, 107, 29, '2020-10-05 06:56:19', '2020-10-05 06:56:19', NULL),
	(31, 94345.71, 156, 29, '2020-10-05 06:56:19', '2020-10-05 06:56:19', NULL),
	(56, 59133.20, 180, 29, '2020-10-05 06:56:19', '2020-10-05 06:56:19', NULL),
	(22, 88697.62, 261, 29, '2020-10-05 06:56:19', '2020-10-05 06:56:19', NULL),
	(37, 353728.51, 268, 29, '2020-10-05 06:56:19', '2020-10-05 06:56:19', NULL),
	(30, 135867.60, 295, 29, '2020-10-05 06:56:19', '2020-10-05 06:56:19', NULL),
	(51, 165689.31, 27, 30, '2020-10-05 06:56:19', '2020-10-05 06:56:19', NULL),
	(142, 1359182.82, 157, 30, '2020-10-05 06:56:19', '2020-10-05 06:56:19', NULL),
	(65, 460157.10, 61, 31, '2020-10-05 06:56:19', '2020-10-05 06:56:19', NULL),
	(84, 535545.36, 154, 31, '2020-10-05 06:56:19', '2020-10-05 06:56:19', NULL),
	(3, 9130.23, 156, 31, '2020-10-05 06:56:19', '2020-10-05 06:56:19', NULL),
	(22, 22001.32, 170, 31, '2020-10-05 06:56:19', '2020-10-05 06:56:19', NULL),
	(24, 186159.36, 204, 31, '2020-10-05 06:56:19', '2020-10-05 06:56:19', NULL),
	(137, 710121.69, 213, 31, '2020-10-05 06:56:19', '2020-10-05 06:56:19', NULL),
	(5, 11929.35, 300, 31, '2020-10-05 06:56:19', '2020-10-05 06:56:19', NULL),
	(26, 165543.30, 56, 32, '2020-10-05 06:56:19', '2020-10-05 06:56:19', NULL),
	(12, 1751.76, 70, 32, '2020-10-05 06:56:19', '2020-10-05 06:56:19', NULL),
	(2, 9043.14, 246, 32, '2020-10-05 06:56:19', '2020-10-05 06:56:19', NULL),
	(147, 1229562.39, 254, 32, '2020-10-05 06:56:19', '2020-10-05 06:56:19', NULL),
	(1, 5986.69, 26, 33, '2020-10-05 06:56:19', '2020-10-05 06:56:19', NULL),
	(75, 602606.25, 53, 33, '2020-10-05 06:56:19', '2020-10-05 06:56:19', NULL),
	(9, 63714.06, 61, 33, '2020-10-05 06:56:19', '2020-10-05 06:56:19', NULL),
	(84, 256677.12, 109, 33, '2020-10-05 06:56:19', '2020-10-05 06:56:19', NULL),
	(25, 237208.50, 141, 33, '2020-10-05 06:56:19', '2020-10-05 06:56:19', NULL),
	(154, 833786.80, 182, 33, '2020-10-05 06:56:19', '2020-10-05 06:56:19', NULL),
	(3, 12095.13, 261, 33, '2020-10-05 06:56:19', '2020-10-05 06:56:19', NULL),
	(2, 3851.30, 265, 33, '2020-10-05 06:56:19', '2020-10-05 06:56:19', NULL),
	(108, 788456.16, 62, 34, '2020-10-05 06:56:19', '2020-10-05 06:56:19', NULL),
	(10, 54509.20, 89, 34, '2020-10-05 06:56:19', '2020-10-05 06:56:19', NULL),
	(25, 118544.25, 114, 34, '2020-10-05 06:56:19', '2020-10-05 06:56:19', NULL),
	(163, 388896.81, 300, 34, '2020-10-05 06:56:19', '2020-10-05 06:56:19', NULL),
	(8, 75253.52, 16, 35, '2020-10-05 06:56:19', '2020-10-05 06:56:19', NULL),
	(13, 128506.04, 163, 35, '2020-10-05 06:56:19', '2020-10-05 06:56:19', NULL),
	(84, 81821.04, 33, 36, '2020-10-05 06:56:19', '2020-10-05 06:56:19', NULL),
	(33, 165326.04, 108, 36, '2020-10-05 06:56:19', '2020-10-05 06:56:19', NULL),
	(26, 32617.26, 73, 37, '2020-10-05 06:56:19', '2020-10-05 06:56:19', NULL),
	(1, 9886.74, 133, 37, '2020-10-05 06:56:19', '2020-10-05 06:56:19', NULL),
	(8, 39827.52, 5, 38, '2020-10-05 06:56:19', '2020-10-05 06:56:19', NULL),
	(45, 298990.80, 90, 38, '2020-10-05 06:56:19', '2020-10-05 06:56:19', NULL),
	(112, 652019.20, 106, 38, '2020-10-05 06:56:19', '2020-10-05 06:56:19', NULL),
	(79, 241398.72, 109, 38, '2020-10-05 06:56:19', '2020-10-05 06:56:19', NULL),
	(69, 62204.88, 155, 38, '2020-10-05 06:56:19', '2020-10-05 06:56:19', NULL),
	(34, 89640.66, 253, 38, '2020-10-05 06:56:19', '2020-10-05 06:56:19', NULL),
	(28, 46747.12, 14, 39, '2020-10-05 06:56:19', '2020-10-05 06:56:19', NULL),
	(55, 178684.55, 27, 39, '2020-10-05 06:56:19', '2020-10-05 06:56:19', NULL),
	(111, 810357.72, 62, 39, '2020-10-05 06:56:19', '2020-10-05 06:56:19', NULL),
	(102, 504825.54, 137, 39, '2020-10-05 06:56:19', '2020-10-05 06:56:19', NULL),
	(3, 9101.58, 148, 39, '2020-10-05 06:56:19', '2020-10-05 06:56:19', NULL),
	(23, 57903.42, 270, 39, '2020-10-05 06:56:19', '2020-10-05 06:56:19', NULL),
	(85, 285984.20, 44, 40, '2020-10-05 06:56:19', '2020-10-05 06:56:19', NULL),
	(30, 207646.20, 100, 40, '2020-10-05 06:56:19', '2020-10-05 06:56:19', NULL),
	(39, 248646.06, 154, 40, '2020-10-05 06:56:19', '2020-10-05 06:56:19', NULL),
	(4, 4891.64, 189, 40, '2020-10-05 06:56:19', '2020-10-05 06:56:19', NULL),
	(96, 739898.88, 190, 40, '2020-10-05 06:56:19', '2020-10-05 06:56:19', NULL),
	(6, 34573.98, 208, 40, '2020-10-05 06:56:19', '2020-10-05 06:56:19', NULL),
	(52, 25113.40, 211, 40, '2020-10-05 06:56:19', '2020-10-05 06:56:19', NULL),
	(98, 864980.34, 264, 40, '2020-10-05 06:56:19', '2020-10-05 06:56:19', NULL),
	(42, 206868.90, 142, 41, '2020-10-05 06:56:19', '2020-10-05 06:56:19', NULL),
	(5, 49289.50, 197, 41, '2020-10-05 06:56:19', '2020-10-05 06:56:19', NULL),
	(145, 921044.35, 200, 41, '2020-10-05 06:56:19', '2020-10-05 06:56:19', NULL),
	(101, 48777.95, 211, 41, '2020-10-05 06:56:19', '2020-10-05 06:56:19', NULL),
	(73, 132620.56, 227, 41, '2020-10-05 06:56:19', '2020-10-05 06:56:19', NULL),
	(72, 249757.20, 271, 41, '2020-10-05 06:56:19', '2020-10-05 06:56:19', NULL),
	(21, 76393.80, 291, 41, '2020-10-05 06:56:19', '2020-10-05 06:56:19', NULL),
	(10, 12458.60, 79, 42, '2020-10-05 06:56:19', '2020-10-05 06:56:19', NULL),
	(41, 136655.05, 102, 42, '2020-10-05 06:56:19', '2020-10-05 06:56:19', NULL),
	(22, 134920.06, 123, 42, '2020-10-05 06:56:19', '2020-10-05 06:56:19', NULL),
	(70, 691955.60, 163, 42, '2020-10-05 06:56:19', '2020-10-05 06:56:19', NULL),
	(11, 73132.84, 176, 42, '2020-10-05 06:56:19', '2020-10-05 06:56:19', NULL),
	(66, 31874.70, 211, 42, '2020-10-05 06:56:19', '2020-10-05 06:56:19', NULL),
	(31, 94189.47, 222, 42, '2020-10-05 06:56:19', '2020-10-05 06:56:19', NULL),
	(161, 493407.04, 250, 42, '2020-10-05 06:56:19', '2020-10-05 06:56:19', NULL),
	(30, 211963.80, 252, 42, '2020-10-05 06:56:19', '2020-10-05 06:56:19', NULL),
	(77, 175148.05, 46, 43, '2020-10-05 06:56:19', '2020-10-05 06:56:19', NULL),
	(174, 1380258.48, 101, 43, '2020-10-05 06:56:19', '2020-10-05 06:56:19', NULL),
	(10, 45119.30, 181, 43, '2020-10-05 06:56:19', '2020-10-05 06:56:19', NULL),
	(58, 105369.76, 227, 43, '2020-10-05 06:56:19', '2020-10-05 06:56:19', NULL),
	(48, 168508.80, 234, 43, '2020-10-05 06:56:19', '2020-10-05 06:56:19', NULL),
	(14, 136739.40, 255, 43, '2020-10-05 06:56:19', '2020-10-05 06:56:19', NULL),
	(5, 13308.35, 283, 43, '2020-10-05 06:56:19', '2020-10-05 06:56:19', NULL),
	(79, 653390.83, 289, 43, '2020-10-05 06:56:19', '2020-10-05 06:56:19', NULL),
	(69, 327182.13, 114, 44, '2020-10-05 06:56:19', '2020-10-05 06:56:19', NULL),
	(72, 10077.84, 165, 44, '2020-10-05 06:56:19', '2020-10-05 06:56:19', NULL),
	(57, 294416.40, 166, 44, '2020-10-05 06:56:19', '2020-10-05 06:56:19', NULL),
	(46, 117780.24, 188, 44, '2020-10-05 06:56:19', '2020-10-05 06:56:19', NULL),
	(162, 1550608.92, 273, 44, '2020-10-05 06:56:19', '2020-10-05 06:56:19', NULL),
	(128, 396357.12, 121, 45, '2020-10-05 06:56:19', '2020-10-05 06:56:19', NULL),
	(37, 296394.42, 158, 45, '2020-10-05 06:56:19', '2020-10-05 06:56:19', NULL),
	(84, 385009.80, 202, 45, '2020-10-05 06:56:19', '2020-10-05 06:56:19', NULL),
	(86, 654126.32, 42, 46, '2020-10-05 06:56:19', '2020-10-05 06:56:19', NULL),
	(11, 67873.19, 192, 46, '2020-10-05 06:56:19', '2020-10-05 06:56:19', NULL),
	(70, 599295.90, 12, 47, '2020-10-05 06:56:19', '2020-10-05 06:56:19', NULL),
	(72, 396914.40, 41, 47, '2020-10-05 06:56:19', '2020-10-05 06:56:19', NULL),
	(9, 69809.76, 204, 47, '2020-10-05 06:56:19', '2020-10-05 06:56:19', NULL),
	(92, 833179.60, 209, 47, '2020-10-05 06:56:19', '2020-10-05 06:56:19', NULL),
	(8, 48204.48, 96, 48, '2020-10-05 06:56:19', '2020-10-05 06:56:19', NULL),
	(4, 39253.32, 186, 48, '2020-10-05 06:56:19', '2020-10-05 06:56:19', NULL),
	(4, 10083.64, 210, 48, '2020-10-05 06:56:19', '2020-10-05 06:56:19', NULL),
	(4, 10070.16, 270, 48, '2020-10-05 06:56:19', '2020-10-05 06:56:19', NULL),
	(135, 322092.45, 300, 48, '2020-10-05 06:56:19', '2020-10-05 06:56:19', NULL),
	(14, 99110.76, 61, 49, '2020-10-05 06:56:19', '2020-10-05 06:56:19', NULL),
	(4, 583.92, 70, 49, '2020-10-05 06:56:19', '2020-10-05 06:56:19', NULL),
	(7, 21607.67, 99, 49, '2020-10-05 06:56:19', '2020-10-05 06:56:19', NULL),
	(30, 114755.10, 116, 49, '2020-10-05 06:56:19', '2020-10-05 06:56:19', NULL),
	(36, 100699.56, 173, 49, '2020-10-05 06:56:19', '2020-10-05 06:56:19', NULL),
	(79, 20047.83, 212, 49, '2020-10-05 06:56:19', '2020-10-05 06:56:19', NULL),
	(58, 50618.92, 240, 49, '2020-10-05 06:56:19', '2020-10-05 06:56:19', NULL),
	(21, 28791.42, 287, 49, '2020-10-05 06:56:19', '2020-10-05 06:56:19', NULL),
	(147, 504443.73, 36, 50, '2020-10-05 06:56:19', '2020-10-05 06:56:19', NULL),
	(5, 29909.40, 97, 50, '2020-10-05 06:56:19', '2020-10-05 06:56:19', NULL),
	(32, 86868.80, 160, 50, '2020-10-05 06:56:19', '2020-10-05 06:56:19', NULL),
	(70, 678309.10, 178, 50, '2020-10-05 06:56:19', '2020-10-05 06:56:19', NULL),
	(7, 40336.31, 208, 50, '2020-10-05 06:56:19', '2020-10-05 06:56:19', NULL),
	(23, 221048.63, 4, 51, '2020-10-05 06:56:19', '2020-10-05 06:56:19', NULL),
	(3, 3316.44, 78, 51, '2020-10-05 06:56:19', '2020-10-05 06:56:19', NULL),
	(35, 140090.30, 152, 51, '2020-10-05 06:56:19', '2020-10-05 06:56:19', NULL),
	(40, 320426.40, 158, 51, '2020-10-05 06:56:19', '2020-10-05 06:56:19', NULL),
	(12, 30250.92, 210, 51, '2020-10-05 06:56:19', '2020-10-05 06:56:19', NULL),
	(140, 400013.60, 238, 51, '2020-10-05 06:56:19', '2020-10-05 06:56:19', NULL),
	(1, 8567.80, 241, 51, '2020-10-05 06:56:19', '2020-10-05 06:56:19', NULL),
	(55, 68522.30, 79, 52, '2020-10-05 06:56:19', '2020-10-05 06:56:19', NULL),
	(39, 385582.86, 133, 52, '2020-10-05 06:56:19', '2020-10-05 06:56:19', NULL),
	(67, 640535.41, 268, 52, '2020-10-05 06:56:19', '2020-10-05 06:56:19', NULL),
	(68, 608922.32, 66, 53, '2020-10-05 06:56:19', '2020-10-05 06:56:19', NULL),
	(30, 37635.30, 73, 53, '2020-10-05 06:56:19', '2020-10-05 06:56:19', NULL),
	(42, 78036.84, 83, 53, '2020-10-05 06:56:19', '2020-10-05 06:56:19', NULL),
	(84, 441369.60, 88, 53, '2020-10-05 06:56:19', '2020-10-05 06:56:19', NULL),
	(32, 25066.56, 95, 53, '2020-10-05 06:56:19', '2020-10-05 06:56:19', NULL),
	(6, 37546.98, 128, 53, '2020-10-05 06:56:19', '2020-10-05 06:56:19', NULL),
	(17, 77591.23, 143, 53, '2020-10-05 06:56:19', '2020-10-05 06:56:19', NULL),
	(47, 42371.44, 155, 53, '2020-10-05 06:56:19', '2020-10-05 06:56:19', NULL),
	(110, 281648.40, 188, 53, '2020-10-05 06:56:19', '2020-10-05 06:56:19', NULL),
	(73, 312196.18, 256, 53, '2020-10-05 06:56:19', '2020-10-05 06:56:19', NULL),
	(21, 104547.24, 5, 54, '2020-10-05 06:56:19', '2020-10-05 06:56:19', NULL),
	(34, 132651.68, 98, 54, '2020-10-05 06:56:19', '2020-10-05 06:56:19', NULL),
	(152, 1100215.52, 103, 54, '2020-10-05 06:56:19', '2020-10-05 06:56:19', NULL),
	(64, 303473.28, 114, 54, '2020-10-05 06:56:19', '2020-10-05 06:56:19', NULL),
	(39, 206867.70, 206, 54, '2020-10-05 06:56:19', '2020-10-05 06:56:19', NULL),
	(110, 832734.10, 266, 54, '2020-10-05 06:56:19', '2020-10-05 06:56:19', NULL),
	(63, 521058.51, 289, 54, '2020-10-05 06:56:19', '2020-10-05 06:56:19', NULL),
	(48, 33920.64, 296, 54, '2020-10-05 06:56:19', '2020-10-05 06:56:19', NULL),
	(64, 318620.16, 5, 55, '2020-10-05 06:56:19', '2020-10-05 06:56:19', NULL),
	(59, 191679.79, 27, 55, '2020-10-05 06:56:19', '2020-10-05 06:56:19', NULL),
	(75, 388382.25, 55, 55, '2020-10-05 06:56:19', '2020-10-05 06:56:19', NULL),
	(130, 1219110.10, 87, 55, '2020-10-05 06:56:19', '2020-10-05 06:56:19', NULL),
	(45, 298990.80, 90, 55, '2020-10-05 06:56:19', '2020-10-05 06:56:19', NULL),
	(1, 2694.94, 92, 55, '2020-10-05 06:56:19', '2020-10-05 06:56:19', NULL),
	(79, 118368.07, 94, 55, '2020-10-05 06:56:19', '2020-10-05 06:56:19', NULL),
	(2, 9524.42, 242, 55, '2020-10-05 06:56:19', '2020-10-05 06:56:19', NULL),
	(44, 420650.12, 268, 55, '2020-10-05 06:56:19', '2020-10-05 06:56:19', NULL),
	(33, 311799.18, 275, 55, '2020-10-05 06:56:19', '2020-10-05 06:56:19', NULL),
	(17, 159913.73, 16, 56, '2020-10-05 06:56:19', '2020-10-05 06:56:19', NULL),
	(120, 389857.20, 27, 56, '2020-10-05 06:56:19', '2020-10-05 06:56:19', NULL),
	(79, 245670.25, 31, 56, '2020-10-05 06:56:19', '2020-10-05 06:56:19', NULL),
	(16, 51889.44, 54, 56, '2020-10-05 06:56:19', '2020-10-05 06:56:19', NULL),
	(67, 10446.64, 82, 56, '2020-10-05 06:56:19', '2020-10-05 06:56:19', NULL),
	(1, 2694.94, 92, 56, '2020-10-05 06:56:19', '2020-10-05 06:56:19', NULL),
	(175, 297237.50, 146, 56, '2020-10-05 06:56:19', '2020-10-05 06:56:19', NULL),
	(1, 2857.24, 238, 56, '2020-10-05 06:56:19', '2020-10-05 06:56:19', NULL),
	(9, 20859.57, 298, 56, '2020-10-05 06:56:19', '2020-10-05 06:56:19', NULL),
	(74, 4961.70, 19, 57, '2020-10-05 06:56:19', '2020-10-05 06:56:19', NULL),
	(86, 857959.22, 32, 57, '2020-10-05 06:56:19', '2020-10-05 06:56:19', NULL),
	(109, 875787.75, 53, 57, '2020-10-05 06:56:19', '2020-10-05 06:56:19', NULL),
	(111, 810357.72, 62, 57, '2020-10-05 06:56:19', '2020-10-05 06:56:19', NULL),
	(35, 43907.85, 73, 57, '2020-10-05 06:56:19', '2020-10-05 06:56:19', NULL),
	(38, 165930.04, 147, 57, '2020-10-05 06:56:19', '2020-10-05 06:56:19', NULL),
	(31, 202974.67, 153, 57, '2020-10-05 06:56:19', '2020-10-05 06:56:19', NULL),
	(79, 68946.46, 240, 57, '2020-10-05 06:56:19', '2020-10-05 06:56:19', NULL),
	(33, 29320.17, 63, 58, '2020-10-05 06:56:19', '2020-10-05 06:56:19', NULL),
	(14, 93019.36, 90, 58, '2020-10-05 06:56:19', '2020-10-05 06:56:19', NULL),
	(2, 1116.34, 118, 58, '2020-10-05 06:56:19', '2020-10-05 06:56:19', NULL),
	(2, 4664.20, 126, 58, '2020-10-05 06:56:19', '2020-10-05 06:56:19', NULL),
	(3, 18773.49, 128, 58, '2020-10-05 06:56:19', '2020-10-05 06:56:19', NULL),
	(47, 406203.14, 179, 58, '2020-10-05 06:56:19', '2020-10-05 06:56:19', NULL),
	(44, 435380.44, 187, 58, '2020-10-05 06:56:19', '2020-10-05 06:56:19', NULL),
	(30, 165280.80, 194, 58, '2020-10-05 06:56:19', '2020-10-05 06:56:19', NULL),
	(10, 15662.80, 218, 58, '2020-10-05 06:56:19', '2020-10-05 06:56:19', NULL),
	(4, 35747.84, 232, 58, '2020-10-05 06:56:19', '2020-10-05 06:56:19', NULL),
	(30, 204765.90, 29, 59, '2020-10-05 06:56:19', '2020-10-05 06:56:19', NULL),
	(9, 4288.23, 64, 59, '2020-10-05 06:56:19', '2020-10-05 06:56:19', NULL),
	(76, 399334.40, 88, 59, '2020-10-05 06:56:19', '2020-10-05 06:56:19', NULL),
	(88, 512300.80, 106, 59, '2020-10-05 06:56:19', '2020-10-05 06:56:19', NULL),
	(13, 107881.54, 138, 59, '2020-10-05 06:56:19', '2020-10-05 06:56:19', NULL),
	(8, 34914.96, 184, 59, '2020-10-05 06:56:19', '2020-10-05 06:56:19', NULL),
	(8, 62053.12, 204, 59, '2020-10-05 06:56:19', '2020-10-05 06:56:19', NULL),
	(99, 713479.14, 229, 59, '2020-10-05 06:56:19', '2020-10-05 06:56:19', NULL),
	(98, 839644.40, 241, 59, '2020-10-05 06:56:19', '2020-10-05 06:56:19', NULL),
	(3, 17972.49, 269, 59, '2020-10-05 06:56:19', '2020-10-05 06:56:19', NULL),
	(85, 198781.85, 39, 60, '2020-10-05 06:56:19', '2020-10-05 06:56:19', NULL),
	(73, 245609.96, 44, 60, '2020-10-05 06:56:19', '2020-10-05 06:56:19', NULL),
	(73, 636362.90, 85, 60, '2020-10-05 06:56:19', '2020-10-05 06:56:19', NULL),
	(64, 89909.76, 122, 60, '2020-10-05 06:56:19', '2020-10-05 06:56:19', NULL),
	(31, 303016.01, 24, 61, '2020-10-05 06:56:19', '2020-10-05 06:56:19', NULL),
	(11, 60796.56, 38, 61, '2020-10-05 06:56:19', '2020-10-05 06:56:19', NULL),
	(31, 24283.23, 95, 61, '2020-10-05 06:56:19', '2020-10-05 06:56:19', NULL),
	(7, 43804.81, 128, 61, '2020-10-05 06:56:19', '2020-10-05 06:56:19', NULL),
	(75, 616751.25, 131, 61, '2020-10-05 06:56:19', '2020-10-05 06:56:19', NULL),
	(78, 280569.12, 135, 61, '2020-10-05 06:56:19', '2020-10-05 06:56:19', NULL),
	(101, 387509.73, 203, 61, '2020-10-05 06:56:19', '2020-10-05 06:56:19', NULL),
	(19, 95543.97, 219, 61, '2020-10-05 06:56:19', '2020-10-05 06:56:19', NULL),
	(20, 167287.40, 254, 61, '2020-10-05 06:56:19', '2020-10-05 06:56:19', NULL),
	(121, 626590.03, 55, 62, '2020-10-05 06:56:19', '2020-10-05 06:56:19', NULL),
	(25, 27637.00, 78, 62, '2020-10-05 06:56:19', '2020-10-05 06:56:19', NULL),
	(9, 74600.91, 132, 62, '2020-10-05 06:56:19', '2020-10-05 06:56:19', NULL),
	(20, 103304.00, 166, 62, '2020-10-05 06:56:19', '2020-10-05 06:56:19', NULL),
	(81, 142343.73, 220, 62, '2020-10-05 06:56:19', '2020-10-05 06:56:19', NULL),
	(46, 421850.36, 3, 63, '2020-10-05 06:56:19', '2020-10-05 06:56:19', NULL),
	(61, 209326.99, 36, 63, '2020-10-05 06:56:19', '2020-10-05 06:56:19', NULL),
	(12, 66323.52, 38, 63, '2020-10-05 06:56:19', '2020-10-05 06:56:19', NULL),
	(10, 66442.40, 90, 63, '2020-10-05 06:56:19', '2020-10-05 06:56:19', NULL),
	(42, 415243.08, 133, 63, '2020-10-05 06:56:19', '2020-10-05 06:56:19', NULL),
	(61, 150071.59, 140, 63, '2020-10-05 06:56:19', '2020-10-05 06:56:19', NULL),
	(4, 12262.72, 145, 63, '2020-10-05 06:56:19', '2020-10-05 06:56:19', NULL),
	(142, 1094433.76, 190, 63, '2020-10-05 06:56:19', '2020-10-05 06:56:19', NULL),
	(1, 6735.83, 237, 63, '2020-10-05 06:56:19', '2020-10-05 06:56:19', NULL),
	(3, 24104.25, 53, 64, '2020-10-05 06:56:19', '2020-10-05 06:56:19', NULL),
	(37, 338074.18, 134, 64, '2020-10-05 06:56:19', '2020-10-05 06:56:19', NULL),
	(52, 115467.04, 159, 64, '2020-10-05 06:56:19', '2020-10-05 06:56:19', NULL),
	(151, 642868.91, 161, 64, '2020-10-05 06:56:19', '2020-10-05 06:56:19', NULL),
	(31, 160121.20, 166, 64, '2020-10-05 06:56:19', '2020-10-05 06:56:19', NULL),
	(64, 112469.12, 220, 64, '2020-10-05 06:56:19', '2020-10-05 06:56:19', NULL),
	(58, 210992.40, 291, 64, '2020-10-05 06:56:19', '2020-10-05 06:56:19', NULL),
	(16, 36394.40, 46, 65, '2020-10-05 06:56:19', '2020-10-05 06:56:19', NULL),
	(81, 629628.39, 47, 65, '2020-10-05 06:56:19', '2020-10-05 06:56:19', NULL),
	(70, 144575.90, 125, 65, '2020-10-05 06:56:19', '2020-10-05 06:56:19', NULL),
	(49, 253094.80, 166, 65, '2020-10-05 06:56:19', '2020-10-05 06:56:19', NULL),
	(154, 1047266.22, 185, 65, '2020-10-05 06:56:19', '2020-10-05 06:56:19', NULL),
	(10, 51197.80, 236, 65, '2020-10-05 06:56:19', '2020-10-05 06:56:19', NULL),
	(117, 508536.99, 249, 65, '2020-10-05 06:56:19', '2020-10-05 06:56:19', NULL),
	(34, 104197.76, 250, 65, '2020-10-05 06:56:19', '2020-10-05 06:56:19', NULL),
	(26, 145252.90, 15, 66, '2020-10-05 06:56:19', '2020-10-05 06:56:19', NULL),
	(8, 57008.72, 112, 66, '2020-10-05 06:56:19', '2020-10-05 06:56:19', NULL),
	(126, 197501.22, 119, 66, '2020-10-05 06:56:19', '2020-10-05 06:56:19', NULL),
	(119, 119007.14, 170, 66, '2020-10-05 06:56:19', '2020-10-05 06:56:19', NULL),
	(105, 293707.05, 173, 66, '2020-10-05 06:56:19', '2020-10-05 06:56:19', NULL),
	(18, 4567.86, 212, 66, '2020-10-05 06:56:19', '2020-10-05 06:56:19', NULL),
	(14, 45403.26, 54, 67, '2020-10-05 06:56:19', '2020-10-05 06:56:19', NULL),
	(141, 436612.14, 121, 67, '2020-10-05 06:56:19', '2020-10-05 06:56:19', NULL),
	(1, 8448.74, 129, 67, '2020-10-05 06:56:19', '2020-10-05 06:56:19', NULL),
	(7, 63791.42, 277, 67, '2020-10-05 06:56:19', '2020-10-05 06:56:19', NULL),
	(3, 28220.07, 16, 68, '2020-10-05 06:56:19', '2020-10-05 06:56:19', NULL),
	(149, 816999.78, 139, 68, '2020-10-05 06:56:19', '2020-10-05 06:56:19', NULL),
	(58, 28011.10, 211, 68, '2020-10-05 06:56:19', '2020-10-05 06:56:19', NULL),
	(102, 528703.74, 213, 68, '2020-10-05 06:56:19', '2020-10-05 06:56:19', NULL),
	(67, 435180.41, 279, 68, '2020-10-05 06:56:19', '2020-10-05 06:56:19', NULL),
	(108, 268232.04, 286, 68, '2020-10-05 06:56:19', '2020-10-05 06:56:19', NULL),
	(55, 492178.50, 6, 69, '2020-10-05 06:56:19', '2020-10-05 06:56:19', NULL),
	(123, 1053048.51, 12, 69, '2020-10-05 06:56:19', '2020-10-05 06:56:19', NULL),
	(41, 194412.57, 114, 69, '2020-10-05 06:56:19', '2020-10-05 06:56:19', NULL),
	(54, 216139.32, 152, 69, '2020-10-05 06:56:19', '2020-10-05 06:56:19', NULL),
	(15, 41958.15, 173, 69, '2020-10-05 06:56:19', '2020-10-05 06:56:19', NULL),
	(7, 27856.08, 244, 69, '2020-10-05 06:56:19', '2020-10-05 06:56:19', NULL),
	(20, 80634.20, 261, 69, '2020-10-05 06:56:19', '2020-10-05 06:56:19', NULL),
	(74, 480647.02, 279, 69, '2020-10-05 06:56:19', '2020-10-05 06:56:19', NULL),
	(11, 21238.14, 285, 69, '2020-10-05 06:56:19', '2020-10-05 06:56:19', NULL),
	(39, 53469.78, 287, 69, '2020-10-05 06:56:19', '2020-10-05 06:56:19', NULL),
	(35, 149009.35, 161, 70, '2020-10-05 06:56:19', '2020-10-05 06:56:19', NULL),
	(25, 133619.25, 175, 70, '2020-10-05 06:56:19', '2020-10-05 06:56:19', NULL),
	(3, 9193.92, 250, 70, '2020-10-05 06:56:19', '2020-10-05 06:56:19', NULL),
	(113, 362117.54, 11, 71, '2020-10-05 06:56:19', '2020-10-05 06:56:19', NULL),
	(147, 1281443.10, 85, 71, '2020-10-05 06:56:19', '2020-10-05 06:56:19', NULL),
	(67, 204730.56, 109, 71, '2020-10-05 06:56:19', '2020-10-05 06:56:19', NULL),
	(39, 185225.04, 193, 71, '2020-10-05 06:56:19', '2020-10-05 06:56:19', NULL),
	(9, 15815.97, 220, 71, '2020-10-05 06:56:19', '2020-10-05 06:56:19', NULL),
	(22, 121593.12, 38, 72, '2020-10-05 06:56:19', '2020-10-05 06:56:19', NULL),
	(7, 38156.44, 89, 72, '2020-10-05 06:56:19', '2020-10-05 06:56:19', NULL),
	(66, 112101.00, 146, 72, '2020-10-05 06:56:19', '2020-10-05 06:56:19', NULL),
	(22, 89651.76, 174, 72, '2020-10-05 06:56:19', '2020-10-05 06:56:19', NULL),
	(12, 76224.36, 200, 72, '2020-10-05 06:56:19', '2020-10-05 06:56:19', NULL),
	(14, 42537.18, 222, 72, '2020-10-05 06:56:19', '2020-10-05 06:56:19', NULL),
	(126, 930754.44, 225, 72, '2020-10-05 06:56:19', '2020-10-05 06:56:19', NULL),
	(76, 245958.80, 21, 73, '2020-10-05 06:56:19', '2020-10-05 06:56:19', NULL),
	(50, 361913.00, 103, 73, '2020-10-05 06:56:19', '2020-10-05 06:56:19', NULL),
	(31, 22427.26, 111, 73, '2020-10-05 06:56:19', '2020-10-05 06:56:19', NULL),
	(8, 35347.28, 127, 73, '2020-10-05 06:56:19', '2020-10-05 06:56:19', NULL),
	(3, 18773.49, 128, 73, '2020-10-05 06:56:19', '2020-10-05 06:56:19', NULL),
	(15, 7398.15, 230, 73, '2020-10-05 06:56:19', '2020-10-05 06:56:19', NULL),
	(27, 265247.46, 233, 73, '2020-10-05 06:56:19', '2020-10-05 06:56:19', NULL),
	(148, 1237926.76, 254, 73, '2020-10-05 06:56:19', '2020-10-05 06:56:19', NULL),
	(102, 371055.60, 291, 73, '2020-10-05 06:56:19', '2020-10-05 06:56:19', NULL),
	(4, 19416.72, 292, 73, '2020-10-05 06:56:19', '2020-10-05 06:56:19', NULL),
	(39, 366860.91, 16, 74, '2020-10-05 06:56:19', '2020-10-05 06:56:19', NULL),
	(37, 126968.83, 36, 74, '2020-10-05 06:56:19', '2020-10-05 06:56:19', NULL),
	(35, 122871.00, 234, 74, '2020-10-05 06:56:19', '2020-10-05 06:56:19', NULL),
	(6, 55023.96, 3, 75, '2020-10-05 06:56:19', '2020-10-05 06:56:19', NULL),
	(63, 9196.74, 70, 75, '2020-10-05 06:56:19', '2020-10-05 06:56:19', NULL),
	(58, 428442.52, 225, 75, '2020-10-05 06:56:19', '2020-10-05 06:56:19', NULL),
	(22, 173866.22, 59, 76, '2020-10-05 06:56:19', '2020-10-05 06:56:19', NULL),
	(137, 678049.99, 137, 76, '2020-10-05 06:56:19', '2020-10-05 06:56:19', NULL),
	(17, 18135.09, 221, 76, '2020-10-05 06:56:19', '2020-10-05 06:56:19', NULL),
	(166, 1129966.98, 251, 76, '2020-10-05 06:56:19', '2020-10-05 06:56:19', NULL),
	(13, 98414.03, 266, 76, '2020-10-05 06:56:19', '2020-10-05 06:56:19', NULL),
	(67, 109940.97, 20, 77, '2020-10-05 06:56:19', '2020-10-05 06:56:19', NULL),
	(60, 564628.20, 57, 77, '2020-10-05 06:56:19', '2020-10-05 06:56:19', NULL),
	(11, 13799.61, 73, 77, '2020-10-05 06:56:19', '2020-10-05 06:56:19', NULL),
	(13, 76236.94, 75, 77, '2020-10-05 06:56:19', '2020-10-05 06:56:19', NULL),
	(31, 283251.34, 134, 77, '2020-10-05 06:56:19', '2020-10-05 06:56:19', NULL),
	(99, 873387.90, 201, 77, '2020-10-05 06:56:19', '2020-10-05 06:56:19', NULL),
	(40, 207334.80, 213, 77, '2020-10-05 06:56:19', '2020-10-05 06:56:19', NULL),
	(75, 511914.75, 29, 78, '2020-10-05 06:56:19', '2020-10-05 06:56:19', NULL),
	(24, 41705.28, 136, 78, '2020-10-05 06:56:19', '2020-10-05 06:56:19', NULL),
	(8, 56254.64, 77, 79, '2020-10-05 06:56:19', '2020-10-05 06:56:19', NULL),
	(34, 22262.52, 191, 79, '2020-10-05 06:56:19', '2020-10-05 06:56:19', NULL),
	(14, 125117.44, 232, 79, '2020-10-05 06:56:19', '2020-10-05 06:56:19', NULL),
	(42, 14940.24, 40, 80, '2020-10-05 06:56:19', '2020-10-05 06:56:19', NULL),
	(112, 301733.60, 48, 80, '2020-10-05 06:56:19', '2020-10-05 06:56:19', NULL),
	(62, 612977.88, 133, 80, '2020-10-05 06:56:19', '2020-10-05 06:56:19', NULL),
	(26, 237565.64, 134, 80, '2020-10-05 06:56:19', '2020-10-05 06:56:19', NULL),
	(49, 265295.80, 182, 80, '2020-10-05 06:56:19', '2020-10-05 06:56:19', NULL),
	(71, 642997.30, 209, 80, '2020-10-05 06:56:19', '2020-10-05 06:56:19', NULL),
	(123, 908593.62, 225, 80, '2020-10-05 06:56:19', '2020-10-05 06:56:19', NULL),
	(3, 14089.14, 239, 80, '2020-10-05 06:56:19', '2020-10-05 06:56:19', NULL),
	(55, 411687.10, 245, 80, '2020-10-05 06:56:19', '2020-10-05 06:56:19', NULL),
	(16, 32789.44, 8, 81, '2020-10-05 06:56:19', '2020-10-05 06:56:19', NULL),
	(28, 140276.64, 108, 81, '2020-10-05 06:56:19', '2020-10-05 06:56:19', NULL),
	(160, 250795.20, 119, 81, '2020-10-05 06:56:19', '2020-10-05 06:56:19', NULL),
	(1, 8448.74, 129, 81, '2020-10-05 06:56:19', '2020-10-05 06:56:19', NULL),
	(20, 165971.60, 138, 81, '2020-10-05 06:56:19', '2020-10-05 06:56:19', NULL),
	(32, 157614.40, 142, 81, '2020-10-05 06:56:19', '2020-10-05 06:56:19', NULL),
	(1, 8466.06, 149, 81, '2020-10-05 06:56:19', '2020-10-05 06:56:19', NULL),
	(6, 22974.12, 247, 81, '2020-10-05 06:56:19', '2020-10-05 06:56:19', NULL),
	(24, 60420.96, 270, 81, '2020-10-05 06:56:19', '2020-10-05 06:56:19', NULL),
	(83, 201352.19, 299, 81, '2020-10-05 06:56:19', '2020-10-05 06:56:19', NULL),
	(61, 45172.94, 13, 82, '2020-10-05 06:56:19', '2020-10-05 06:56:19', NULL),
	(11, 16621.55, 30, 82, '2020-10-05 06:56:19', '2020-10-05 06:56:19', NULL),
	(178, 84811.66, 64, 82, '2020-10-05 06:56:19', '2020-10-05 06:56:19', NULL),
	(114, 341109.66, 76, 82, '2020-10-05 06:56:19', '2020-10-05 06:56:19', NULL),
	(28, 52024.56, 83, 82, '2020-10-05 06:56:19', '2020-10-05 06:56:19', NULL),
	(96, 459789.12, 113, 82, '2020-10-05 06:56:19', '2020-10-05 06:56:19', NULL),
	(1, 8448.74, 129, 82, '2020-10-05 06:56:19', '2020-10-05 06:56:19', NULL),
	(27, 24341.04, 155, 82, '2020-10-05 06:56:19', '2020-10-05 06:56:19', NULL),
	(1, 3278.87, 258, 82, '2020-10-05 06:56:19', '2020-10-05 06:56:19', NULL),
	(20, 95789.40, 113, 83, '2020-10-05 06:56:19', '2020-10-05 06:56:19', NULL),
	(144, 552489.12, 203, 83, '2020-10-05 06:56:19', '2020-10-05 06:56:19', NULL),
	(15, 16001.55, 221, 83, '2020-10-05 06:56:19', '2020-10-05 06:56:19', NULL),
	(101, 393505.09, 281, 83, '2020-10-05 06:56:19', '2020-10-05 06:56:19', NULL),
	(25, 48268.50, 285, 83, '2020-10-05 06:56:19', '2020-10-05 06:56:19', NULL),
	(17, 28382.18, 14, 84, '2020-10-05 06:56:19', '2020-10-05 06:56:19', NULL),
	(26, 208903.50, 53, 84, '2020-10-05 06:56:19', '2020-10-05 06:56:19', NULL),
	(132, 1085482.20, 131, 84, '2020-10-05 06:56:19', '2020-10-05 06:56:19', NULL),
	(15, 148301.10, 133, 84, '2020-10-05 06:56:19', '2020-10-05 06:56:19', NULL),
	(6, 34573.98, 208, 84, '2020-10-05 06:56:19', '2020-10-05 06:56:19', NULL),
	(4, 15251.72, 9, 85, '2020-10-05 06:56:19', '2020-10-05 06:56:19', NULL),
	(112, 183781.92, 20, 85, '2020-10-05 06:56:19', '2020-10-05 06:56:19', NULL),
	(133, 372028.93, 173, 85, '2020-10-05 06:56:19', '2020-10-05 06:56:19', NULL),
	(36, 86340.60, 183, 85, '2020-10-05 06:56:19', '2020-10-05 06:56:19', NULL),
	(30, 142480.80, 193, 85, '2020-10-05 06:56:19', '2020-10-05 06:56:19', NULL),
	(57, 170554.83, 76, 86, '2020-10-05 06:56:19', '2020-10-05 06:56:19', NULL),
	(16, 106307.84, 90, 86, '2020-10-05 06:56:19', '2020-10-05 06:56:19', NULL),
	(150, 1085739.00, 103, 86, '2020-10-05 06:56:19', '2020-10-05 06:56:19', NULL),
	(4, 12262.72, 145, 86, '2020-10-05 06:56:19', '2020-10-05 06:56:19', NULL),
	(119, 125658.05, 180, 86, '2020-10-05 06:56:19', '2020-10-05 06:56:19', NULL),
	(13, 100836.32, 204, 86, '2020-10-05 06:56:19', '2020-10-05 06:56:19', NULL),
	(142, 352675.46, 286, 86, '2020-10-05 06:56:19', '2020-10-05 06:56:19', NULL),
	(27, 9604.44, 40, 87, '2020-10-05 06:56:19', '2020-10-05 06:56:19', NULL),
	(26, 104067.08, 152, 87, '2020-10-05 06:56:19', '2020-10-05 06:56:19', NULL),
	(21, 2939.37, 165, 87, '2020-10-05 06:56:19', '2020-10-05 06:56:19', NULL),
	(13, 125971.69, 178, 87, '2020-10-05 06:56:19', '2020-10-05 06:56:19', NULL),
	(151, 1203279.74, 214, 87, '2020-10-05 06:56:19', '2020-10-05 06:56:19', NULL),
	(13, 126972.30, 255, 87, '2020-10-05 06:56:19', '2020-10-05 06:56:19', NULL),
	(31, 290638.64, 276, 87, '2020-10-05 06:56:19', '2020-10-05 06:56:19', NULL),
	(35, 329234.15, 16, 88, '2020-10-05 06:56:19', '2020-10-05 06:56:19', NULL),
	(80, 258904.00, 21, 88, '2020-10-05 06:56:19', '2020-10-05 06:56:19', NULL),
	(12, 117296.52, 24, 88, '2020-10-05 06:56:19', '2020-10-05 06:56:19', NULL),
	(31, 11027.32, 40, 88, '2020-10-05 06:56:19', '2020-10-05 06:56:19', NULL),
	(68, 667250.00, 91, 88, '2020-10-05 06:56:19', '2020-10-05 06:56:19', NULL),
	(14, 24328.08, 136, 88, '2020-10-05 06:56:19', '2020-10-05 06:56:19', NULL),
	(17, 74194.29, 184, 88, '2020-10-05 06:56:19', '2020-10-05 06:56:19', NULL),
	(9, 69365.52, 190, 88, '2020-10-05 06:56:19', '2020-10-05 06:56:19', NULL),
	(75, 527387.25, 77, 89, '2020-10-05 06:56:19', '2020-10-05 06:56:19', NULL),
	(64, 372582.40, 106, 89, '2020-10-05 06:56:19', '2020-10-05 06:56:19', NULL),
	(59, 180285.12, 109, 89, '2020-10-05 06:56:19', '2020-10-05 06:56:19', NULL),
	(142, 344482.06, 299, 89, '2020-10-05 06:56:19', '2020-10-05 06:56:19', NULL),
	(38, 259370.14, 29, 90, '2020-10-05 06:56:19', '2020-10-05 06:56:19', NULL),
	(41, 377374.25, 93, 90, '2020-10-05 06:56:19', '2020-10-05 06:56:19', NULL),
	(52, 187046.08, 135, 90, '2020-10-05 06:56:19', '2020-10-05 06:56:19', NULL),
	(1, 9690.13, 178, 90, '2020-10-05 06:56:19', '2020-10-05 06:56:19', NULL),
	(1, 2317.73, 298, 90, '2020-10-05 06:56:19', '2020-10-05 06:56:19', NULL),
	(11, 43773.84, 244, 91, '2020-10-05 06:56:19', '2020-10-05 06:56:19', NULL),
	(124, 844071.72, 251, 91, '2020-10-05 06:56:19', '2020-10-05 06:56:19', NULL),
	(91, 853165.04, 276, 91, '2020-10-05 06:56:19', '2020-10-05 06:56:19', NULL),
	(3, 27236.55, 297, 91, '2020-10-05 06:56:19', '2020-10-05 06:56:19', NULL),
	(2, 6472.60, 21, 92, '2020-10-05 06:56:19', '2020-10-05 06:56:19', NULL),
	(103, 800986.71, 52, 92, '2020-10-05 06:56:19', '2020-10-05 06:56:19', NULL),
	(13, 14371.24, 78, 92, '2020-10-05 06:56:19', '2020-10-05 06:56:19', NULL),
	(8, 24270.88, 148, 92, '2020-10-05 06:56:19', '2020-10-05 06:56:19', NULL),
	(11, 24425.72, 159, 92, '2020-10-05 06:56:19', '2020-10-05 06:56:19', NULL),
	(15, 128021.25, 294, 92, '2020-10-05 06:56:19', '2020-10-05 06:56:19', NULL),
	(44, 72200.04, 20, 93, '2020-10-05 06:56:19', '2020-10-05 06:56:19', NULL),
	(18, 104788.80, 106, 93, '2020-10-05 06:56:19', '2020-10-05 06:56:19', NULL),
	(41, 194412.57, 114, 93, '2020-10-05 06:56:19', '2020-10-05 06:56:19', NULL),
	(2, 9524.42, 242, 93, '2020-10-05 06:56:19', '2020-10-05 06:56:19', NULL),
	(30, 155352.90, 55, 94, '2020-10-05 06:56:19', '2020-10-05 06:56:19', NULL),
	(74, 540238.48, 62, 94, '2020-10-05 06:56:19', '2020-10-05 06:56:19', NULL),
	(29, 209909.54, 103, 94, '2020-10-05 06:56:19', '2020-10-05 06:56:19', NULL),
	(2, 11643.20, 106, 94, '2020-10-05 06:56:19', '2020-10-05 06:56:19', NULL),
	(45, 139344.30, 121, 94, '2020-10-05 06:56:19', '2020-10-05 06:56:19', NULL),
	(60, 139926.00, 126, 94, '2020-10-05 06:56:19', '2020-10-05 06:56:19', NULL),
	(2, 19626.66, 186, 94, '2020-10-05 06:56:19', '2020-10-05 06:56:19', NULL),
	(76, 625711.04, 263, 94, '2020-10-05 06:56:19', '2020-10-05 06:56:19', NULL),
	(24, 220154.16, 22, 95, '2020-10-05 06:56:19', '2020-10-05 06:56:19', NULL),
	(71, 570467.25, 53, 95, '2020-10-05 06:56:19', '2020-10-05 06:56:19', NULL),
	(95, 142341.35, 94, 95, '2020-10-05 06:56:19', '2020-10-05 06:56:19', NULL),
	(12, 9399.96, 95, 95, '2020-10-05 06:56:19', '2020-10-05 06:56:19', NULL),
	(11, 58347.30, 206, 95, '2020-10-05 06:56:19', '2020-10-05 06:56:19', NULL),
	(22, 103462.92, 223, 95, '2020-10-05 06:56:19', '2020-10-05 06:56:19', NULL),
	(2, 6557.74, 258, 95, '2020-10-05 06:56:19', '2020-10-05 06:56:19', NULL),
	(74, 163266.20, 34, 96, '2020-10-05 06:56:19', '2020-10-05 06:56:19', NULL),
	(33, 143422.62, 124, 96, '2020-10-05 06:56:19', '2020-10-05 06:56:19', NULL),
	(138, 306982.38, 172, 96, '2020-10-05 06:56:19', '2020-10-05 06:56:19', NULL),
	(113, 433550.49, 203, 96, '2020-10-05 06:56:19', '2020-10-05 06:56:19', NULL),
	(15, 52659.00, 234, 96, '2020-10-05 06:56:19', '2020-10-05 06:56:19', NULL),
	(138, 422920.32, 250, 96, '2020-10-05 06:56:19', '2020-10-05 06:56:19', NULL),
	(35, 34092.10, 33, 97, '2020-10-05 06:56:19', '2020-10-05 06:56:19', NULL),
	(44, 35005.08, 50, 97, '2020-10-05 06:56:19', '2020-10-05 06:56:19', NULL),
	(151, 134161.99, 63, 97, '2020-10-05 06:56:19', '2020-10-05 06:56:19', NULL),
	(41, 36962.32, 155, 97, '2020-10-05 06:56:19', '2020-10-05 06:56:19', NULL),
	(6, 18260.46, 156, 97, '2020-10-05 06:56:19', '2020-10-05 06:56:19', NULL),
	(84, 102896.64, 162, 97, '2020-10-05 06:56:19', '2020-10-05 06:56:19', NULL),
	(85, 42522.10, 228, 97, '2020-10-05 06:56:19', '2020-10-05 06:56:19', NULL),
	(11, 56317.58, 236, 97, '2020-10-05 06:56:19', '2020-10-05 06:56:19', NULL),
	(20, 79588.80, 244, 97, '2020-10-05 06:56:19', '2020-10-05 06:56:19', NULL),
	(72, 280518.48, 281, 97, '2020-10-05 06:56:19', '2020-10-05 06:56:19', NULL),
	(22, 16291.88, 13, 98, '2020-10-05 06:56:19', '2020-10-05 06:56:19', NULL),
	(163, 956824.67, 18, 98, '2020-10-05 06:56:19', '2020-10-05 06:56:19', NULL),
	(16, 122470.08, 72, 99, '2020-10-05 06:56:19', '2020-10-05 06:56:19', NULL),
	(57, 566121.15, 248, 99, '2020-10-05 06:56:19', '2020-10-05 06:56:19', NULL),
	(141, 79704.48, 10, 100, '2020-10-05 06:56:19', '2020-10-05 06:56:19', NULL),
	(56, 428645.28, 72, 100, '2020-10-05 06:56:19', '2020-10-05 06:56:19', NULL),
	(43, 265322.47, 192, 100, '2020-10-05 06:56:19', '2020-10-05 06:56:19', NULL),
	(44, 415732.24, 275, 100, '2020-10-05 06:56:19', '2020-10-05 06:56:19', NULL);
/*!40000 ALTER TABLE `producto_venta` ENABLE KEYS */;

-- Volcando estructura para tabla rumbabar.proveedores
CREATE TABLE IF NOT EXISTS `proveedores` (
  `ProveedorId` bigint(20) unsigned NOT NULL AUTO_INCREMENT,
  `ProveedorNombre` varchar(255) COLLATE utf8mb4_unicode_ci NOT NULL,
  `ProveedorNit` varchar(255) COLLATE utf8mb4_unicode_ci NOT NULL,
  `created_at` timestamp NULL DEFAULT NULL,
  `updated_at` timestamp NULL DEFAULT NULL,
  `deleted_at` timestamp NULL DEFAULT NULL,
  PRIMARY KEY (`ProveedorId`)
) ENGINE=InnoDB AUTO_INCREMENT=51 DEFAULT CHARSET=utf8mb4 COLLATE=utf8mb4_unicode_ci;

-- Volcando datos para la tabla rumbabar.proveedores: ~50 rows (aproximadamente)
DELETE FROM `proveedores`;
/*!40000 ALTER TABLE `proveedores` DISABLE KEYS */;
INSERT INTO `proveedores` (`ProveedorId`, `ProveedorNombre`, `ProveedorNit`, `created_at`, `updated_at`, `deleted_at`) VALUES
	(1, 'Herrera y Duarte SRL', '755.630.563-5', NULL, NULL, NULL),
	(2, 'Viajes Avilés', '055.472.748-1', NULL, NULL, NULL),
	(3, 'Macías, Rojo y Ruvalcaba SRL', '204.652.708-1', NULL, NULL, NULL),
	(4, 'Rosales-Valdez', '155.625.935-3', NULL, NULL, NULL),
	(5, 'Cortés-Godoy', '455.032.021-4', NULL, NULL, NULL),
	(6, 'Asociación Riojas', '809.204.236-8', NULL, NULL, NULL),
	(7, 'Corporación Córdoba e Hijos', '865.016.636-5', NULL, NULL, NULL),
	(8, 'Alva de Arredondo S. de H.', '086.993.298-7', NULL, NULL, NULL),
	(9, 'Asociación Bernal y Flia.', '774.461.966-3', NULL, NULL, NULL),
	(10, 'Verduzco y Ulloa y Flia.', '660.281.761-3', NULL, NULL, NULL),
	(11, 'Global Esparza e Hijo', '750.455.119-7', NULL, NULL, NULL),
	(12, 'Loera y Rojas', '542.536.983-7', NULL, NULL, NULL),
	(13, 'Atencio, Delvalle y Pozo e Hijo', '751.809.912-5', NULL, NULL, NULL),
	(14, 'Air Garrido-Saavedra', '506.068.162-6', NULL, NULL, NULL),
	(15, 'Medina, Cordero y Candelaria S. de H.', '662.810.344-5', NULL, NULL, NULL),
	(16, 'Air Ureña-Patiño', '276.578.712-2', NULL, NULL, NULL),
	(17, 'Rendón-Valladares SRL', '372.446.739-2', NULL, NULL, NULL),
	(18, 'Armendáriz-Báez', '709.083.058-2', NULL, NULL, NULL),
	(19, 'Escribano y Treviño e Hijos', '020.832.303-7', NULL, NULL, NULL),
	(20, 'Castellanos-Valentín e Hija', '002.289.717-6', NULL, NULL, NULL),
	(21, 'Romo-Moreno e Hijo', '847.061.458-1', NULL, NULL, NULL),
	(22, 'Saucedo-Sánchez', '665.554.621-5', NULL, NULL, NULL),
	(23, 'Alejandro-Ramos', '673.241.971-0', NULL, NULL, NULL),
	(24, 'Viajes Marcos-Aparicio', '605.035.080-6', NULL, NULL, NULL),
	(25, 'Peláez de Holguín y Asoc.', '909.581.327-3', NULL, NULL, NULL),
	(26, 'Casanova y Limón', '203.793.717-9', NULL, NULL, NULL),
	(27, 'Centro Tejada-Valdés', '591.204.062-6', NULL, NULL, NULL),
	(28, 'Canales-Velásquez', '659.295.618-0', NULL, NULL, NULL),
	(29, 'Torres-García', '409.667.239-3', NULL, NULL, NULL),
	(30, 'Air Solano e Hijos', '161.806.431-0', NULL, NULL, NULL),
	(31, 'Santana, Delrío y Hurtado S. de H.', '579.757.232-8', NULL, NULL, NULL),
	(32, 'Asociación Salazar-Verdugo', '687.428.735-9', NULL, NULL, NULL),
	(33, 'Barrios-Rodríguez y Flia.', '370.508.216-8', NULL, NULL, NULL),
	(34, 'Corporación Serrano', '063.381.711-8', NULL, NULL, NULL),
	(35, 'Hernando y Soto e Hija', '059.842.170-1', NULL, NULL, NULL),
	(36, 'Escudero-Osorio SRL', '617.004.284-7', NULL, NULL, NULL),
	(37, 'Vaca de Arevalo', '274.668.127-7', NULL, NULL, NULL),
	(38, 'Escobar-Aguirre S. de H.', '579.725.645-1', NULL, NULL, NULL),
	(39, 'Global Muro', '647.993.868-3', NULL, NULL, NULL),
	(40, 'Perales-Carreón SRL', '360.031.222-6', NULL, NULL, NULL),
	(41, 'Centro Razo', '745.774.440-8', NULL, NULL, NULL),
	(42, 'Global Lemus', '205.446.400-6', NULL, NULL, NULL),
	(43, 'Blasco de Aranda', '154.858.822-8', NULL, NULL, NULL),
	(44, 'Perales de Delgado SRL', '626.169.089-2', NULL, NULL, NULL),
	(45, 'Centro Téllez', '331.423.009-7', NULL, NULL, NULL),
	(46, 'Becerra y Roque y Asoc.', '608.529.177-5', NULL, NULL, NULL),
	(47, 'Viajes Alicea-Lázaro', '385.944.685-6', NULL, NULL, NULL),
	(48, 'Centro Rosa-Apodaca', '859.555.118-9', NULL, NULL, NULL),
	(49, 'Oliver y Valle SRL', '915.619.627-1', NULL, NULL, NULL),
	(50, 'Borrego de Limón y Asoc.', '854.815.572-0', NULL, NULL, NULL);
/*!40000 ALTER TABLE `proveedores` ENABLE KEYS */;

-- Volcando estructura para tabla rumbabar.roles
CREATE TABLE IF NOT EXISTS `roles` (
  `RolId` bigint(20) unsigned NOT NULL AUTO_INCREMENT,
  `RolNombre` varchar(255) COLLATE utf8mb4_unicode_ci NOT NULL,
  `created_at` timestamp NULL DEFAULT NULL,
  `updated_at` timestamp NULL DEFAULT NULL,
  `deleted_at` timestamp NULL DEFAULT NULL,
  PRIMARY KEY (`RolId`)
) ENGINE=InnoDB AUTO_INCREMENT=5 DEFAULT CHARSET=utf8mb4 COLLATE=utf8mb4_unicode_ci;

-- Volcando datos para la tabla rumbabar.roles: ~4 rows (aproximadamente)
DELETE FROM `roles`;
/*!40000 ALTER TABLE `roles` DISABLE KEYS */;
INSERT INTO `roles` (`RolId`, `RolNombre`, `created_at`, `updated_at`, `deleted_at`) VALUES
	(1, 'Programador', NULL, NULL, NULL),
	(2, 'Administrador', NULL, NULL, NULL),
	(3, 'Usuario', NULL, NULL, NULL),
	(4, 'Suplente', NULL, NULL, NULL);
/*!40000 ALTER TABLE `roles` ENABLE KEYS */;

-- Volcando estructura para tabla rumbabar.usuarios
CREATE TABLE IF NOT EXISTS `usuarios` (
  `UsuarioId` bigint(20) unsigned NOT NULL AUTO_INCREMENT,
  `UsuarioName` varchar(255) COLLATE utf8mb4_unicode_ci NOT NULL,
  `UsuarioEmail` varchar(255) COLLATE utf8mb4_unicode_ci NOT NULL,
  `email_verified_at` timestamp NULL DEFAULT NULL,
  `UsuarioPassword` varchar(255) COLLATE utf8mb4_unicode_ci NOT NULL,
  `fk_rol` bigint(20) unsigned NOT NULL,
  `remember_token` varchar(100) COLLATE utf8mb4_unicode_ci DEFAULT NULL,
  `created_at` timestamp NULL DEFAULT NULL,
  `updated_at` timestamp NULL DEFAULT NULL,
  `deleted_at` timestamp NULL DEFAULT NULL,
  PRIMARY KEY (`UsuarioId`),
  UNIQUE KEY `usuarios_usuarioemail_unique` (`UsuarioEmail`),
  KEY `usuarios_fk_rol_foreign` (`fk_rol`),
  CONSTRAINT `usuarios_fk_rol_foreign` FOREIGN KEY (`fk_rol`) REFERENCES `roles` (`RolId`)
) ENGINE=InnoDB AUTO_INCREMENT=6 DEFAULT CHARSET=utf8mb4 COLLATE=utf8mb4_unicode_ci;

-- Volcando datos para la tabla rumbabar.usuarios: ~5 rows (aproximadamente)
DELETE FROM `usuarios`;
/*!40000 ALTER TABLE `usuarios` DISABLE KEYS */;
INSERT INTO `usuarios` (`UsuarioId`, `UsuarioName`, `UsuarioEmail`, `email_verified_at`, `UsuarioPassword`, `fk_rol`, `remember_token`, `created_at`, `updated_at`, `deleted_at`) VALUES
	(1, 'qprado', 'qprado@gmail.com', NULL, '$2y$10$92IXUNpkjO0rOQ5byMi.Ye4oKoEa3Ro9llC/.og/at2.uheWG/igi', 1, NULL, NULL, NULL, NULL),
	(2, 'covarrubias.patricia', 'covarrubias.patricia@latinmail.com', NULL, '$2y$10$92IXUNpkjO0rOQ5byMi.Ye4oKoEa3Ro9llC/.og/at2.uheWG/igi', 2, NULL, NULL, NULL, NULL),
	(3, 'encarnacion.exposito', 'encarnacion.exposito@yahoo.es', NULL, '$2y$10$92IXUNpkjO0rOQ5byMi.Ye4oKoEa3Ro9llC/.og/at2.uheWG/igi', 4, NULL, NULL, NULL, NULL),
	(4, 'delacruz.alex', 'delacruz.alex@yahoo.com', NULL, '$2y$10$92IXUNpkjO0rOQ5byMi.Ye4oKoEa3Ro9llC/.og/at2.uheWG/igi', 2, NULL, NULL, NULL, NULL),
	(5, 'pina.juanjose', 'pina.juanjose@hotmail.com', NULL, '$2y$10$92IXUNpkjO0rOQ5byMi.Ye4oKoEa3Ro9llC/.og/at2.uheWG/igi', 4, NULL, NULL, NULL, NULL);
/*!40000 ALTER TABLE `usuarios` ENABLE KEYS */;

-- Volcando estructura para tabla rumbabar.ventas
CREATE TABLE IF NOT EXISTS `ventas` (
  `VentaId` bigint(20) unsigned NOT NULL AUTO_INCREMENT,
  `VentaSaldo` double(10,2) NOT NULL,
  `VentaTotal` double(10,2) NOT NULL,
  `fk_user` bigint(20) unsigned NOT NULL,
  `fk_mesa` bigint(20) unsigned NOT NULL,
  `fk_cliente` bigint(20) unsigned NOT NULL,
  `created_at` timestamp NULL DEFAULT NULL,
  `updated_at` timestamp NULL DEFAULT NULL,
  `deleted_at` timestamp NULL DEFAULT NULL,
  PRIMARY KEY (`VentaId`),
  KEY `ventas_fk_user_foreign` (`fk_user`),
  KEY `ventas_fk_mesa_foreign` (`fk_mesa`),
  KEY `ventas_fk_cliente_foreign` (`fk_cliente`),
  CONSTRAINT `ventas_fk_cliente_foreign` FOREIGN KEY (`fk_cliente`) REFERENCES `clientes` (`ClienteId`),
  CONSTRAINT `ventas_fk_mesa_foreign` FOREIGN KEY (`fk_mesa`) REFERENCES `mesas` (`MesaId`),
  CONSTRAINT `ventas_fk_user_foreign` FOREIGN KEY (`fk_user`) REFERENCES `usuarios` (`UsuarioId`)
) ENGINE=InnoDB AUTO_INCREMENT=101 DEFAULT CHARSET=utf8mb4 COLLATE=utf8mb4_unicode_ci;

-- Volcando datos para la tabla rumbabar.ventas: ~100 rows (aproximadamente)
DELETE FROM `ventas`;
/*!40000 ALTER TABLE `ventas` DISABLE KEYS */;
INSERT INTO `ventas` (`VentaId`, `VentaSaldo`, `VentaTotal`, `fk_user`, `fk_mesa`, `fk_cliente`, `created_at`, `updated_at`, `deleted_at`) VALUES
	(1, 15578.33, 93470.00, 1, 14, 59, NULL, NULL, NULL),
	(2, 9356.57, 65496.00, 5, 11, 50, NULL, NULL, NULL),
	(3, 9204.80, 46024.00, 2, 9, 61, NULL, NULL, NULL),
	(4, 7646.25, 61170.00, 5, 5, 29, NULL, NULL, NULL),
	(5, 30765.67, 92297.00, 3, 12, 47, NULL, NULL, NULL),
	(6, 67898.00, 67898.00, 1, 14, 93, NULL, NULL, NULL),
	(7, 3527.00, 17635.00, 5, 2, 86, NULL, NULL, NULL),
	(8, 564.80, 5648.00, 4, 7, 87, NULL, NULL, NULL),
	(9, 6022.67, 36136.00, 5, 10, 77, NULL, NULL, NULL),
	(10, 409.00, 2045.00, 5, 8, 20, NULL, NULL, NULL),
	(11, 5554.43, 38881.00, 5, 3, 24, NULL, NULL, NULL),
	(12, 6301.44, 56713.00, 5, 6, 29, NULL, NULL, NULL),
	(13, 69895.00, 69895.00, 4, 3, 29, NULL, NULL, NULL),
	(14, 374.14, 2619.00, 3, 10, 71, NULL, NULL, NULL),
	(15, 6694.25, 53554.00, 2, 10, 19, NULL, NULL, NULL),
	(16, 274.78, 2473.00, 1, 10, 51, NULL, NULL, NULL),
	(17, 30020.00, 30020.00, 1, 12, 92, NULL, NULL, NULL),
	(18, 6614.80, 66148.00, 5, 6, 43, NULL, NULL, NULL),
	(19, 33917.00, 67834.00, 3, 1, 51, NULL, NULL, NULL),
	(20, 3887.60, 38876.00, 1, 12, 96, NULL, NULL, NULL),
	(21, 6286.25, 25145.00, 5, 2, 60, NULL, NULL, NULL),
	(22, 12236.67, 73420.00, 1, 12, 39, NULL, NULL, NULL),
	(23, 5853.30, 58533.00, 2, 4, 81, NULL, NULL, NULL),
	(24, 2338.25, 18706.00, 4, 7, 77, NULL, NULL, NULL),
	(25, 31339.33, 94018.00, 2, 10, 52, NULL, NULL, NULL),
	(26, 23476.00, 93904.00, 1, 13, 26, NULL, NULL, NULL),
	(27, 39647.00, 39647.00, 5, 13, 16, NULL, NULL, NULL),
	(28, 5269.67, 31618.00, 5, 11, 96, NULL, NULL, NULL),
	(29, 33120.33, 99361.00, 2, 7, 99, NULL, NULL, NULL),
	(30, 9494.38, 75955.00, 3, 1, 66, NULL, NULL, NULL),
	(31, 4206.38, 33651.00, 4, 10, 2, NULL, NULL, NULL),
	(32, 18027.25, 72109.00, 1, 12, 5, NULL, NULL, NULL),
	(33, 14037.20, 70186.00, 3, 6, 57, NULL, NULL, NULL),
	(34, 90224.00, 90224.00, 4, 3, 33, NULL, NULL, NULL),
	(35, 327.00, 2616.00, 1, 4, 57, NULL, NULL, NULL),
	(36, 16216.00, 16216.00, 3, 2, 46, NULL, NULL, NULL),
	(37, 78410.00, 78410.00, 1, 11, 74, NULL, NULL, NULL),
	(38, 9411.86, 65883.00, 1, 7, 10, NULL, NULL, NULL),
	(39, 4458.75, 35670.00, 3, 2, 77, NULL, NULL, NULL),
	(40, 20522.50, 41045.00, 3, 13, 52, NULL, NULL, NULL),
	(41, 7953.00, 15906.00, 4, 11, 41, NULL, NULL, NULL),
	(42, 2239.33, 13436.00, 2, 12, 6, NULL, NULL, NULL),
	(43, 14018.50, 56074.00, 1, 5, 25, NULL, NULL, NULL),
	(44, 4472.10, 44721.00, 4, 7, 22, NULL, NULL, NULL),
	(45, 16286.33, 97718.00, 2, 11, 52, NULL, NULL, NULL),
	(46, 68447.00, 68447.00, 4, 7, 26, NULL, NULL, NULL),
	(47, 21330.00, 63990.00, 3, 7, 13, NULL, NULL, NULL),
	(48, 1553.00, 4659.00, 1, 1, 10, NULL, NULL, NULL),
	(49, 18477.20, 92386.00, 3, 7, 36, NULL, NULL, NULL),
	(50, 10246.80, 51234.00, 1, 10, 67, NULL, NULL, NULL),
	(51, 2379.44, 21415.00, 1, 8, 65, NULL, NULL, NULL),
	(52, 2874.00, 28740.00, 3, 11, 52, NULL, NULL, NULL),
	(53, 9305.29, 65137.00, 2, 3, 79, NULL, NULL, NULL),
	(54, 7148.75, 28595.00, 3, 4, 16, NULL, NULL, NULL),
	(55, 10312.00, 72184.00, 5, 14, 26, NULL, NULL, NULL),
	(56, 2846.43, 19925.00, 5, 3, 43, NULL, NULL, NULL),
	(57, 15144.00, 75720.00, 1, 6, 13, NULL, NULL, NULL),
	(58, 14403.00, 14403.00, 3, 14, 65, NULL, NULL, NULL),
	(59, 29535.00, 88605.00, 1, 7, 51, NULL, NULL, NULL),
	(60, 22607.50, 45215.00, 2, 7, 37, NULL, NULL, NULL),
	(61, 2696.75, 10787.00, 1, 4, 59, NULL, NULL, NULL),
	(62, 19087.00, 38174.00, 5, 4, 10, NULL, NULL, NULL),
	(63, 15032.25, 60129.00, 2, 8, 42, NULL, NULL, NULL),
	(64, 41438.50, 82877.00, 4, 8, 5, NULL, NULL, NULL),
	(65, 7257.43, 50802.00, 3, 13, 71, NULL, NULL, NULL),
	(66, 9264.67, 27794.00, 2, 10, 34, NULL, NULL, NULL),
	(67, 32814.00, 32814.00, 4, 9, 85, NULL, NULL, NULL),
	(68, 7114.50, 28458.00, 1, 15, 86, NULL, NULL, NULL),
	(69, 162.17, 973.00, 5, 8, 76, NULL, NULL, NULL),
	(70, 5780.50, 11561.00, 3, 5, 45, NULL, NULL, NULL),
	(71, 11566.14, 80963.00, 2, 6, 30, NULL, NULL, NULL),
	(72, 11281.33, 67688.00, 2, 1, 37, NULL, NULL, NULL),
	(73, 8179.75, 32719.00, 4, 6, 76, NULL, NULL, NULL),
	(74, 22085.50, 44171.00, 5, 7, 81, NULL, NULL, NULL),
	(75, 7121.90, 71219.00, 1, 11, 15, NULL, NULL, NULL),
	(76, 9211.80, 92118.00, 5, 5, 29, NULL, NULL, NULL),
	(77, 8997.00, 71976.00, 1, 12, 96, NULL, NULL, NULL),
	(78, 8540.89, 76868.00, 3, 6, 84, NULL, NULL, NULL),
	(79, 32560.00, 32560.00, 1, 5, 60, NULL, NULL, NULL),
	(80, 22589.75, 90359.00, 1, 12, 28, NULL, NULL, NULL),
	(81, 4997.00, 14991.00, 5, 1, 66, NULL, NULL, NULL),
	(82, 544.25, 4354.00, 2, 14, 48, NULL, NULL, NULL),
	(83, 7740.70, 77407.00, 3, 1, 7, NULL, NULL, NULL),
	(84, 9344.00, 84096.00, 2, 4, 64, NULL, NULL, NULL),
	(85, 2077.89, 18701.00, 5, 2, 83, NULL, NULL, NULL),
	(86, 5083.50, 20334.00, 1, 5, 21, NULL, NULL, NULL),
	(87, 6287.40, 62874.00, 4, 13, 43, NULL, NULL, NULL),
	(88, 6860.17, 41161.00, 4, 14, 94, NULL, NULL, NULL),
	(89, 5555.12, 44441.00, 3, 5, 20, NULL, NULL, NULL),
	(90, 6550.50, 52404.00, 3, 13, 12, NULL, NULL, NULL),
	(91, 3026.67, 9080.00, 2, 8, 40, NULL, NULL, NULL),
	(92, 7706.00, 23118.00, 4, 8, 80, NULL, NULL, NULL),
	(93, 14.00, 84.00, 5, 15, 53, NULL, NULL, NULL),
	(94, 10804.00, 54020.00, 2, 11, 71, NULL, NULL, NULL),
	(95, 17531.50, 35063.00, 5, 1, 100, NULL, NULL, NULL),
	(96, 7169.62, 57357.00, 2, 8, 39, NULL, NULL, NULL),
	(97, 12582.75, 50331.00, 3, 14, 12, NULL, NULL, NULL),
	(98, 5903.50, 47228.00, 3, 15, 55, NULL, NULL, NULL),
	(99, 17831.00, 71324.00, 4, 14, 1, NULL, NULL, NULL),
	(100, 2193.00, 2193.00, 1, 1, 96, NULL, NULL, NULL);
/*!40000 ALTER TABLE `ventas` ENABLE KEYS */;

/*!40101 SET SQL_MODE=IFNULL(@OLD_SQL_MODE, '') */;
/*!40014 SET FOREIGN_KEY_CHECKS=IF(@OLD_FOREIGN_KEY_CHECKS IS NULL, 1, @OLD_FOREIGN_KEY_CHECKS) */;
/*!40101 SET CHARACTER_SET_CLIENT=@OLD_CHARACTER_SET_CLIENT */;
